country_name,country_code,year,stunting_pct,gdp_per_capita,undernourishment_pct,water_access_pct,female_edu_pct,political_stability
Aruba,ABW,2000,,28104.8954362859,,,91.7377166748047,
Africa Eastern and Southern,AFE,2000,45.9516009652045,1205.98105360593,,18.7462378530118,25.5485401153564,
Afghanistan,AFG,2000,55.5,308.318269746638,,11.4830526030791,,-2.8505004
Africa Western and Central,AFW,2000,39.2115609361336,1188.0373057001,,16.5612561668694,18.7828693389893,
Angola,AGO,2000,47.5,2172.46326720494,,,12.1040000915527,-2.4455505
Albania,ALB,2000,29.9,1991.91435867116,,49.1383199670447,,-1.2463975
Andorra,AND,2000,,34113.8334027285,,90.63999794705,,1.2490265
Arab World,ARB,2000,28.7027409250237,4910.08259157072,,,56.1960716247559,
United Arab Emirates,ARE,2000,,56939.2701807931,,98.1926901130339,,0.9921535
Argentina,ARG,2000,9.3,10631.6503639029,,,99.8094177246094,-0.0569482
Armenia,ARM,2000,17.1,1229.21510436102,,82.6559565910346,88.5902481079102,-0.8270133
American Samoa,ASM,2000,,,,81.9092156400375,,
Antigua and Barbuda,ATG,2000,,15961.0918359058,,,78.4783935546875,0.7054045
Australia,AUS,2000,0.9,45979.0765654048,,,,1.4286336
Austria,AUT,2000,,38571.0858780001,,96.8725407699709,,1.0727113
Azerbaijan,AZE,2000,24.3,1504.73106706035,,48.8163789077959,,-0.9438213
Burundi,BDI,2000,63.0,264.154407180223,,,,-2.50680379999999
Belgium,BEL,2000,4.0,35878.3153586195,,99.7539334647375,,1.1723761
Benin,BEN,2000,34.8,861.213292013209,,14.2088560346699,12.5444002151489,0.6165498
Burkina Faso,BFA,2000,40.4,428.309796566198,,,7.76679992675781,0.0927698
Bangladesh,BGD,2000,54.9,620.560472822105,,55.3086603889198,47.110969543457,-0.812562999999999
Bulgaria,BGR,2000,8.7,3717.92889906166,,89.5960945548963,,0.4296798
Bahrain,BHR,2000,10.8,25407.9694054552,,98.6952615840336,99.2775497436523,0.1246273
"Bahamas, The",BHS,2000,,32424.7271786716,,,,1.0532862
Bosnia and Herzegovina,BIH,2000,12.5,2567.34136989735,,87.4702696462547,,-0.757448599999999
Belarus,BLR,2000,5.4,2615.36376799462,,81.9372416838492,,0.2638464
Belize,BLZ,2000,23.8,5663.64632374973,,,69.6441192626953,0.0971477999999999
Bermuda,BMU,2000,,109502.763102809,,,,0.7054045
Bolivia,BOL,2000,33.0,2014.19024658446,,,70.1280364990234,-0.3559096
Brazil,BRA,2000,9.9,6817.78345634413,,75.7844900976305,,0.3964531
Barbados,BRB,2000,8.1,21523.3992235883,,,108.796867370605,0.8841689
Brunei Darussalam,BRN,2000,21.1,37509.5983847742,,,87.9611587524414,1.352238
Bhutan,BTN,2000,44.8,1259.6237645235,,28.4402757427527,27.6800708770752,0.4028657
Botswana,BWA,2000,30.3,5062.64289173588,,59.1969933282748,77.4799728393555,1.1550115
Central African Republic,CAF,2000,43.2,437.168928414826,,8.53086461225762,,-1.7988239
Canada,CAN,2000,,37906.8601321366,,99.0407431516783,103.028327941895,1.2454208
Central Europe and the Baltics,CEB,2000,6.46242716026264,7450.86082262,,,92.1599731445312,
Switzerland,CHE,2000,,73749.9389517966,,96.7000027210099,91.4543914794922,1.5863519
Channel Islands,CHI,2000,,,,,,
Chile,CHL,2000,2.9,8465.35303258864,,91.4752558018568,87.8805084228516,0.5944803
China,CHN,2000,20.0,2237.44298500334,,,,-0.2665282
Cote d'Ivoire,CIV,2000,32.4,1717.95385651231,,25.3536971285304,,-1.2897456
Cameroon,CMR,2000,37.4,1151.27689302947,,,,-0.5362139
"Congo, Dem. Rep.",COD,2000,46.0,339.52682222392,,12.2119796506951,,-2.550118
"Congo, Rep.",COG,2000,33.6,2057.01922023551,,27.9019108842136,,-1.72284099999999
Colombia,COL,2000,17.4,4016.80951748167,,67.7308209392541,79.0934371948242,-2.1081402
Comoros,COM,2000,43.8,1150.82840106354,,,,-0.5814672
Cabo Verde,CPV,2000,15.9,2037.31720912714,,,,1.2012572
Costa Rica,CRI,2000,7.1,7726.51985682031,,76.5574235444269,,0.6698023
Caribbean small states,CSS,2000,11.5578341328402,10510.8694258103,,,84.1384582519531,
Cuba,CUB,2000,7.2,4112.26168350671,,,84.1651306152344,0.3752008
Curacao,CUW,2000,,21523.645846078,,,,
Cayman Islands,CYM,2000,,,,,92.0926513671875,0.7054045
Cyprus,CYP,2000,,22383.96484375,,96.3178376197116,,0.7090873
Czechia,CZE,2000,2.7,12543.9364342367,,94.7072072649225,,0.6071485
Germany,DEU,2000,1.1,35104.1308467844,,99.842900598076,,1.3500041
Djibouti,DJI,2000,31.8,,,,,-0.5423309
Dominica,DMA,2000,,6879.59737273918,,,109.667503356934,0.4335935
Denmark,DNK,2000,,49266.9882757886,,94.6038574433508,,1.4284228
Dominican Republic,DOM,2000,10.1,4123.10573163115,,42.0551891967046,65.4546279907227,-0.132575
Algeria,DZA,2000,22.4,3553.32420521991,,69.4931139496624,,-1.6027185
East Asia & Pacific (excluding high income),EAP,2000,27.1384360587277,2132.39099441931,,,57.4583702087402,
Early-demographic dividend,EAR,2000,42.1008828449415,2158.87337673331,,,46.7289085388184,
East Asia & Pacific,EAS,2000,25.27,5056.47338479158,,68.3988876705183,60.9457092285156,
Europe & Central Asia (excluding high income),ECA,2000,21.3420410499274,3231.4170375726,,69.8599981105415,81.79931640625,
Europe & Central Asia,ECS,2000,10.52,18477.5285403386,,86.4559301766412,94.383918762207,
Ecuador,ECU,2000,27.2,3953.39879728357,,61.5596332451054,56.5507011413574,-0.7547319
"Egypt, Arab Rep.",EGY,2000,25.9,2458.60835003016,,65.303047720147,75.2516632080078,-0.4457866
Euro area,EMU,2000,,30853.1385054093,,,103.415893554688,
Eritrea,ERI,2000,43.4,845.132430060544,,,37.1347503662109,-1.7330086
Spain,ESP,2000,,24106.8818529374,,99.3596106186302,,0.3156821
Estonia,EST,2000,2.1,10006.7696280939,,91.7274540437952,,0.9095174
Ethiopia,ETH,2000,56.9,247.505413659694,,5.35649608202387,11.7815504074097,-1.3044886
European Union,EUU,2000,,26365.7986774651,,,101.815292358398,
Fragile and conflict affected situations,FCS,2000,42.8615189498376,1295.212123623,,,28.9145698547363,
Finland,FIN,2000,2.2,37872.6020343504,,94.3756999998633,,1.6611776
Fiji,FJI,2000,6.0,3960.8890315,,39.2330499125542,77.9657592773438,0.2537645
France,FRA,2000,,33255.1379642335,,97.3558751348041,,0.8231818
Faroe Islands,FRO,2000,,,,,,
"Micronesia, Fed. Sts.",FSM,2000,,2724.42245620978,,,,
Gabon,GAB,2000,25.5,7596.09970650519,,,,0.3575739
United Kingdom,GBR,2000,3.6,39297.1366317267,,100.0,101.946479797363,1.097531
Georgia,GEO,2000,16.2,1561.19867638847,,59.4371455146853,80.0817413330078,-1.63455019999999
Ghana,GHA,2000,32.8,1022.27520714566,,14.3616135049129,28.9962100982666,-0.4701511
Gibraltar,GIB,2000,,,,100.0,103.35765838623,
Guinea,GIN,2000,33.1,614.137235083638,,,,-2.02533439999999
"Gambia, The",GMB,2000,27.7,659.911237641141,,23.2966488856964,,0.3153329
Guinea-Bissau,GNB,2000,33.4,571.094015178625,,17.6928467629465,12.7837495803833,-0.665042199999999
Equatorial Guinea,GNQ,2000,38.3,3839.08642737128,,,13.4011402130127,-0.0046267999999999
Greece,GRC,2000,2.2,18002.9064613985,,99.3736847493075,98.8526763916016,0.8235076
Grenada,GRD,2000,,6677.1265230922,,78.7187250849416,,0.690345
Greenland,GRL,2000,,31623.0591501943,,,,
Guatemala,GTM,2000,53.2,3165.9323746889,,49.8441407550865,29.3731899261475,-0.9180183
Guam,GUM,2000,,,,99.4735533221536,,
Guyana,GUY,2000,14.4,3759.60789699989,,62.7370085867764,,-0.735329799999999
High income,HIC,2000,4.5,30158.070077562,,92.7423491429683,99.3023223876953,
"Hong Kong SAR, China",HKG,2000,,26933.2377453994,,98.3669535559738,,1.1557388
Honduras,HND,2000,36.4,1789.47798512637,,41.7714222795011,,-0.364466399999999
Heavily indebted poor countries (HIPC),HPC,2000,45.3078717843749,679.180241236318,,,17.4969902038574,
Croatia,HRV,2000,,8880.26980689876,,85.1082253289099,,0.3448157
Haiti,HTI,2000,30.4,1342.89490450523,,,,-1.02629329999999
Hungary,HUN,2000,,8979.73578602949,,82.8485953862976,,1.004162
IBRD only,IBD,2000,32.6456533670575,2749.80831717138,,61.4631602425068,59.1121482849121,
IDA & IBRD total,IBT,2000,36.5520260697891,2339.75101446893,,55.5338375205116,51.056640625,
IDA total,IDA,2000,44.4354364868387,899.61428305683,,33.4678082776082,27.4466495513916,
IDA blend,IDB,2000,39.2822884975528,1294.78635186488,,35.7225255027735,26.0812206268311,
Indonesia,IDN,2000,39.8,1828.10265968361,,23.513695240414,55.1257095336914,-1.90520269999999
IDA only,IDX,2000,47.2231298465774,688.770584647754,,29.0421324115772,27.9010391235352,
Isle of Man,IMN,2000,,46274.9709691403,,,,
India,IND,2000,50.0,756.704109527449,,37.6400057360068,38.9118194580078,-0.9733951
Not classified,INX,2000,,,,,,
Ireland,IRL,2000,3.7,42599.4803921319,,75.3916136200507,,1.5185589
"Iran, Islamic Rep.",IRN,2000,14.8,3885.30183360649,,90.3926795738378,71.0602569580078,-0.6213951
Iraq,IRQ,2000,28.0,4172.78025105244,,50.240937492428,27.8302001953125,-1.35891419999999
Iceland,ISL,2000,,43472.3369863945,,90.1556052382149,112.418891906738,1.5565616
Israel,ISR,2000,,29413.4894578106,,99.7612247630893,,-0.8648943
Italy,ITA,2000,,32609.66746283,,94.7683796202225,,1.0781398
Jamaica,JAM,2000,7.2,5197.39692210665,,,82.1989822387695,-0.3051137
Jordan,JOR,2000,10.8,3412.07673213708,,55.5207786853351,85.7906112670898,-0.232087899999999
Japan,JPN,2000,5.7,31430.631130325,,97.8687629260538,,1.3326572
Kazakhstan,KAZ,2000,16.1,4269.33016782791,,63.1959285278088,89.1025238037109,0.09126
Kenya,KEN,2000,38.6,1195.41296851656,,,39.7841300964355,-1.3475172
Kyrgyz Republic,KGZ,2000,28.3,718.342832397662,,46.4159917618227,80.0949630737305,-0.6299215
Cambodia,KHM,2000,50.6,598.561915252147,,17.1455984990605,12.7743301391602,-1.0009785
Kiribati,KIR,2000,20.5,1555.58190420161,,9.50397935802011,68.3258666992188,
St. Kitts and Nevis,KNA,2000,,14039.0281125333,,,106.413093566895,
"Korea, Rep.",KOR,2000,2.5,17763.1353417297,,,98.2106094360352,0.4324115
Kuwait,KWT,2000,3.7,31341.9780819419,,100.0,88.5162506103516,0.6565509
Latin America & Caribbean (excluding high income),LAC,2000,18.5149233714853,6581.31117825537,,69.2365552358334,82.2670135498047,
Lao PDR,LAO,2000,48.9,917.228038617529,,5.14267670778236,27.401819229126,-0.6018274
Lebanon,LBN,2000,18.8,5958.97836750301,,43.4333632095238,65.9806900024414,-0.647972
Liberia,LBR,2000,45.0,754.850917360951,,,28.439359664917,-1.89862319999999
Libya,LBY,2000,19.8,10853.8059516526,,,,-0.3492053
St. Lucia,LCA,2000,3.0,9198.93894352203,,,81.7228775024414,0.9579328
Latin America & Caribbean,LCN,2000,17.96,6742.02693662192,,70.1685494175443,81.7892074584961,
Least developed countries: UN classification,LDC,2000,48.7618821075037,638.394498313439,,,24.198299407959,
Low income,LIC,2000,48.05,682.327706786891,,22.276035314162,19.2532196044922,
Liechtenstein,LIE,2000,,,,100.0,,1.2490265
Sri Lanka,LKA,2000,19.8,1956.93310381072,,45.1869861975806,,-1.9678201
Lower middle income,LMC,2000,44.58,1026.7038061104,,43.8264594361976,39.2242393493652,
Low & middle income,LMY,2000,36.93,2169.24580163668,,,50.636531829834,
Lesotho,LSO,2000,42.1,725.263668707773,,8.68782833878766,32.2869987487793,-0.4889743
Late-demographic dividend,LTE,2000,19.4739660370089,3466.01310620559,,,68.7858200073242,
Lithuania,LTU,2000,2.9,6384.30865426374,,69.8279618730749,,0.6100705
Luxembourg,LUX,2000,,92527.7108705226,,99.831565376987,,1.5335472
Latvia,LVA,2000,3.3,6336.38296707987,,92.5183522345632,,0.5717085
"Macao SAR, China",MAC,2000,,31772.6302531656,,99.9749148991883,,0.4335935
St. Martin (French part),MAF,2000,,,,96.7,,
Morocco,MAR,2000,25.3,1957.14135742188,,40.6892711371886,35.1672592163086,-0.378917799999999
Monaco,MCO,2000,,120456.506337384,,100.0,162.065216064453,
Moldova,MDA,2000,12.9,1346.91567176561,,40.3735167134777,,-0.328558299999999
Madagascar,MDG,2000,56.1,465.529509827021,,7.33460242669274,,0.0538724
Maldives,MDV,2000,33.8,7037.08546104613,,,55.1308898925781,1.1350154
"Middle East, North Africa, Afghanistan & Pakistan",MEA,2000,32.32,4004.84887081865,,62.1348448052178,46.2440986633301,
Mexico,MEX,2000,20.3,9581.96970210753,,40.0145852120453,71.6285171508789,-0.0676808
Marshall Islands,MHL,2000,40.9,3040.59677355737,,,,
Middle income,MIC,2000,35.29,2277.27178754853,,,53.3627395629883,
North Macedonia,MKD,2000,8.6,3283.37934095351,,80.3754908619152,82.1956787109375,-1.0865561
Mali,MLI,2000,40.0,682.49742045713,,,11.1826200485229,-0.1842193
Malta,MLT,2000,6.6,17178.3773811056,,100.0,,1.3221725
Myanmar,MMR,2000,45.9,298.590464510138,,27.1340464363073,41.076789855957,-1.6348752
"Middle East, North Africa, Afghanistan & Pakistan (excluding high income)",MNA,2000,33.6777260045829,2321.52904553104,,61.0092724537569,,
Montenegro,MNE,2000,7.4,4391.36966049063,,,,0.0612923
Mongolia,MNG,2000,29.7,1598.31282040605,,17.7167712312616,67.8152618408203,0.6004675
Northern Mariana Islands,MNP,2000,,,,79.6435056273777,,
Mozambique,MOZ,2000,48.6,287.390630344484,,8.94746843395167,4.54680013656616,-0.2160945
Mauritania,MRT,2000,39.2,1304.64439067179,,,15.1392002105713,-0.0374667
Mauritius,MUS,2000,12.4,5744.19830169899,,,74.4722366333008,0.6733755
Malawi,MWI,2000,56.1,418.592985038462,,6.94543528290509,26.2098903656006,-0.786359199999999
Malaysia,MYS,2000,19.3,6455.61419792583,,91.8344198203271,80.8184204101562,0.0161149
North America,NAC,2000,3.12,47364.7456727428,,,95.5698165893555,
Namibia,NAM,2000,29.7,3083.59657884697,,,66.3425064086914,-0.1691489
New Caledonia,NCL,2000,,,,87.0439625056997,,
Niger,NER,2000,52.1,392.898616941042,,,4.98891019821167,-0.3813939
Nigeria,NGA,2000,41.8,1421.67987952013,,12.6118684736768,21.7487506866455,-1.6267513
Nicaragua,NIC,2000,,1458.37490084556,,,56.8607711791992,-0.3250112
Netherlands,NLD,2000,1.3,40665.338169599,,99.9973474513114,,1.6844708
Norway,NOR,2000,,67846.5968643534,,99.6780208850897,,1.5602332
Nepal,NPL,2000,55.9,547.221082273632,,26.8055431360027,28.1299896240234,-1.3925858
Nauru,NRU,2000,23.8,6079.96620774489,,18.6480624278685,50.7757415771484,
New Zealand,NZL,2000,,30853.807635459,,84.3935708730914,115.455337524414,1.4272934
OECD members,OED,2000,8.44134882536936,30592.0378269081,,,94.2024307250977,
Oman,OMN,2000,14.6,19881.7364316776,,83.8983284558413,77.7238235473633,1.0169263
Other small states,OSS,2000,30.4135390613506,8348.27646209373,,,52.5268592834473,
Pakistan,PAK,2000,40.3,1049.54229686852,,42.5792292071787,,-1.1873447
Panama,PAN,2000,18.3,6856.1491877083,,,66.3138732910156,0.103699
Peru,PER,2000,34.4,3286.27308475523,,45.0009270928098,77.7910308837891,-1.29714669999999
Philippines,PHL,2000,34.5,1793.34761146436,,41.7281476997069,,-1.44133579999999
Palau,PLW,2000,,12346.4680054398,,65.4225896592914,91.9273529052734,
Papua New Guinea,PNG,2000,37.1,1989.57882204274,,,,-0.267413
Poland,POL,2000,3.5,7401.57697647848,,,,0.47751
Pre-demographic dividend,PRE,2000,42.7776523192041,1079.42708690405,,,18.4421291351318,
Puerto Rico (US),PRI,2000,,26131.9630643584,,75.1319512677845,,0.1617825
"Korea, Dem. People's Rep.",PRK,2000,52.5,,,68.9994662780504,,0.3029578
Portugal,PRT,2000,4.8,18822.0933092937,,93.6960057186934,,1.3809911
Paraguay,PRY,2000,18.5,4074.48953320457,,49.8514492982787,65.8415679931641,-1.2346496
West Bank and Gaza,PSE,2000,9.9,2436.01207739636,,74.5546544605572,77.6240234375,-1.890909
Pacific island small states,PSS,2000,17.0065951860287,3176.39794860245,,,62.3544082641602,
Post-demographic dividend,PST,2000,4.29492797386687,34226.7039362383,,,100.875579833984,
French Polynesia,PYF,2000,,22498.8285530328,,90.448717948718,,
Qatar,QAT,2000,9.4,52234.3615212341,,96.3402204469615,,1.0665358
Romania,ROU,2000,13.5,4569.31124324524,,81.6520205626933,,-0.2809081
Russian Federation,RUS,2000,,5323.66650390625,,75.3492293080432,,-1.3108069
Rwanda,RWA,2000,48.7,333.355090143084,,,9.83563995361328,-2.0788583
South Asia,SAS,2000,50.39,758.133172484319,,41.0414002827735,40.5729293823242,
Saudi Arabia,SAU,2000,11.0,22247.8566987439,,,,0.1175781
Sudan,SDN,2000,38.3,1111.11865234375,,,,-2.48042349999999
Senegal,SEN,2000,24.6,1048.37474052363,,20.0332395862887,11.979640007019,-0.5885307
Singapore,SGP,2000,4.4,34890.0811365168,,100.0,,1.1045472
Solomon Islands,SLB,2000,31.1,1747.71796168688,,,16.835599899292,-0.801401799999999
Sierra Leone,SLE,2000,38.7,727.240914632596,,5.16796934063687,,-2.1835343
El Salvador,SLV,2000,28.7,2964.89346881406,,,53.2483711242676,-0.0182977
San Marino,SMR,2000,,55806.9219720449,,100.0,49.2416610717773,
"Somalia, Fed. Rep.",SOM,2000,33.6,233.032393086265,,,,-2.3846883
Serbia,SRB,2000,8.8,3542.35365914848,,74.419254219306,92.3186569213867,-1.7933712
Sub-Saharan Africa (excluding high income),SSA,2000,41.5227911018947,1300.93157211291,,19.2248794188509,22.6678905487061,
South Sudan,SSD,2000,39.1,,,,,
Sub-Saharan Africa,SSF,2000,43.2,1197.83286103765,,17.856326781895,22.6744499206543,
Small states,SST,2000,24.0465147969408,8220.23901042675,,,59.5752296447754,
Sao Tome and Principe,STP,2000,30.8,959.938180991352,,25.9473001373219,,0.9031055
Suriname,SUR,2000,13.6,6128.31602380553,,51.5803962822548,,0.1772732
Slovak Republic,SVK,2000,,8997.21199594319,,92.1796466540196,,0.8799863
Slovenia,SVN,2000,,16146.1216848394,,91.8356262672664,,1.1189496
Sweden,SWE,2000,,41561.7747635857,,99.4017198995391,,1.4774528
Eswatini,SWZ,2000,35.7,2273.04683761056,,27.4081573156191,42.7815818786621,-0.2898214
Sint Maarten (Dutch part),SXM,2000,,,,,,
Seychelles,SYC,2000,10.5,11703.7535246117,,61.9474147959287,89.2084808349609,1.0050037
Syrian Arab Republic,SYR,2000,28.3,1248.38488334216,,,41.8427505493164,-0.4015513
Turks and Caicos Islands,TCA,2000,6.0,,,,83.0188674926758,
Chad,TCD,2000,42.2,530.600331270541,,5.52087399982617,4.86319017410278,-1.48813289999999
East Asia & Pacific (IDA & IBRD countries),TEA,2000,26.7750865944501,2157.91938010453,,,57.0315093994141,
Europe & Central Asia (IDA & IBRD countries),TEC,2000,,4430.11168037444,,74.8019596040348,87.6772766113281,
Togo,TGO,2000,31.6,679.533421599502,,10.0262177498385,19.6559391021729,-0.434510599999999
Thailand,THA,2000,16.1,3514.71662970608,,,,0.5759091
Tajikistan,TJK,2000,41.3,429.537300984643,,35.5047970165117,63.1059913635254,-1.85786229999999
Turkmenistan,TKM,2000,26.5,2255.01496788934,,68.6097783171517,,0.1474683
Latin America & the Caribbean (IDA & IBRD countries),TLA,2000,18.1106721005006,6609.80119656787,,70.9947473221211,81.6936492919922,
Timor-Leste,TLS,2000,55.0,1117.56432347244,,,,0.2388936
"Middle East, North Africa, Afghanistan & Pakistan (IDA & IBRD)",TMN,2000,33.8755349487921,2320.80541483788,,60.9164750059653,,
Tonga,TON,2000,13.7,3866.68574867282,,29.2249863485658,102.80802154541,
South Asia (IDA & IBRD),TSA,2000,50.3565648940641,758.133172484319,,41.0414002827735,40.5729293823242,
Sub-Saharan Africa (IDA & IBRD countries),TSS,2000,43.2114717945421,1197.83286103765,,17.856326781895,22.6744499206543,
Trinidad and Tobago,TTO,2000,5.3,10023.0206669207,,,,-0.052021
Tunisia,TUN,2000,12.5,2864.54703666618,,76.7637415102755,74.7923202514648,0.2330163
Turkiye,TUR,2000,17.4,6326.25746472488,,,63.1940116882324,-0.527191899999999
Tuvalu,TUV,2000,12.6,3056.55101983122,,7.68577182773907,,
Tanzania,TZA,2000,47.6,555.348083496094,,1.28395845752752,,-1.01262799999999
Uganda,UGA,2000,44.0,509.19755319016,,2.61116927210968,,-1.62262509999999
Ukraine,UKR,2000,22.6,1409.22265625,,66.3453372731475,98.193229675293,-0.4992464
Upper middle income,UMC,2000,21.71,3401.7581851933,,69.9241272764751,66.2597122192383,
Uruguay,URY,2000,16.3,11096.3309569487,,,102.627563476562,0.8244769
United States,USA,2000,3.1,48379.7551705781,,,,1.0044581
Uzbekistan,UZB,2000,29.0,1269.72137546219,,53.7674851686603,83.9072113037109,-1.20219759999999
St. Vincent and the Grenadines,VCT,2000,,5067.96739467376,,,91.9645767211914,0.9579328
"Venezuela, RB",VEN,2000,17.6,3740.0195496928,,,64.4638214111328,-0.7443814
British Virgin Islands,VGB,2000,,,,,98.7146530151367,
Virgin Islands (U.S.),VIR,2000,,,,97.3646820026095,,
Viet Nam,VNM,2000,41.1,1212.19657794381,,45.6576486828155,,0.2924713
Vanuatu,VUT,2000,24.0,2841.73909435642,,17.3668036964981,36.3795394897461,0.9027244
World,WLD,2000,33.07,7858.90796621259,,61.2482581100601,56.860279083252,
Samoa,WSM,2000,6.0,2945.37217923198,,60.1597324731382,81.926628112793,1.1101278
Kosovo,XKX,2000,,,,,,
"Yemen, Rep.",YEM,2000,55.3,2114.67265566851,,,,-1.6559503
South Africa,ZAF,2000,26.6,4700.87555500704,,63.2477289873236,78.8097229003906,-0.3188879
Zambia,ZMB,2000,52.1,804.48463418783,,,,0.0286969
Zimbabwe,ZWE,2000,33.1,1677.34896793251,,29.3952599069304,36.0074195861816,-1.3514121
Aruba,ABW,2001,,29007.7386958774,,,97.3598327636719,
Africa Eastern and Southern,AFE,2001,45.5706329193374,1216.33535706379,32.5645942453309,18.9256602922321,26.3633804321289,
Afghanistan,AFG,2001,55.2,277.118051443941,45.8,11.4952007602954,,
Africa Western and Central,AFW,2001,39.117069600673,1215.84949075792,15.7854733453816,16.9237461831991,20.19407081604,
Angola,AGO,2001,44.9,2189.17352158246,67.8,,13.2332096099853,
Albania,ALB,2001,29.9,2188.91854451375,4.8,49.0811986702513,,
Andorra,AND,2001,,36790.1209900717,,90.6399983565544,,
Arab World,ARB,2001,28.6076337044198,4892.98855329169,9.87765510822003,,57.5917701721191,
United Arab Emirates,ARE,2001,,54169.4153530236,2.5,98.1945078372932,,
Argentina,ARG,2001,9.0,10051.9448463043,3.0,,101.411613464355,
Armenia,ARM,2001,18.1,1351.12072694555,28.6,82.7264208490425,,
American Samoa,ASM,2001,,,,82.5878247232387,,
Antigua and Barbuda,ATG,2001,,15003.4389169034,,,,
Australia,AUS,2001,1.0,46314.6235297968,2.5,,,
Austria,AUT,2001,,38929.753800545,2.5,97.0252416937295,96.7734069824219,
Azerbaijan,AZE,2001,24.8,1640.93664540398,17.8,49.1779754517385,,
Burundi,BDI,2001,62.5,262.913885774384,,,,
Belgium,BEL,2001,4.0,36148.2880924306,2.5,99.753935429098,164.421981811523,
Benin,BEN,2001,34.9,879.854463773645,14.3,14.3127656218043,13.908769607544,
Burkina Faso,BFA,2001,40.6,442.914122870048,22.4,,7.95838022232056,
Bangladesh,BGD,2001,53.6,641.288922876274,15.5,55.3150210020989,50.0232887268066,
Bulgaria,BGR,2001,8.7,3937.70160937785,4.9,90.1266638649239,79.96337890625,
Bahrain,BHR,2001,10.3,25106.2869742612,,98.7294070097384,101.788238525391,
"Bahamas, The",BHS,2001,,32870.0918307285,,,,
Bosnia and Herzegovina,BIH,2001,11.8,2617.18230350812,3.6,87.5600102320569,,
Belarus,BLR,2001,5.2,2753.0336970697,2.7,82.0700672096364,,
Belize,BLZ,2001,23.9,5764.99055491104,5.7,,71.5002288818359,
Bermuda,BMU,2001,,116809.925253071,,,90.8878479003906,
Bolivia,BOL,2001,32.5,2013.84581083123,26.6,,73.2119827270508,
Brazil,BRA,2001,9.2,6823.0331851176,10.5,76.3258234013679,,
Barbados,BRB,2001,8.2,20985.2828573064,6.8,,107.765472412109,
Brunei Darussalam,BRN,2001,21.3,37269.3099216587,,,89.8383865356445,
Bhutan,BTN,2001,44.0,1321.09878230279,,28.8491194019304,31.5314197540283,
Botswana,BWA,2001,30.2,4971.96371794188,28.1,59.6028572100646,76.1001892089844,
Central African Republic,CAF,2001,43.4,446.658634192083,35.9,8.39601747017328,7.64059019088745,
Canada,CAN,2001,,38200.456120621,2.5,99.0500999985296,,
Central Europe and the Baltics,CEB,2001,6.39691377309809,7730.94875575432,3.25968886543523,,93.6195373535156,
Switzerland,CHE,2001,,74439.4637644735,2.5,96.6999998823891,92.095100402832,
Channel Islands,CHI,2001,,,,,,
Chile,CHL,2001,2.7,8632.0148244056,2.9,91.9593722411946,,
China,CHN,2001,18.6,2405.89396743215,10.0,,60.5879211425781,
Cote d'Ivoire,CIV,2001,32.5,1636.57318705218,18.9,25.8569468295015,,
Cameroon,CMR,2001,37.6,1169.92670464984,24.2,,29.9767608642578,
"Congo, Dem. Rep.",COD,2001,46.1,322.033920024307,26.8,12.2129478574935,,
"Congo, Rep.",COG,2001,33.6,2056.16505922617,26.3,28.0573512239904,,
Colombia,COL,2001,17.1,4020.50789754842,8.6,68.0447217112947,,
Comoros,COM,2001,43.7,1188.50107049357,24.7,,,
Cabo Verde,CPV,2001,15.1,2051.21733888102,16.2,,66.4298477172852,
Costa Rica,CRI,2001,6.9,7854.2339580182,4.6,76.8805236759581,,
Caribbean small states,CSS,2001,11.7928190142826,10648.8703596983,8.72488803825527,,85.4113006591797,
Cuba,CUB,2001,7.3,4229.90309433356,2.5,,86.8774185180664,
Curacao,CUW,2001,,22171.0654932071,,,,
Cayman Islands,CYM,2001,,,,,82.9303970336914,
Cyprus,CYP,2001,,23019.25,5.9,96.3177123172715,93.900146484375,
Czechia,CZE,2001,2.7,12958.4667607533,2.5,94.6986852757351,96.0028305053711,
Germany,DEU,2001,1.1,35618.5143698493,2.5,99.8429012576049,98.947509765625,
Djibouti,DJI,2001,32.1,,40.8,,,
Dominica,DMA,2001,,6897.65674086518,3.7,,110.292030334473,
Denmark,DNK,2001,,49557.1509962227,2.5,94.6038614620039,133.292358398438,
Dominican Republic,DOM,2001,9.7,4158.98430282429,19.7,42.1929683858684,,
Algeria,DZA,2001,21.6,3610.00605631983,7.3,69.9885826295034,,
East Asia & Pacific (excluding high income),EAP,2001,26.1444859520673,2259.8145439145,13.1239134704895,,59.6201210021973,
Early-demographic dividend,EAR,2001,41.7680409493872,2144.69783734624,17.2528538800164,,47.482608795166,
East Asia & Pacific,EAS,2001,24.41,5177.21850451068,12.5900326395842,68.9471112863357,62.8622512817383,
Europe & Central Asia (excluding high income),ECA,2001,20.8020975285715,3219.6524005977,10.8392780559885,70.1047462245044,85.021842956543,
Europe & Central Asia,ECS,2001,10.21,18863.273716802,4.98534975457632,86.5775219193867,95.9396591186523,
Ecuador,ECU,2001,27.2,4049.0001889951,20.0,61.9999705900147,56.9547691345215,
"Egypt, Arab Rep.",EGY,2001,25.8,2492.03441188721,4.8,65.2670336052734,77.1041793823242,
Euro area,EMU,2001,,31423.952566199,2.70144399643402,,104.726371765137,
Eritrea,ERI,2001,43.5,893.268735439193,,,38.0059700012207,
Spain,ESP,2001,,24878.3784543991,2.5,99.3603460800504,118.565773010254,
Estonia,EST,2001,2.0,10662.9455020331,3.6,92.0493031045441,98.5468215942383,
Ethiopia,ETH,2001,55.9,260.04231608135,46.1,5.50169923385074,14.0522804260254,
European Union,EUU,2001,,26899.8795099661,2.69787002703805,,103.150093078613,
Fragile and conflict affected situations,FCS,2001,42.6446381612675,1317.2785211913,23.8840009085284,,29.6567497253418,
Finland,FIN,2001,2.1,38784.1308115726,2.5,94.7099782195494,134.663055419922,
Fiji,FJI,2001,6.2,3998.79729208867,3.6,39.3319459161835,76.3341522216797,
France,FRA,2001,,33640.6738002565,2.5,97.3523571686444,104.655410766602,
Faroe Islands,FRO,2001,,,,,,
"Micronesia, Fed. Sts.",FSM,2001,,2766.08612139035,,,,
Gabon,GAB,2001,25.3,7556.76995314898,10.6,,,
United Kingdom,GBR,2001,3.5,40082.1359356822,2.5,99.9999980893085,101.883728027344,
Georgia,GEO,2001,15.9,1661.83019106421,6.6,59.4050730122261,82.9587173461914,
Ghana,GHA,2001,32.4,1035.22666053257,14.8,14.6359468537329,27.9841899871826,
Gibraltar,GIB,2001,,,,100.0,111.911758422852,
Guinea,GIN,2001,33.5,628.320554864936,18.0,,10.4426498413086,
"Gambia, The",GMB,2001,27.4,679.539755947951,16.9,24.3282660905049,,
Guinea-Bissau,GNB,2001,32.9,585.837980688333,15.6,17.9900584374909,,
Equatorial Guinea,GNQ,2001,37.1,5882.85050306586,,,,
Greece,GRC,2001,2.2,18742.4235780691,2.5,99.4160925156463,103.383697509766,
Grenada,GRD,2001,,6509.51660313374,,79.6100248763914,,
Greenland,GRL,2001,,31914.1710964481,,,,
Guatemala,GTM,2001,53.3,3166.20351297452,22.4,49.8511896259345,31.3750190734863,
Guam,GUM,2001,,,,99.4760873255075,,
Guyana,GUY,2001,14.9,3847.09461851367,5.7,62.9313951738418,95.8699264526367,
High income,HIC,2001,4.44,30481.2971869816,2.97466656910856,92.8639080953597,99.7302169799805,
"Hong Kong SAR, China",HKG,2001,,26885.4284833926,2.5,98.4529719551525,78.5087585449219,
Honduras,HND,2001,35.5,1789.18816032117,21.1,42.0114567358156,,
Heavily indebted poor countries (HIPC),HPC,2001,44.971594320446,685.314051709361,31.5242166384986,,18.5031394958496,
Croatia,HRV,2001,,9515.73569793698,10.6,85.1607599553948,95.7922592163086,
Haiti,HTI,2001,29.6,1314.11419693969,48.0,,,
Hungary,HUN,2001,,9365.95393193015,2.5,83.1110650612793,98.6913299560547,
IBRD only,IBD,2001,32.1146142735887,2816.38977629068,12.579295641673,61.8551744153282,60.1667404174805,
IDA & IBRD total,IBT,2001,36.1624257941797,2390.57985292545,15.0330470659062,55.8365987459063,52.0582008361816,
IDA total,IDA,2001,44.152321270875,913.556204734526,24.1349216344471,33.7757153884115,28.5069808959961,
IDA blend,IDB,2001,39.5011529625847,1311.16206592853,18.0048066636155,35.9587538204351,27.1374492645264,
Indonesia,IDN,2001,39.6,1868.59172307292,18.1,23.8541898112192,56.169189453125,
IDA only,IDX,2001,46.6766997220131,700.753432922257,27.7693046342191,29.2963524040961,28.9667091369629,
Isle of Man,IMN,2001,,48252.7638498277,,,,
India,IND,2001,49.6,778.507377528365,18.1,39.1028624674025,38.7999687194824,
Not classified,INX,2001,,,,,,
Ireland,IRL,2001,3.6,44151.1536032557,2.5,75.4833717359406,109.808570861816,
"Iran, Islamic Rep.",IRN,2001,13.4,3917.29935489016,4.9,90.6150744998428,70.8468475341797,
Iraq,IRQ,2001,27.8,4116.09405320279,20.1,50.7176459921127,27.4531402587891,
Iceland,ISL,2001,,44545.9822640262,2.5,90.690807896108,113.251411437988,
Israel,ISR,2001,,28808.1300136037,2.5,99.761381415014,99.0385437011719,
Italy,ITA,2001,,33243.599343976,2.5,94.9871086639703,96.097038269043,
Jamaica,JAM,2001,6.9,5234.02744397806,7.2,,82.0432891845703,
Jordan,JOR,2001,10.5,3518.76635312228,9.0,55.5370809362178,,
Japan,JPN,2001,5.9,31476.0520665746,,97.8687629260538,,
Kazakhstan,KAZ,2001,16.0,4822.52862802669,6.5,63.4503942106798,,
Kenya,KEN,2001,38.5,1202.29348759987,31.8,,40.212100982666,
Kyrgyz Republic,KGZ,2001,27.3,749.423779561565,12.9,46.4148846928915,80.1173477172852,
Cambodia,KHM,2001,49.5,632.833573980849,19.7,17.6114358269812,14.5757503509522,
Kiribati,KIR,2001,20.1,1477.951639475,4.3,9.71890132136835,81.1455535888672,
St. Kitts and Nevis,KNA,2001,,14610.9099610508,,,96.7472534179688,
"Korea, Rep.",KOR,2001,2.5,18460.4288193829,2.5,,97.9438171386719,
Kuwait,KWT,2001,3.7,30573.4284224199,2.5,100.0,90.2363891601562,
Latin America & Caribbean (excluding high income),LAC,2001,18.0017492923588,6499.33288090151,10.4363337643049,69.5229909022794,83.4100494384766,
Lao PDR,LAO,2001,48.7,954.123505414634,,6.73269304057876,29.2967090606689,
Lebanon,LBN,2001,18.1,6085.76041420146,7.4,43.669317863492,64.3623809814453,
Liberia,LBR,2001,44.1,754.422355762017,34.9,,,
Libya,LBY,2001,21.1,10467.8776146012,3.7,,,
St. Lucia,LCA,2001,3.1,8795.54582090658,,,83.2157287597656,
Latin America & Caribbean,LCN,2001,17.49,6684.07410400188,10.3635401658653,70.4507209209059,83.0510101318359,
Least developed countries: UN classification,LDC,2001,48.119043043931,653.902811861857,30.3430480565468,,25.3782005310059,
Low income,LIC,2001,47.68,691.414097939393,29.9397977324766,22.3553155980697,19.9996604919434,
Liechtenstein,LIE,2001,,,,100.0,,
Sri Lanka,LKA,2001,19.7,1896.48251734068,16.8,45.2902571061737,,
Lower middle income,LMC,2001,44.14,1050.05243424138,18.7321043276061,44.7931665693663,39.7521591186523,
Low & middle income,LMY,2001,36.51,2214.39575681474,15.2245687562105,,51.6389389038086,
Lesotho,LSO,2001,42.2,752.243212493971,,9.5900570432782,33.5986404418945,
Late-demographic dividend,LTE,2001,18.3581551365932,3619.46654540267,10.0670535103948,,70.5072784423828,
Lithuania,LTU,2001,2.8,6854.52512826671,2.5,70.1800677279691,99.2935409545898,
Luxembourg,LUX,2001,,94243.7068360989,2.5,99.8303172032187,98.185302734375,
Latvia,LVA,2001,3.2,6833.4354323157,5.2,92.4995710067988,93.5370712280273,
"Macao SAR, China",MAC,2001,,32441.6760183581,20.1,99.9749148991883,83.9162292480469,
St. Martin (French part),MAF,2001,,,,96.7,,
Morocco,MAR,2001,24.4,2078.96606445313,5.8,41.2670141731274,36.7545204162598,
Monaco,MCO,2001,,123122.12291461,,100.0,,
Moldova,MDA,2001,12.4,1432.2768928234,24.3,42.2812166987281,,
Madagascar,MDG,2001,55.8,478.40561494987,33.4,7.82371220056577,,
Maldives,MDV,2001,32.8,6647.6503820039,,,65.1399536132812,
"Middle East, North Africa, Afghanistan & Pakistan",MEA,2001,32.42,3989.70458625268,12.9019806350365,62.2878088837451,46.6951484680176,
Mexico,MEX,2001,19.7,9398.35074355724,2.8,40.1592254888986,73.8780212402344,
Marshall Islands,MHL,2001,41.0,3224.7911898754,,,,
Middle income,MIC,2001,34.84,2326.35581527473,14.3588012136551,,54.4348182678223,
North Macedonia,MKD,2001,8.6,3169.32514368931,6.7,80.3535764117232,83.0360412597656,
Mali,MLI,2001,39.5,766.960343246307,14.2,,,
Malta,MLT,2001,6.5,16920.7309706609,2.5,99.9999986778727,88.7702178955078,
Myanmar,MMR,2001,44.6,328.973872713504,38.6,28.6428319934382,39.8251609802246,
"Middle East, North Africa, Afghanistan & Pakistan (excluding high income)",MNA,2001,33.8022148906586,2335.69507943702,13.4893475540766,61.1555010600167,,
Montenegro,MNE,2001,7.6,4421.83994305167,9.4,,,
Mongolia,MNG,2001,28.6,1625.46152259484,30.1,18.7600463573532,74.9323806762695,
Northern Mariana Islands,MNP,2001,,,,79.7996347405902,,
Mozambique,MOZ,2001,48.1,317.185703581034,36.4,9.00250960949976,5.15360021591187,
Mauritania,MRT,2001,37.8,1262.65567288639,9.8,,17.7171096801758,
Mauritius,MUS,2001,12.2,5889.77138546269,5.9,,79.2426376342773,
Malawi,MWI,2001,55.9,388.260039763569,23.2,7.31511617120275,27.5069007873535,
Malaysia,MYS,2001,18.9,6334.92795651698,2.5,91.9976648544159,80.0183334350586,
North America,NAC,2001,3.02,47377.1442729396,2.5,,95.1561889648438,
Namibia,NAM,2001,29.8,3055.40444831936,15.7,,70.4965362548828,
New Caledonia,NCL,2001,,,8.1,87.0439625056997,,
Niger,NER,2001,51.9,406.923493665264,23.1,,4.9542498588562,
Nigeria,NGA,2001,41.7,1465.45720342309,8.7,12.9765151866213,23.8450603485107,
Nicaragua,NIC,2001,,1482.31517247279,25.8,,60.0477981567383,
Netherlands,NLD,2001,1.3,41297.3198832208,2.5,99.9957667277688,121.740753173828,
Norway,NOR,2001,,68899.5268987833,2.5,99.6780190446416,116.061431884766,
Nepal,NPL,2001,54.8,564.28622920391,23.7,27.0916505205811,30.6444206237793,
Nauru,NRU,2001,24.2,5690.15963796811,,18.6486915813359,45.1008605957031,
New Zealand,NZL,2001,,31718.7628389095,2.5,84.3935719474064,,
OECD members,OED,2001,8.25628901586651,30794.724507181,3.42589845059464,,95.4742736816406,
Oman,OMN,2001,14.0,20546.0554077598,16.3,83.8937506270249,79.8200912475586,
Other small states,OSS,2001,30.7145486338517,8464.54110405474,15.5056532734043,,53.4910202026367,
Pakistan,PAK,2001,41.0,1057.86767778646,20.4,42.6930514293502,,
Panama,PAN,2001,18.5,6787.86265820271,23.2,,68.7314834594727,
Peru,PER,2001,33.5,3261.6642505136,20.4,45.3885887063697,80.6675033569336,
Philippines,PHL,2001,34.3,1807.70892524758,18.5,41.8381252227249,74.767219543457,
Palau,PLW,2001,,13134.260646066,,66.3046491363531,,
Papua New Guinea,PNG,2001,38.2,1920.78003889393,26.7,,,
Poland,POL,2001,3.4,7494.96089503246,2.5,,100.486572265625,
Pre-demographic dividend,PRE,2001,42.5338680847224,1094.9717763003,25.3131436975399,,19.4840602874756,
Puerto Rico (US),PRI,2001,,27722.3671872748,,75.2459324516994,,
"Korea, Dem. People's Rep.",PRK,2001,51.1,,35.9,69.0183481608604,,
Portugal,PRT,2001,4.7,19053.089945659,2.5,93.7304144933754,111.711250305176,
Paraguay,PRY,2001,18.3,3972.88427866739,10.3,50.7157296515242,69.342658996582,
West Bank and Gaza,PSE,2001,10.3,2153.45735383203,,74.9554725054692,80.3880081176758,
Pacific island small states,PSS,2001,17.1776632730485,3163.33571644076,6.19916829859357,,62.2972602844238,
Post-demographic dividend,PST,2001,4.21493185222948,34578.9972958524,2.58853781432702,,101.341667175293,
French Polynesia,PYF,2001,,22076.5919162624,6.3,90.448717948718,,
Qatar,QAT,2001,9.2,51633.898491151,,96.3402204469615,98.1914596557617,
Romania,ROU,2001,13.4,4875.30310600635,2.5,81.6089989655473,83.997932434082,
Russian Federation,RUS,2001,,5618.95556640625,4.2,75.3481672465952,,
Rwanda,RWA,2001,48.7,358.446058691452,37.6,,10.7198896408081,
South Asia,SAS,2001,49.81,778.357238713854,17.9082402214658,42.3387305615407,40.8564796447754,
Saudi Arabia,SAU,2001,11.0,21193.0922894351,4.6,,,
Sudan,SDN,2001,38.2,1150.17626953125,,,29.0130805969238,
Senegal,SEN,2001,24.0,1067.36886550595,21.1,20.2634965726724,12.332010269165,
Singapore,SGP,2001,4.3,33597.8690808226,,100.0,,
Solomon Islands,SLB,2001,31.3,1577.65519452251,11.2,,20.6115093231201,
Sierra Leone,SLE,2001,38.8,642.036645844304,50.0,5.28325613663004,21.2856006622314,
El Salvador,SLV,2001,27.8,2978.59734844669,6.9,,55.8607711791992,
San Marino,SMR,2001,,58173.2936031775,,99.9999973894558,,
"Somalia, Fed. Rep.",SOM,2001,33.6,239.83907408804,70.0,,,
Serbia,SRB,2001,8.8,3788.98233947399,4.8,74.4454109087566,90.9246368408203,
Sub-Saharan Africa (excluding high income),SSA,2001,41.3394338883895,1319.48327204805,22.8467536727893,19.4719797329541,23.7459506988525,
South Sudan,SSD,2001,38.6,,,,,
Sub-Saharan Africa,SSF,2001,42.92,1215.36013800713,25.3184228917735,18.1091421890453,23.7513294219971,
Small states,SST,2001,24.3693686892455,8322.09933023977,12.6971849974665,,60.3716316223145,
Sao Tome and Principe,STP,2001,30.3,973.424252100436,15.5,26.3820778514698,,
Suriname,SUR,2001,13.1,6255.55274185687,11.5,51.81575294956,75.541130065918,
Slovak Republic,SVK,2001,,9277.35808851002,6.2,92.1779868590588,88.1246337890625,
Slovenia,SVN,2001,,16576.7158840406,2.5,91.8310347829656,109.847099304199,
Sweden,SWE,2001,,42014.4022302506,2.5,99.4137196282661,165.631896972656,
Eswatini,SWZ,2001,35.7,2283.98316815361,9.8,27.9009974215432,42.9482002258301,
Sint Maarten (Dutch part),SXM,2001,,,,,,
Seychelles,SYC,2001,10.3,11427.9413083015,2.5,62.0621988306006,80.8181381225586,
Syrian Arab Republic,SYR,2001,28.7,1230.87200021533,7.5,,42.4856414794922,
Turks and Caicos Islands,TCA,2001,5.9,,,,,
Chad,TCD,2001,42.2,572.806706828797,34.4,5.5543632534248,5.92101001739502,
East Asia & Pacific (IDA & IBRD countries),TEA,2001,25.7907856939947,2286.769782477,12.8236774907633,,59.2179107666016,
Europe & Central Asia (IDA & IBRD countries),TEC,2001,,4551.16276995954,7.35229601294061,74.9717587729776,89.4204711914062,
Togo,TGO,2001,31.3,667.298334712527,28.8,10.4396182696056,21.8023300170898,
Thailand,THA,2001,16.0,3599.02524877358,17.3,,63.7907905578613,
Tajikistan,TJK,2001,41.1,461.681195760256,40.0,36.6188366714682,63.6778411865234,
Turkmenistan,TKM,2001,25.9,2306.30057631688,6.0,69.6441929027924,,
Latin America & the Caribbean (IDA & IBRD countries),TLA,2001,17.6309959080271,6536.59948338308,10.5348912479061,71.2745124719211,82.9421920776367,
Timor-Leste,TLS,2001,55.4,1192.74796357529,54.9,,,
"Middle East, North Africa, Afghanistan & Pakistan (IDA & IBRD)",TMN,2001,33.9976300466275,2336.86270839232,13.4893475540766,61.0603479758632,,
Tonga,TON,2001,13.3,3901.18055446166,,29.2327955706996,99.6704864501953,
South Asia (IDA & IBRD),TSA,2001,49.8425917371058,778.357238713854,17.9082402214658,42.3387305615407,40.8564796447754,
Sub-Saharan Africa (IDA & IBRD countries),TSS,2001,42.9335537867444,1215.36013800713,25.3184228917735,18.1091421890453,23.7513294219971,
Trinidad and Tobago,TTO,2001,5.6,10395.2041042218,10.3,,,
Tunisia,TUN,2001,12.2,2941.73893592906,4.0,77.0461830113393,77.1083908081055,
Turkiye,TUR,2001,17.0,5906.92348536699,12.9,,72.3898696899414,
Tuvalu,TUV,2001,12.2,3043.15907920605,,7.70644539834632,79.1353378295898,
Tanzania,TZA,2001,47.1,573.400146484375,32.8,1.32075509800783,,
Uganda,UGA,2001,43.6,519.456547890884,21.2,3.09599441464411,,
Ukraine,UKR,2001,22.5,1547.2783203125,2.7,66.3651481018139,98.8703765869141,
Upper middle income,UMC,2001,20.92,3485.97108933991,10.400518862258,70.1720829441862,68.3133697509766,
Uruguay,URY,2001,15.8,10643.5574019273,3.6,,106.713279724121,
United States,USA,2001,3.0,48361.0167607073,2.5,,,
Uzbekistan,UZB,2001,27.3,1306.60633175114,19.0,55.1148671899941,,
St. Vincent and the Grenadines,VCT,2001,,5158.56617678847,12.9,,,
"Venezuela, RB",VEN,2001,17.4,3796.80579715312,14.1,,68.3014984130859,
British Virgin Islands,VGB,2001,,,,,98.8943481445312,
Virgin Islands (U.S.),VIR,2001,,,,97.4375513240874,,
Viet Nam,VNM,2001,39.4,1273.8052690094,19.5,46.2100062635044,,
Vanuatu,VUT,2001,24.1,2676.92934450613,9.2,17.4386682354086,32.9031410217285,
World,WLD,2001,32.72,7912.24589263937,12.8,61.4811114393704,57.7146911621094,
Samoa,WSM,2001,5.7,3137.46403765812,3.8,60.1857591338991,82.3564071655273,
Kosovo,XKX,2001,,,,,,
"Yemen, Rep.",YEM,2001,55.4,2129.77268762778,,,23.0503101348877,
South Africa,ZAF,2001,26.4,4786.482450463,3.6,63.6980733627061,78.0145492553711,
Zambia,ZMB,2001,52.0,822.020935308251,50.3,,,
Zimbabwe,ZWE,2001,33.4,1690.14666163116,32.8,29.5458519745631,38.1507797241211,
Aruba,ABW,2002,,28535.4639480222,,,98.0552368164062,
Africa Eastern and Southern,AFE,2002,45.1923513432922,1231.4445675519,31.9350357855753,19.1792732893517,26.9570503234863,
Afghanistan,AFG,2002,54.4,338.139973643387,43.5,12.2981002329931,,-2.43357069999999
Africa Western and Central,AFW,2002,38.9413875936112,1299.69542056655,15.3283226885861,17.5631907487246,20.6358604431152,
Angola,AGO,2002,42.4,2404.97792071531,63.6,,14.7315998077393,-1.8157925
Albania,ALB,2002,29.7,2297.10853513924,5.9,48.9847658038123,,-0.6545571
Andorra,AND,2002,,38084.5022003398,,90.6400007070629,85.6831817626953,1.2512043
Arab World,ARB,2002,28.5190686004903,4835.589416667,9.72744586394623,,58.7111282348633,
United Arab Emirates,ARE,2002,,52216.8753217152,2.5,98.2188255154636,,1.0774647
Argentina,ARG,2002,8.8,8861.56199282278,3.7,,100.75479888916,-0.6587134
Armenia,ARM,2002,18.9,1535.20452885187,26.9,82.8029538867035,,-0.2690225
American Samoa,ASM,2002,,13054.6364326897,,83.268784766113,,
Antigua and Barbuda,ATG,2002,,14968.0703013883,,,,0.7075823
Australia,AUS,2002,1.2,47599.4079289312,2.5,,,1.0955179
Austria,AUT,2002,,39313.7225107545,2.5,97.1779414060139,96.4945831298828,1.2527913
Azerbaijan,AZE,2002,25.1,1782.47319183639,14.4,49.5378634645588,,-0.9031405
Burundi,BDI,2002,62.1,266.968141648342,,,,-2.4576716
Belgium,BEL,2002,4.0,36600.862592332,2.5,99.7539400983151,166.829498291016,1.1338998
Benin,BEN,2002,35.0,893.137100961634,12.8,14.4318837428151,15.1186399459839,0.6190757
Burkina Faso,BFA,2002,40.8,448.128856317091,20.4,,,-0.2134057
Bangladesh,BGD,2002,52.5,655.672139362272,14.6,55.2936095914009,51.7350006103516,-1.2449478
Bulgaria,BGR,2002,8.8,4260.40477488601,5.2,90.6575778752155,83.0525436401367,0.40517
Bahrain,BHR,2002,9.8,24149.0156013799,,98.7635510369517,96.4201431274414,0.4797754
"Bahamas, The",BHS,2002,,33374.602685914,,,96.3615798950195,0.8248435
Bosnia and Herzegovina,BIH,2002,11.6,2743.13878615838,3.3,87.6492173879129,,-0.337028699999999
Belarus,BLR,2002,4.9,2910.39937484153,3.7,82.1970555268658,,0.3395866
Belize,BLZ,2002,23.9,5895.15235037898,5.4,,,0.340663
Bermuda,BMU,2002,,114574.433608566,,,90.6635818481445,0.7075823
Bolivia,BOL,2002,31.9,2029.66993638623,25.8,,78.0644607543945,-0.345507
Brazil,BRA,2002,8.6,6944.62257593723,9.1,76.8492322571614,,0.3357229
Barbados,BRB,2002,8.2,21012.5595449081,6.4,,107.324180603027,0.8856588
Brunei Darussalam,BRN,2002,21.4,37976.2627573601,,,91.2054824829102,1.0153958
Bhutan,BTN,2002,43.2,1427.25693317315,,29.2569458746036,,0.5323159
Botswana,BWA,2002,30.1,5175.47655317231,28.5,59.8290724278867,77.1014633178711,0.8510502
Central African Republic,CAF,2002,43.4,452.808702217035,36.9,8.26170334516269,,-1.9592333
Canada,CAN,2002,,38921.6673033743,2.5,99.0523002569991,,1.1691336
Central Europe and the Baltics,CEB,2002,6.29779569951519,8057.22231935461,3.1076721990499,,95.179328918457,
Switzerland,CHE,2002,,73824.3849167809,2.5,96.7000026207221,90.531982421875,1.4788464
Channel Islands,CHI,2002,,,,,,
Chile,CHL,2002,2.6,8810.69052712257,2.8,92.4166283284896,90.2218780517578,0.9746238
China,CHN,2002,17.3,2610.72960252379,9.3,,,-0.4590725
Cote d'Ivoire,CIV,2002,32.6,1551.27925902838,18.9,26.3585900409277,,-2.2833426
Cameroon,CMR,2002,37.7,1189.96707897027,22.0,,22.2719993591309,-0.8576954
"Congo, Dem. Rep.",COD,2002,46.2,321.547848190451,27.2,12.2084266944292,,-2.2607758
"Congo, Rep.",COG,2002,33.3,2100.16876714574,25.9,28.2507188436398,31.5139694213867,-1.80875639999999
Colombia,COL,2002,16.9,4058.28493578738,8.9,68.355018226019,81.1554718017578,-2.3753425
Comoros,COM,2002,43.3,1217.11501559943,20.7,,31.1893806457519,-0.163334199999999
Cabo Verde,CPV,2002,14.3,2127.70872296502,16.1,,69.4299468994141,0.8035322
Costa Rica,CRI,2002,6.8,7989.55926102157,4.8,77.1898588053626,67.3832092285156,0.9303167
Caribbean small states,CSS,2002,12.0020022558855,10985.8632347623,8.7788456582025,,86.253303527832,
Cuba,CUB,2002,7.3,4277.39565642359,2.5,,88.5356063842773,0.3966228
Curacao,CUW,2002,,22231.8792561824,,,,
Cayman Islands,CYM,2002,,,,,81.3360900878906,0.7075823
Cyprus,CYP,2002,,23604.189453125,6.4,96.3177924080775,97.9807815551758,0.3958959
Czechia,CZE,2002,2.7,13179.9878092741,2.5,94.9603929233319,96.5834121704102,0.9775056
Germany,DEU,2002,1.2,35477.5151544301,2.5,99.8429024614303,100.203979492188,1.0125434
Djibouti,DJI,2002,32.3,,39.4,,,-0.3636812
Dominica,DMA,2002,,6676.97271467957,4.1,,113.493911743164,0.4357713
Denmark,DNK,2002,,49624.5965359582,2.5,94.6038643541008,128.355743408203,1.3888443
Dominican Republic,DOM,2002,9.5,4280.80182397408,21.7,42.3283976195034,74.3092880249023,-0.1599129
Algeria,DZA,2002,20.8,3754.66081538446,6.7,70.4703556751034,,-1.73402489999999
East Asia & Pacific (excluding high income),EAP,2002,25.2774828878005,2422.47283050058,12.4366360457307,,60.7778282165527,
Early-demographic dividend,EAR,2002,41.4587224327707,2143.67588181876,17.8307311168428,,49.3242111206055,
East Asia & Pacific,EAS,2002,23.61,5362.11003612717,11.9462165174471,70.0042194358233,63.8230400085449,
Europe & Central Asia (excluding high income),ECA,2002,20.2919980431801,3410.62468197803,11.202919719417,70.4848878716357,87.0141525268555,
Europe & Central Asia,ECS,2002,9.93,19121.7872126142,4.91056274601099,86.7532329862862,96.8896865844727,
Ecuador,ECU,2002,27.3,4174.89793579965,21.8,62.4001959387655,57.5130805969238,-0.851597899999999
"Egypt, Arab Rep.",EGY,2002,25.7,2498.48121191713,5.0,65.8700676808092,,-0.6231042
Euro area,EMU,2002,,31566.1273129298,2.64510851866211,,105.037162780762,
Eritrea,ERI,2002,44.0,889.009113592982,,,36.5366516113281,-0.7069428
Spain,ESP,2002,,25205.3154769045,2.5,99.3946000573066,119.03498840332,0.2176146
Estonia,EST,2002,1.9,11474.6622721923,3.5,92.3747648867097,101.218223571777,0.8618593
Ethiopia,ETH,2002,54.9,256.066635883709,43.2,5.66309409202806,14.9959602355957,-1.50860329999999
European Union,EUU,2002,,27131.1149025351,2.65971276886915,,103.708229064941,
Fragile and conflict affected situations,FCS,2002,42.410802689131,1326.84891113816,23.0917858720396,,30.2477302551269,
Finland,FIN,2002,2.1,39343.0698997627,2.5,95.0442491883446,136.179000854492,1.6559791
Fiji,FJI,2002,6.4,4086.10434130578,3.5,39.4308387307868,78.0475387573242,0.370257
France,FRA,2002,,33753.5782979758,2.5,97.3488739914034,103.38053894043,0.8013429
Faroe Islands,FRO,2002,,,,,,
"Micronesia, Fed. Sts.",FSM,2002,,2776.29556090642,,,,
Gabon,GAB,2002,25.0,7338.75620613605,12.0,,,0.0922328999999999
United Kingdom,GBR,2002,3.5,40594.932929345,2.5,100.0,103.448120117188,0.548758
Georgia,GEO,2002,15.5,1768.5970116888,5.0,59.4845246944258,85.5044097900391,-1.6613597
Ghana,GHA,2002,31.8,1052.46591644399,13.4,15.6665117240998,29.3423309326172,-0.2418341
Gibraltar,GIB,2002,,,,100.0,,
Guinea,GIN,2002,34.0,650.554963973291,17.8,,12.3354597091675,-1.81868829999999
"Gambia, The",GMB,2002,27.2,640.03893213613,18.9,25.3788796039778,,0.4777181
Guinea-Bissau,GNB,2002,32.5,594.040535151552,16.0,18.288049453325,,-0.5779576
Equatorial Guinea,GNQ,2002,36.1,6604.00546310809,,,13.6110897064209,-0.5037416
Greece,GRC,2002,2.1,19548.3677447396,2.5,99.4612185961812,99.013557434082,0.8168243
Grenada,GRD,2002,,6707.36873532777,,80.5047783886163,117.967300415039,0.6920267
Greenland,GRL,2002,,31483.6074780094,,,,
Guatemala,GTM,2002,53.2,3213.26837369582,20.1,49.8539999485165,33.8575096130371,-0.976739799999999
Guam,GUM,2002,,29576.221681311,,99.4445456985828,,
Guyana,GUY,2002,15.5,3894.87107415198,5.7,63.1261825713431,,-0.6448598
High income,HIC,2002,4.4,30822.9440482007,2.84559670350159,93.0455908875099,99.9672012329102,
"Hong Kong SAR, China",HKG,2002,,27210.0693480769,2.5,98.5390232434892,79.802360534668,0.9969772
Honduras,HND,2002,34.5,1807.97305547292,20.4,42.2596791456563,,-0.3381027
Heavily indebted poor countries (HIPC),HPC,2002,44.6147730839858,691.889343076378,30.6443811429335,,19.3374290466309,
Croatia,HRV,2002,,10062.0396800621,7.1,85.2808149725129,95.9384307861328,0.6641828
Haiti,HTI,2002,29.0,1304.5293810385,50.1,,,-1.5748529
Hungary,HUN,2002,,9836.94065083321,2.5,83.4146365139348,99.9961776733398,1.2359002
IBRD only,IBD,2002,31.632687405773,2910.20278298267,12.683780796632,62.384505516612,62.3361206054688,
IDA & IBRD total,IBT,2002,35.8127910011409,2464.90323602782,15.030087963015,56.2355300633737,53.8102798461914,
IDA total,IDA,2002,43.8792017666224,940.32537147169,23.6221754991227,34.0715769161682,29.3062896728516,
IDA blend,IDB,2002,39.7291591022119,1360.4889922868,18.3097666834551,36.1600549405583,27.3216209411621,
Indonesia,IDN,2002,39.6,1926.37435868149,18.1,24.1928563621011,57.8687705993652,-1.84429769999999
IDA only,IDX,2002,46.1352275257058,714.992762414711,26.7760011510038,29.5546053227871,30.1225395202637,
Isle of Man,IMN,2002,,50714.5824703383,,,,
India,IND,2002,49.2,793.615912906381,19.7,40.6085464510428,41.3250694274902,-1.2778882
Not classified,INX,2002,,,,,,
Ireland,IRL,2002,3.5,45974.4881988842,2.5,75.5769482723836,111.292457580566,1.4347244
"Iran, Islamic Rep.",IRN,2002,12.1,4198.95356080727,5.2,90.8329069508609,71.3788070678711,-0.5266711
Iraq,IRQ,2002,27.6,3660.92527507177,19.5,51.1934995581064,,-1.32746149999999
Iceland,ISL,2002,,44389.5560505836,2.5,91.2260051057491,116.697853088379,1.5368353
Israel,ISR,2002,,28195.8676389139,2.5,99.7484560111451,99.633903503418,-1.17581009999999
Italy,ITA,2002,,33267.4474482048,2.5,95.2059380209067,97.0359878540039,0.826489
Jamaica,JAM,2002,6.6,5305.87658697244,6.7,,82.4636306762695,-0.4712879
Jordan,JOR,2002,10.2,3644.62434644332,7.2,55.5533704777351,84.959228515625,-0.619001399999999
Japan,JPN,2002,6.2,31416.1241772309,,97.8687629260538,,1.162444
Kazakhstan,KAZ,2002,16.0,5267.6990320263,6.6,64.9884512470359,,0.2486883
Kenya,KEN,2002,38.5,1171.4262517349,33.3,,40.7447204589844,-1.23304029999999
Kyrgyz Republic,KGZ,2002,26.3,742.44300111832,11.0,46.6904510374962,79.4984893798828,-0.8143863
Cambodia,KHM,2002,48.4,662.188341283454,17.8,18.0773670224761,17.9505195617676,-0.9341163
Kiribati,KIR,2002,19.7,1467.99259660077,4.4,9.87749063258648,85.8114471435547,
St. Kitts and Nevis,KNA,2002,,14727.3908829316,,,95.0264129638672,
"Korea, Rep.",KOR,2002,2.5,19775.3800655139,2.6,97.2303189641612,97.4044876098633,0.3886948
Kuwait,KWT,2002,3.8,30702.2162068121,2.5,100.0,,0.1909264
Latin America & Caribbean (excluding high income),LAC,2002,17.5071474629678,6434.32879860597,10.1689570508874,69.8073059971706,90.7872619628906,
Lao PDR,LAO,2002,48.5,994.492241963795,,7.96470469612063,31.9144496917725,-0.0799686
Lebanon,LBN,2002,17.4,6207.24133893746,8.1,43.9052725174603,66.052490234375,-0.473161699999999
Liberia,LBR,2002,43.1,762.716393927064,36.2,,,-1.90646809999999
Libya,LBY,2002,22.5,10170.3095776338,4.0,,114.308647155762,-0.2474046
St. Lucia,LCA,2002,3.0,8755.45939353129,,,84.7546691894531,0.2436254
Latin America & Caribbean,LCN,2002,17.05,6609.21038163943,10.1061322253008,70.7254492995936,90.0146865844727,
Least developed countries: UN classification,LDC,2002,47.4956359640619,672.408116961,29.2301011662536,,26.6117000579834,
Low income,LIC,2002,47.3,707.053589279457,29.3414613077795,22.5141008819712,20.8379898071289,
Liechtenstein,LIE,2002,,,,100.0,,1.2512043
Sri Lanka,LKA,2002,19.6,1951.22522777045,16.1,45.3930593436735,,-1.0484749
Lower middle income,LMC,2002,43.77,1076.73044918168,19.3178817212043,45.8589135733214,41.4319915771484,
Low & middle income,LMY,2002,36.14,2286.40894364045,15.273743642022,,53.3950119018555,
Lesotho,LSO,2002,42.2,760.033443180306,,10.5117632752945,34.8072319030762,-0.3393253
Late-demographic dividend,LTE,2002,17.344468806266,3812.59136967467,9.32348614617673,,72.5507507324219,
Lithuania,LTU,2002,2.7,7374.0979710116,2.5,70.5294047815653,101.328956604004,0.9288215
Luxembourg,LUX,2002,,96269.5797484275,2.5,99.8294036967031,97.9495086669922,1.5347147
Latvia,LVA,2002,3.1,7443.22944659059,3.7,92.5141204288432,95.328987121582,0.8974441
"Macao SAR, China",MAC,2002,,34967.8914561813,19.4,99.9749148991883,87.1809692382812,0.4357713
St. Martin (French part),MAF,2002,,,,96.7,,
Morocco,MAR,2002,23.4,2127.50708007813,5.4,41.8420688296254,38.5802192687988,-0.3083776
Monaco,MCO,2002,,124481.880220824,,100.0,,
Moldova,MDA,2002,12.0,1547.57421231612,26.9,44.2344954780281,,-0.082243
Madagascar,MDG,2002,55.6,406.70122213637,34.8,8.32802262627892,,-0.244406999999999
Maldives,MDV,2002,31.7,7012.25568873173,,,67.695426940918,1.0233078
"Middle East, North Africa, Afghanistan & Pakistan",MEA,2002,32.6,3980.86113304131,13.0231526028047,62.3623498083038,47.1025695800781,
Mexico,MEX,2002,19.0,9242.27886130016,3.2,40.3022276647005,76.8405380249023,-0.1388043
Marshall Islands,MHL,2002,40.5,3322.41127856101,,,79.4897689819336,
Middle income,MIC,2002,34.43,2404.29239657687,14.4333747804776,,56.3313598632812,
North Macedonia,MKD,2002,8.6,3240.11064526089,6.8,80.3316622965576,82.9886322021484,-1.2987171
Mali,MLI,2002,38.9,766.073669042446,13.3,,,0.1705088
Malta,MLT,2002,6.4,17255.4299440987,2.5,99.999996839623,90.5345077514648,1.2749051
Myanmar,MMR,2002,43.4,364.855800197477,35.8,30.1847103774528,41.0750617980957,-1.51584719999999
"Middle East, North Africa, Afghanistan & Pakistan (excluding high income)",MNA,2002,33.9705555596116,2358.79891547333,13.6302711282435,61.2234305338961,,
Montenegro,MNE,2002,7.8,4488.00716747744,9.0,,,0.7503795
Mongolia,MNG,2002,27.4,1680.65335337555,29.5,19.8283821965636,79.7449417114258,0.991888
Northern Mariana Islands,MNP,2002,,24066.5361573445,,79.9557638538028,,
Mozambique,MOZ,2002,47.7,340.13537022259,34.9,9.3682258795979,6.49581003189087,-0.1425853
Mauritania,MRT,2002,36.5,1252.10300454131,9.2,,17.8554096221924,0.0866841
Mauritius,MUS,2002,11.8,5943.48081247767,5.8,,82.4899520874023,0.9327373
Malawi,MWI,2002,55.5,385.308980237095,23.4,7.6935618820988,26.6317901611328,-0.0575040999999999
Malaysia,MYS,2002,18.6,6516.90671560155,2.8,92.1577412087654,80.0127487182617,0.3662257
North America,NAC,2002,2.94,47778.0017338011,2.5,,94.7082214355469,
Namibia,NAM,2002,29.9,3145.94566281247,16.5,,68.4618530273438,0.0532317
New Caledonia,NCL,2002,,,8.3,87.0439625056997,,
Niger,NER,2002,51.5,412.123793192578,22.2,,4.93831014633179,-0.5421073
Nigeria,NGA,2002,41.5,1644.39518877633,8.7,13.7885801493426,24.8241996765137,-2.0636563
Nicaragua,NIC,2002,,1475.48635411179,23.6,,64.3938293457031,-0.372116399999999
Netherlands,NLD,2002,1.3,41135.4190736263,2.5,99.994191313102,119.29337310791,1.033487
Norway,NOR,2002,,69472.9836807311,2.5,99.678020269393,114.660079956055,1.5224853
Nepal,NPL,2002,53.7,556.438454538796,22.0,27.3445996503812,34.2659187316895,-1.9045021
Nauru,NRU,2002,24.4,5147.16130887748,,18.6493207348033,45.6166381835938,
New Zealand,NZL,2002,,32641.8202163485,2.5,84.3935731285636,121.638671875,1.2246578
OECD members,OED,2002,8.10415652151844,31037.1528475102,3.54008946022208,,96.2150573730469,
Oman,OMN,2002,13.5,20150.1131971413,15.1,83.8891748203496,80.8610305786133,0.9604254
Other small states,OSS,2002,30.8902826396033,8609.50564808359,14.2228755453674,,54.5168190002441,
Pakistan,PAK,2002,41.8,1059.04171024589,21.0,42.8064304736478,,-1.64005539999999
Panama,PAN,2002,18.9,6825.1774775292,19.4,,70.0393371582031,0.2858212
Peru,PER,2002,32.4,3398.74991419297,21.8,45.7725638287703,81.8630523681641,-1.2329146
Philippines,PHL,2002,34.2,1837.25429286854,18.3,42.947221339857,79.5809020996094,-1.0320493
Palau,PLW,2002,,13647.052731145,,67.1809988846983,,
Papua New Guinea,PNG,2002,39.4,1854.41831737462,27.4,,,-0.844262299999999
Poland,POL,2002,3.3,7640.99307757777,2.5,,102.079460144043,0.7259514
Pre-demographic dividend,PRE,2002,42.2672564219149,1126.60995934237,24.9781848885864,,20.2954196929932,
Puerto Rico (US),PRI,2002,,27940.3826219734,,75.3599136356142,,0.1639603
"Korea, Dem. People's Rep.",PRK,2002,49.4,,35.2,69.0372325114967,,0.3491798
Portugal,PRT,2002,4.7,19095.1102477398,2.5,93.7646852927511,112.623863220215,1.4436178
Paraguay,PRY,2002,18.0,3916.44022308731,9.1,51.568085692811,70.7528381347656,-1.3529771
West Bank and Gaza,PSE,2002,10.6,1836.98042481351,,75.3553561362814,82.0936126708984,-1.8894191
Pacific island small states,PSS,2002,17.3934469555789,3186.14737789638,6.22777693900078,,64.8164520263672,
Post-demographic dividend,PST,2002,4.18371267035551,34929.6840503579,2.57708165175188,,101.486572265625,
French Polynesia,PYF,2002,,21932.9195333418,6.1,90.448717948718,,
Qatar,QAT,2002,8.9,52752.6445826427,,96.3402204469615,98.5448684692383,0.8904537
Romania,ROU,2002,13.2,5248.54994632668,2.5,81.5886237412916,85.8472137451172,0.3557613
Russian Federation,RUS,2002,,5910.171875,3.3,75.3599392695026,,-0.853086799999999
Rwanda,RWA,2002,48.7,400.270421264911,34.3,,11.7095804214478,-1.9562225
South Asia,SAS,2002,49.31,793.58779205405,19.1369795667745,43.6712969398121,43.2442016601562,
Saudi Arabia,SAU,2002,11.1,20025.4319998275,4.8,,,-0.0650862
Sudan,SDN,2002,38.2,1185.21533203125,,,31.4626502990723,-2.22014249999999
Senegal,SEN,2002,23.3,1042.25509944289,20.0,20.4929836631407,13.5592498779297,-0.481927699999999
Singapore,SGP,2002,4.3,34598.8267483781,,100.0,,1.1440472
Solomon Islands,SLB,2002,31.7,1504.8467296693,11.5,,26.704740524292,-0.523181
Sierra Leone,SLE,2002,38.8,766.788693742901,49.2,5.46728101055116,,-0.9877052
El Salvador,SLV,2002,26.7,3016.06307728602,6.9,,59.3954086303711,-0.0263441999999999
San Marino,SMR,2002,,57615.4100635074,,99.9999980365223,,
"Somalia, Fed. Rep.",SOM,2002,33.7,248.636454000766,69.9,,,-2.2473901
Serbia,SRB,2002,8.7,4038.65251197442,4.6,74.4717008354576,90.5492401123047,-0.6071111
Sub-Saharan Africa (excluding high income),SSA,2002,41.1250253368587,1368.58329835986,22.5524446947708,19.8912534262425,24.284460067749,
South Sudan,SSD,2002,38.0,,,,,
Sub-Saharan Africa,SSF,2002,42.62,1258.74653507283,24.7548302960504,18.5192166070637,24.2899494171143,
Small states,SST,2002,24.6277416166414,8496.59454518116,11.9099185054642,,61.3390197753906,
Sao Tome and Principe,STP,2002,29.6,982.32906557627,13.8,26.8517437840908,,0.4524201
Suriname,SUR,2002,12.6,6301.31731043167,10.9,52.0507328161972,83.0842208862305,0.445148
Slovak Republic,SVK,2002,,9690.68468262889,6.2,92.8133255562149,89.0171585083008,1.0121181
Slovenia,SVN,2002,,17099.658209132,2.5,91.8264432986647,109.827102661133,1.3176682
Sweden,SWE,2002,,42831.7584103774,2.5,99.4258649740338,158.776672363281,1.3874604
Eswatini,SWZ,2002,35.5,2358.56935643468,9.2,28.3942596977699,43.8290100097656,-0.1805152
Sint Maarten (Dutch part),SXM,2002,,,,,,
Seychelles,SYC,2002,10.0,11218.2606464315,2.5,62.1769828652726,76.393440246582,0.7486297
Syrian Arab Republic,SYR,2002,29.1,1249.00621359351,7.1,,43.8788604736328,0.0696956
Turks and Caicos Islands,TCA,2002,5.8,,,,,
Chad,TCD,2002,42.3,600.171451974641,33.4,5.58659692400719,6.716139793396,-1.73850059999999
East Asia & Pacific (IDA & IBRD countries),TEA,2002,24.941230323446,2451.24530806912,12.1376250068696,,60.3938217163086,
Europe & Central Asia (IDA & IBRD countries),TEC,2002,,4781.5832367887,7.22363753624903,75.2286702730972,90.6718521118164,
Togo,TGO,2002,30.9,675.440797960321,28.8,10.8572104776075,25.0553398132324,-0.237538399999999
Thailand,THA,2002,16.1,3783.75422073266,16.3,,66.2131118774414,0.2841788
Tajikistan,TJK,2002,40.3,501.80856647117,41.3,37.7621940155366,65.0725173950195,-1.0721136
Turkmenistan,TKM,2002,25.1,2266.6336625636,5.2,70.6850647008878,,0.0762009
Latin America & the Caribbean (IDA & IBRD countries),TLA,2002,17.1776215722089,6458.32117502446,10.2701028030557,71.5467011829946,90.0301666259766,
Timor-Leste,TLS,2002,55.8,1028.13194386616,43.4,,,-0.8262868
"Middle East, North Africa, Afghanistan & Pakistan (IDA & IBRD)",TMN,2002,34.1643010519341,2362.1474741275,13.6302711282435,61.1257098037176,,
Tonga,TON,2002,12.9,4050.98945082432,,29.240336340784,104.751586914062,
South Asia (IDA & IBRD),TSA,2002,49.3479261855687,793.58779205405,19.1369795667745,43.6712969398121,43.2442016601562,
Sub-Saharan Africa (IDA & IBRD countries),TSS,2002,42.6262244935883,1258.74653507283,24.7548302960504,18.5192166070637,24.2899494171143,
Trinidad and Tobago,TTO,2002,5.9,11165.960015838,10.9,,,-0.238491799999999
Tunisia,TUN,2002,11.9,2950.20410959054,4.1,77.3248829893026,78.3930435180664,0.0705368
Turkiye,TUR,2002,16.7,6211.70542960394,13.9,,76.3927612304688,-0.4967605
Tuvalu,TUV,2002,11.8,3320.16858154912,,7.7271263216755,,
Tanzania,TZA,2002,46.5,598.421569824219,33.6,1.35835490465957,,-0.6175252
Uganda,UGA,2002,43.1,547.405338919875,19.5,3.5998840278205,,-1.6418571
Ukraine,UKR,2002,22.4,1644.28125,2.5,66.438190576108,100.236778259277,-0.240717899999999
Upper middle income,UMC,2002,20.17,3622.88276205947,9.96678538751466,71.01583980092,70.6292572021484,
Uruguay,URY,2002,15.2,9806.7713064359,3.3,,111.768592834473,0.7788706
United States,USA,2002,2.9,48729.1586442625,2.5,,,0.3794999
Uzbekistan,UZB,2002,25.7,1341.95995981671,20.4,56.4562515641154,,-0.971751399999999
St. Vincent and the Grenadines,VCT,2002,,5441.52648867536,11.3,,91.8197937011719,0.2436254
"Venezuela, RB",VEN,2002,17.3,3398.56849937324,14.2,,72.3493194580078,-1.3442093
British Virgin Islands,VGB,2002,,,,,92.8406524658203,
Virgin Islands (U.S.),VIR,2002,,43205.7246740388,,97.5104468748513,,
Viet Nam,VNM,2002,37.8,1340.51670460271,17.7,46.7626957246996,,0.385333
Vanuatu,VUT,2002,24.4,2475.16636434639,9.1,17.5110468161549,36.6023406982422,0.9101063
World,WLD,2002,32.41,7989.62889151096,12.9,61.8023813703793,59.2128295898438,
Samoa,WSM,2002,5.4,3291.3424477268,3.7,60.149435406774,81.641471862793,0.901918
Kosovo,XKX,2002,,,,,,-0.0088031
"Yemen, Rep.",YEM,2002,55.3,2148.88860494788,,,,-1.7068902
South Africa,ZAF,2002,26.3,4916.81498068625,3.5,64.5080250928545,77.7871627807617,-0.3584803
Zambia,ZMB,2002,51.8,833.021177549004,50.1,,,-0.370585899999999
Zimbabwe,ZWE,2002,33.7,1525.07935706564,31.8,29.7606828415287,37.539421081543,-1.6078263
Aruba,ABW,2003,,28525.8077063839,,,101.518623352051,
Africa Eastern and Southern,AFE,2003,44.7126010839685,1235.71164842373,31.2662557629741,19.4359334533314,27.4211807250977,
Afghanistan,AFG,2003,53.4,346.071627096223,38.7,13.1007499034299,,-2.387388
Africa Western and Central,AFW,2003,38.707380460239,1334.72594265973,14.8775837487015,18.2233009128217,22.5834197998047,
Angola,AGO,2003,40.0,2403.40415157038,57.5,,,-1.25069229999999
Albania,ALB,2003,29.3,2428.68934653563,7.3,48.8854426221024,,-0.43559
Andorra,AND,2003,,39620.3387714274,,90.6400007016197,85.3645629882812,1.317703
Arab World,ARB,2003,28.4050743349171,4926.58928334869,9.67035105325062,,60.5331802368164,
United Arab Emirates,ARE,2003,,53619.1925678774,2.5,98.2433351844728,,0.9511885
Argentina,ARG,2003,8.6,9545.53194119994,4.3,,100.139373779297,-0.2505519
Armenia,ARM,2003,19.6,1759.64684829386,23.5,82.8818540646121,,0.0578823
American Samoa,ASM,2003,,13201.7347516166,,83.9520957686603,,
Antigua and Barbuda,ATG,2003,,15703.9347145491,,,,0.727562
Australia,AUS,2003,1.4,48509.6632180363,2.5,,,0.9329389
Austria,AUT,2003,,39569.2885567329,2.5,97.3306380457431,96.9213027954102,1.0139604
Azerbaijan,AZE,2003,25.3,1949.60608417331,11.4,49.8970714213176,,-0.9887094
Burundi,BDI,2003,61.6,255.500823385612,,,8.93451976776123,-2.4009377
Belgium,BEL,2003,3.9,36826.2699296094,2.5,99.753934980427,166.853012084961,0.8724133
Benin,BEN,2003,35.1,896.146763201736,11.2,14.5761634152359,15.833459854126,0.5773695
Burkina Faso,BFA,2003,40.7,468.263047790124,18.5,,9.13255977630615,0.0624282
Bangladesh,BGD,2003,51.3,676.826252046427,14.8,55.268682349761,51.6876182556152,-1.2322975
Bulgaria,BGR,2003,8.9,4519.18439177056,5.6,91.188706427775,87.1275329589844,0.1952399
Bahrain,BHR,2003,9.5,23857.6403579769,,98.7976936656734,91.6311111450195,0.3424127
"Bahamas, The",BHS,2003,,32559.311554898,,,,0.7456716
Bosnia and Herzegovina,BIH,2003,11.3,2855.68314939849,2.8,87.7378084586504,,-0.483694399999999
Belarus,BLR,2003,4.6,3137.26261430575,4.4,82.3247917166493,,0.7235293
Belize,BLZ,2003,23.7,6274.47428279313,5.2,,77.1278610229492,0.3686073
Bermuda,BMU,2003,,118018.831592635,,,92.7162399291992,0.702405
Bolivia,BOL,2003,31.2,2050.07133411879,26.6,,80.8071975708008,-0.884627699999999
Brazil,BRA,2003,8.1,6941.43965883253,7.6,77.3650030496501,,0.1101752
Barbados,BRB,2003,8.2,21338.1720739511,6.0,,107.501808166504,0.7682747
Brunei Darussalam,BRN,2003,21.4,38595.1688513702,,,92.2724304199219,1.0479687
Bhutan,BTN,2003,42.2,1506.4152751782,,29.663531172319,,0.7701516
Botswana,BWA,2003,29.8,5320.440295139,29.0,60.0282438819976,77.884407043457,1.1094733
Central African Republic,CAF,2003,43.4,418.240532289858,37.1,8.12778876832464,,-1.7807906
Canada,CAN,2003,,39270.0234577749,2.5,99.0545311020692,,1.08017
Central Europe and the Baltics,CEB,2003,6.18547897535137,8405.63159028509,3.04682858811924,,96.3957214355469,
Switzerland,CHE,2003,,73254.9529864219,2.5,96.7000002832964,90.4961929321289,1.2468777
Channel Islands,CHI,2003,,,,,,
Chile,CHL,2003,2.4,9130.7842621819,2.7,92.7944453651767,91.2260513305664,0.7887047
China,CHN,2003,15.9,2857.0373538115,8.6,,62.8477210998535,-0.5750816
Cote d'Ivoire,CIV,2003,32.5,1441.58801755037,18.3,26.8582510447453,,-2.0672136
Cameroon,CMR,2003,37.6,1221.09446141454,19.6,,28.0853691101074,-0.646501099999999
"Congo, Dem. Rep.",COD,2003,46.1,329.709536540469,27.2,12.1982890911194,,-2.0947308
"Congo, Rep.",COG,2003,32.6,2058.88683675038,26.0,28.4439958785319,30.9671497344971,-1.2440365
Colombia,COL,2003,16.6,4154.17528523618,9.6,68.6617342828438,,-2.33387919999999
Comoros,COM,2003,42.7,1216.98036712949,18.0,,34.5227088928223,-0.968114799999999
Cabo Verde,CPV,2003,13.5,2186.89500422765,14.8,,72.023063659668,0.9080428
Costa Rica,CRI,2003,6.7,8207.45746763047,4.9,77.4855743160953,,0.6002004
Caribbean small states,CSS,2003,12.1290059526844,11563.3614779162,8.92010476428037,,85.5014877319336,
Cuba,CUB,2003,7.4,4426.96599591833,2.5,,91.2225875854492,0.2949967
Curacao,CUW,2003,,21840.8912647914,,,,
Cayman Islands,CYM,2003,,,,,,0.702405
Cyprus,CYP,2003,,23930.783203125,6.3,96.3142802924164,98.4973907470703,0.4053342
Czechia,CZE,2003,2.7,13618.9349633164,2.5,95.2230766372257,97.2614288330078,0.9056461
Germany,DEU,2003,1.2,35270.0227284267,2.5,99.8429056086708,100.351638793945,0.7285007
Djibouti,DJI,2003,32.3,,36.5,,,-0.7653435
Dominica,DMA,2003,,7047.66189595946,4.6,,118.673797607422,0.5176707
Denmark,DNK,2003,,49708.0909084109,2.5,94.6038645316863,128.095794677734,1.2107071
Dominican Republic,DOM,2003,9.2,4162.66686117661,23.1,42.5170831205046,,-0.5957007
Algeria,DZA,2003,19.9,3945.89816094007,6.4,70.9379115421414,,-1.6466235
East Asia & Pacific (excluding high income),EAP,2003,24.34194978899,2618.81249841519,11.6892792580875,,62.4713592529297,
Early-demographic dividend,EAR,2003,41.0736392213018,2211.95868741619,18.3029434084317,,51.7258796691895,
East Asia & Pacific,EAS,2003,22.78,5585.29422036513,11.2418057360714,70.6426775860123,65.3064880371094,
Europe & Central Asia (excluding high income),ECA,2003,19.7294568271215,3619.89726149943,10.8634962623727,70.8765295114458,88.7141799926758,
Europe & Central Asia,ECS,2003,9.65,19419.6815424207,4.72009229316702,86.9357293514377,97.4431228637695,
Ecuador,ECU,2003,27.6,4220.21298466638,21.2,62.7739286432807,57.3564300537109,-1.072906
"Egypt, Arab Rep.",EGY,2003,25.5,2524.80477192682,5.5,66.472511590083,76.3958587646484,-0.8097073
Euro area,EMU,2003,,31628.9508530599,2.61505190011794,,105.221038818359,
Eritrea,ERI,2003,44.7,830.379672282601,,,37.1061096191406,-0.9830762
Spain,ESP,2003,,25481.1653690112,2.5,99.4295552020378,117.701393127441,0.0877584
Estonia,EST,2003,1.8,12424.0441535693,3.4,92.7037013002634,101.92537689209,0.9085482
Ethiopia,ETH,2003,53.9,243.076666020009,41.6,5.83951134971504,14.5203800201416,-1.5308526
European Union,EUU,2003,,27284.7276136716,2.64358781530584,,104.016456604004,
Fragile and conflict affected situations,FCS,2003,42.1089548732289,1297.19104055081,22.2908565661265,,31.6787796020508,
Finland,FIN,2003,2.1,40038.9839702277,2.5,95.3785287930486,138.743591308594,1.6280328
Fiji,FJI,2003,6.4,4087.72449101023,3.6,39.5300202643555,79.5437927246094,0.3667151
France,FRA,2003,,33840.6175720101,2.5,97.3454090718174,103.231269836426,0.3434671
Faroe Islands,FRO,2003,,,,,,
"Micronesia, Fed. Sts.",FSM,2003,,2829.3364363568,,,,0.4720559
Gabon,GAB,2003,24.5,7301.67154442842,13.1,,,-0.1685302
United Kingdom,GBR,2003,3.4,41706.8303930126,2.5,100.0,103.651992797852,0.4196093
Georgia,GEO,2003,15.2,1977.46143338741,4.3,59.6997065153079,89.1005401611328,-1.61200109999999
Ghana,GHA,2003,31.2,1077.69990866645,12.6,16.7174967754033,30.6779098510742,-0.216514799999999
Gibraltar,GIB,2003,,,,100.0,,
Guinea,GIN,2003,34.4,644.071217908894,16.9,,14.1111297607422,-1.0722605
"Gambia, The",GMB,2003,27.0,665.834222326194,19.9,26.4323751193398,,0.0176281
Guinea-Bissau,GNB,2003,32.0,579.092506821836,16.9,18.5858633223515,,-0.4942607
Equatorial Guinea,GNQ,2003,35.2,7082.65489186921,,,,-0.2622451
Greece,GRC,2003,2.1,20632.2557041942,2.5,99.5054011017059,94.5704803466797,0.6057468
Grenada,GRD,2003,,7309.78547094579,,81.4029856216164,113.498748779297,0.6880288
Greenland,GRL,2003,,32787.9680355213,,,,
Guatemala,GTM,2003,53.0,3222.15468293683,19.2,49.8476727972093,,-0.9245241
Guam,GUM,2003,,29685.9531745657,,99.3864053535237,,
Guyana,GUY,2003,16.0,3873.04123684261,6.1,63.3010347136943,,-0.4492941
High income,HIC,2003,4.37,31366.5421324301,2.75990798337834,93.2210522990945,100.244621276855,
"Hong Kong SAR, China",HKG,2003,,28097.108881817,2.5,98.6251074209837,80.3769378662109,0.8351641
Honduras,HND,2003,33.4,1842.29750018813,20.0,43.6076213319213,,-0.584014599999999
Heavily indebted poor countries (HIPC),HPC,2003,44.1604484705701,699.033702737858,29.693654245229,,20.3094291687012,
Croatia,HRV,2003,,10619.3078243865,5.4,85.4005329369415,96.3225402832031,0.6065075
Haiti,HTI,2003,28.3,1326.47161042212,50.2,,,-1.4445052
Hungary,HUN,2003,,10253.723920764,2.5,83.7153680359425,101.836357116699,1.0864226
IBRD only,IBD,2003,31.0682570472162,3047.64543408152,12.7380677103638,62.9138053861239,63.9542694091797,
IDA & IBRD total,IBT,2003,35.3821914634487,2571.74673053759,14.9481267954519,56.6374714868434,55.1889190673828,
IDA total,IDA,2003,43.5298602096421,963.438932636272,22.936849483884,34.3667306740528,30.4598007202148,
IDA blend,IDB,2003,39.9012992651425,1387.37333221866,17.8864517279316,36.3805349297871,28.643159866333,
Indonesia,IDN,2003,39.6,1991.91820506473,18.0,24.5295440959565,60.981201171875,-2.12691289999999
IDA only,IDX,2003,45.5059822381002,736.012835320929,25.9381114195895,29.8134024036327,31.1728401184082,
Isle of Man,IMN,2003,,53224.3527757804,,,,
India,IND,2003,48.7,841.278894571674,21.2,42.1267048046039,45.5992889404297,-1.42092669999999
Not classified,INX,2003,,,,,,
Ireland,IRL,2003,3.5,46594.8620267616,2.5,75.6786361923106,112.472328186035,1.364074
"Iran, Islamic Rep.",IRN,2003,10.9,4511.43134034458,5.5,91.0462207017884,71.2510070800781,-0.6139157
Iraq,IRQ,2003,27.6,2250.06990123369,18.4,51.668498752969,33.3460884094238,-2.4734997
Iceland,ISL,2003,,45088.9225976672,2.5,91.7611999804326,119.957382202148,1.4335228
Israel,ISR,2003,,28092.6176251486,2.5,99.7355251870484,98.1695938110352,-1.1825503
Italy,ITA,2003,,33110.1698494812,2.5,95.4248676910317,98.1742935180664,0.4883646
Jamaica,JAM,2003,6.5,5467.17406988236,6.8,,82.3553771972656,-0.6133632
Jordan,JOR,2003,10.0,3713.15193593268,6.0,55.5697291735057,85.0584030151367,-0.3478648
Japan,JPN,2003,6.4,31830.217584972,,97.8687629260538,,1.1294391
Kazakhstan,KAZ,2003,15.9,5724.43199248054,7.1,66.5431574486663,,0.3519678
Kenya,KEN,2003,38.2,1169.14433674051,34.5,,43.9185981750488,-1.2300985
Kyrgyz Republic,KGZ,2003,25.2,786.350474964134,8.9,46.9654668505036,84.7630462646484,-1.1170803
Cambodia,KHM,2003,47.3,719.333494240509,16.6,18.5433950113558,21.7320804595947,-0.9692824
Kiribati,KIR,2003,19.3,1415.54564772956,4.6,10.0362409300742,93.3157577514648,0.9514154
St. Kitts and Nevis,KNA,2003,,14100.3067967234,,,96.1212692260742,0.9514154
"Korea, Rep.",KOR,2003,2.5,20278.0406421178,2.7,97.2303189641612,97.2058563232422,0.335961
Kuwait,KWT,2003,4.0,35169.6335737863,2.5,100.0,98.5272521972656,0.2533271
Latin America & Caribbean (excluding high income),LAC,2003,17.034835236166,6503.48118498348,9.86780212290834,70.0869882707024,88.2236633300781,
Lao PDR,LAO,2003,48.2,1038.71192767783,,8.32978257884214,34.5732192993164,-1.0092662
Lebanon,LBN,2003,16.7,6319.76518298647,8.5,44.1412271714285,68.1703186035156,-0.5699154
Liberia,LBR,2003,42.5,528.567395543421,35.9,,,-2.06542749999999
Libya,LBY,2003,24.2,11267.0627623548,4.3,,110.30061340332,-0.1098149
St. Lucia,LCA,2003,2.9,9054.06778374517,,,85.162956237793,0.9514154
Latin America & Caribbean,LCN,2003,16.63,6668.60355308319,9.80499893827008,70.993017833328,87.7489395141602,
Least developed countries: UN classification,LDC,2003,46.7839800843397,689.669092895827,28.1904127099525,,27.1357402801514,
Low income,LIC,2003,46.82,725.474421276256,28.4443717014591,22.71051553198,22.4006404876709,
Liechtenstein,LIE,2003,,,,100.0,103.171249389648,1.317703
Sri Lanka,LKA,2003,19.5,2052.03045078787,15.9,45.4964052982276,,-1.0793401
Lower middle income,LMC,2003,43.34,1119.67756368748,19.7392052388054,46.9333486781069,43.9703102111816,
Low & middle income,LMY,2003,35.71,2387.09560676557,15.2042540135779,,54.7974700927734,
Lesotho,LSO,2003,42.1,798.540500554454,,11.4527288852219,35.6447906494141,-0.0961278
Late-demographic dividend,LTE,2003,16.2849718339968,4048.48471590844,8.57725992372208,,72.5063323974609,
Lithuania,LTU,2003,2.6,8218.69336289848,2.5,70.880015367076,103.705223083496,1.0000414
Luxembourg,LUX,2003,,97597.9973184565,2.5,99.8285100656755,97.5937271118164,1.3466046
Latvia,LVA,2003,3.0,8149.00183600084,3.0,92.5367784088022,96.0678863525391,0.94211
"Macao SAR, China",MAC,2003,,38581.6976189322,17.9,99.9749148991883,90.6741409301758,0.974216
St. Martin (French part),MAF,2003,,,,96.7,,
Morocco,MAR,2003,22.4,2229.576171875,5.1,42.4132470218147,40.5255088806152,-0.4523723
Monaco,MCO,2003,,126022.239091348,,100.0,,0.9514154
Moldova,MDA,2003,11.4,1654.36629303195,29.6,46.2339275229672,,-0.248693499999999
Madagascar,MDG,2003,55.3,433.601040301214,36.1,8.84731024577775,,0.2935597
Maldives,MDV,2003,30.3,7845.29307409315,,,73.7963104248047,0.8715848
"Middle East, North Africa, Afghanistan & Pakistan",MEA,2003,32.73,4072.49109670511,12.6092040996969,62.4585119120747,47.8145904541016,
Mexico,MEX,2003,18.3,9221.99666693097,3.8,40.4436044793848,81.2989120483398,-0.0924325999999999
Marshall Islands,MHL,2003,40.0,3256.97244330835,,,76.2464065551758,0.9514154
Middle income,MIC,2003,33.97,2513.07600926272,14.4003837131599,,57.836181640625,
North Macedonia,MKD,2003,8.6,3307.92040834712,5.3,80.3097459238797,82.7274703979492,-1.21823289999999
Mali,MLI,2003,38.2,814.808466525191,13.2,,13.8911600112915,0.0765265
Malta,MLT,2003,6.3,17775.4264786392,2.5,100.0,92.9309234619141,1.2267079
Myanmar,MMR,2003,42.0,411.498764127557,32.6,31.7599199058202,41.4488716125488,-1.2950773
"Middle East, North Africa, Afghanistan & Pakistan (excluding high income)",MNA,2003,34.0986847507483,2372.1522342386,13.2057766682414,61.3170717737725,,
Montenegro,MNE,2003,7.9,4581.10700736435,7.5,,92.3401794433594,0.7347817
Mongolia,MNG,2003,26.0,1775.64906676137,29.6,20.9206393990072,86.7754516601562,0.8598615
Northern Mariana Islands,MNP,2003,,24650.0405531909,,80.1118929670153,,
Mozambique,MOZ,2003,47.3,356.521157404125,32.8,9.74288115939979,,-0.189112399999999
Mauritania,MRT,2003,35.1,1308.56307582578,9.5,,19.2371807098389,-0.2889869
Mauritius,MUS,2003,11.3,6250.2637051329,5.6,,85.3790588378906,0.858401
Malawi,MWI,2003,55.0,397.224846758815,24.1,8.08111219249357,,-0.216773699999999
Malaysia,MYS,2003,18.4,6732.92049458099,2.9,92.3148009702906,86.7379989624023,0.3617264
North America,NAC,2003,2.86,48654.1313067876,2.5,,95.5795364379883,
Namibia,NAM,2003,29.8,3232.30589658857,17.7,,67.7303466796875,0.1957486
New Caledonia,NCL,2003,,,8.6,87.7061108360597,,
Niger,NER,2003,51.0,406.333757497876,21.1,,5.46088981628418,-0.245825799999999
Nigeria,NGA,2003,41.3,1717.2145111176,8.8,14.6250844549253,,-1.8566436
Nicaragua,NIC,2003,,1494.95618752566,23.4,,,-0.402922
Netherlands,NLD,2003,1.3,40981.8477039972,2.5,99.9926152290634,119.250862121582,1.1398884
Norway,NOR,2003,,69719.3122573679,2.5,99.6500391376258,114.726753234863,1.1755929
Nepal,NPL,2003,52.6,570.28967363428,20.0,27.5969755663772,35.8331108093262,-2.13845649999999
Nauru,NRU,2003,24.5,5173.61559183102,,18.6499498882706,49.0196113586426,0.9514154
New Zealand,NZL,2003,,33517.0893271345,2.5,84.3935701173259,123.209617614746,1.1780353
OECD members,OED,2003,7.92324342726545,31442.0228737181,3.61567049234764,,97.2690963745117,
Oman,OMN,2003,13.0,19485.6441506077,14.2,83.884594414468,82.2718811035156,1.0039655
Other small states,OSS,2003,30.7651959987712,8860.43714498688,12.8499658349927,,57.3695793151855,
Pakistan,PAK,2003,42.6,1090.27523993746,20.2,42.9192965248607,,-1.5829175
Panama,PAN,2003,19.4,7037.08164896629,17.4,,,0.0824331
Peru,PER,2003,31.1,3502.79165687646,22.1,46.1533060280871,75.7539367675781,-1.2849879
Philippines,PHL,2003,34.2,1892.82161995051,17.8,44.0731652482255,81.6581802368164,-1.5732442
Palau,PLW,2003,,13250.6865944432,,68.0516111214004,,0.9514154
Papua New Guinea,PNG,2003,40.7,1832.67870314447,28.1,,,-0.9055723
Poland,POL,2003,3.2,7915.55424389704,2.5,,104.052558898926,0.594482
Pre-demographic dividend,PRE,2003,41.917334462553,1087.09206577047,24.260633317155,,21.8995800018311,
Puerto Rico (US),PRI,2003,,27937.8165922567,,75.4738948195291,,0.158783
"Korea, Dem. People's Rep.",PRK,2003,46.7,,32.9,69.0558715599079,,0.2729801
Portugal,PRT,2003,4.7,18846.5411893632,2.5,93.8002410897,113.136199951172,1.3478882
Paraguay,PRY,2003,17.7,4035.71833919936,8.6,52.3149792602456,68.4177780151367,-0.928342999999999
West Bank and Gaza,PSE,2003,10.9,2041.60484619659,,75.7541400989762,84.433952331543,-1.40785419999999
Pacific island small states,PSS,2003,17.5223242243898,3207.73542916581,6.25484162266913,,65.9099807739258,
Post-demographic dividend,PST,2003,4.14091933151966,35459.8626169439,2.58157401960268,,101.905502319336,
French Polynesia,PYF,2003,,22055.6419702196,5.8,90.448717948718,,
Qatar,QAT,2003,8.6,52255.320560255,,96.3402204469615,100.580139160156,1.1757789
Romania,ROU,2003,12.9,5410.30835796252,2.5,81.6259834252226,85.0776214599609,0.2297529
Russian Federation,RUS,2003,,6370.45361328125,2.7,75.381584096785,94.4848098754883,-1.0155684
Rwanda,RWA,2003,48.6,400.191620648726,33.6,,12.5666799545288,-1.22904789999999
South Asia,SAS,2003,48.76,838.605352931883,20.4030313412342,45.0149672750992,46.8258094787598,
Saudi Arabia,SAU,2003,11.3,20765.9387688082,4.7,,,0.0638615
Sudan,SDN,2003,38.1,1226.42077636719,,,31.7940292358398,-2.20842359999999
Senegal,SEN,2003,22.7,1074.38578467686,18.6,20.7682382579974,,-0.4774697
Singapore,SGP,2003,4.2,36709.7965038255,,100.0,,0.8806358
Solomon Islands,SLB,2003,32.1,1573.84348435767,11.4,,,-0.0035900999999999
Sierra Leone,SLE,2003,38.6,806.066489012144,47.0,5.65695554108736,,-1.0119464
El Salvador,SLV,2003,25.7,3057.16467629097,7.6,,63.2922401428223,-0.312913
San Marino,SMR,2003,,59090.2331058555,,100.0,,0.9514154
"Somalia, Fed. Rep.",SOM,2003,33.7,257.910337235986,69.8,,,-2.5761377
Serbia,SRB,2003,8.7,4233.77644906089,3.9,74.4979780429739,90.9021224975586,-0.6791377
Sub-Saharan Africa (excluding high income),SSA,2003,40.8208533448562,1389.4430156761,22.0839483474992,20.3195845733214,25.3785400390625,
South Sudan,SSD,2003,37.4,,,,,
Sub-Saharan Africa,SSF,2003,42.24,1275.72710309586,24.172473589165,18.9399975195089,25.3840808868408,
Small states,SST,2003,24.6518611384132,8796.42233141664,11.0760161769187,,63.2497787475586,
Sao Tome and Principe,STP,2003,28.6,1036.86196260207,12.3,27.3299243074245,39.3140983581543,0.1485281
Suriname,SUR,2003,12.1,6567.84309876847,10.1,52.284713856888,,0.4323713
Slovak Republic,SVK,2003,,10168.02256533,6.1,93.4496675178764,91.3358383178711,0.9388736
Slovenia,SVN,2003,,17635.3608581831,2.5,91.8218518143639,110.677322387695,1.1458901
Sweden,SWE,2003,,43475.3655433221,2.5,99.4379716588583,148.485015869141,1.3494061
Eswatini,SWZ,2003,35.1,2448.83792077995,8.8,28.8879348002561,43.1537284851074,-0.242017799999999
Sint Maarten (Dutch part),SXM,2003,,,,,,
Seychelles,SYC,2003,9.7,10677.9692081272,2.5,62.2917668999445,79.4021224975586,0.4447377
Syrian Arab Republic,SYR,2003,29.5,1307.4814585452,6.8,,58.0821113586426,-0.0276145
Turks and Caicos Islands,TCA,2003,5.6,,,,80.0256118774414,
Chad,TCD,2003,42.2,661.556916681677,33.9,5.6178207953109,7.23851013183594,-1.4914337
East Asia & Pacific (IDA & IBRD countries),TEA,2003,24.0358983811656,2649.81645849929,11.4113256012836,,62.1098098754883,
Europe & Central Asia (IDA & IBRD countries),TEC,2003,,5076.33254199208,6.86139104388714,75.493959729826,91.4140014648438,
Togo,TGO,2003,30.5,702.799255960869,27.7,11.2788756529367,27.0041999816894,-0.5357911
Thailand,THA,2003,16.1,4018.15538187068,14.9,,,-0.165002899999999
Tajikistan,TJK,2003,39.3,546.391479808684,41.7,38.9348654343543,67.4764785766602,-1.1484127
Turkmenistan,TKM,2003,23.9,2295.29620574541,4.5,71.7322099345552,,-0.032937
Latin America & the Caribbean (IDA & IBRD countries),TLA,2003,16.7457103302847,6518.45556588719,9.96085330929213,71.8119537384092,87.6782684326172,
Timor-Leste,TLS,2003,56.2,964.322543048225,35.6,,,-0.514518199999999
"Middle East, North Africa, Afghanistan & Pakistan (IDA & IBRD)",TMN,2003,34.2900763914314,2374.28256433042,13.2057766682414,61.2171841383997,,
Tonga,TON,2003,12.4,4030.19673410072,,29.2481439942313,,0.4720559
South Asia (IDA & IBRD),TSA,2003,48.7546081007788,838.605352931883,20.4030313412342,45.0149672750992,46.8258094787598,
Sub-Saharan Africa (IDA & IBRD countries),TSS,2003,42.237640281508,1275.72710309586,24.172473589165,18.9399975195089,25.3840808868408,
Trinidad and Tobago,TTO,2003,6.2,12714.5004334846,11.6,,,-0.299185
Tunisia,TUN,2003,11.6,3058.22895827842,4.2,77.6001634201878,79.2942810058594,0.2633531
Turkiye,TUR,2003,16.4,6496.07277294612,13.7,,78.0895462036133,-0.6244676
Tuvalu,TUV,2003,11.3,3152.22822039796,,7.76838271820141,,0.9514154
Tanzania,TZA,2003,45.8,621.720703125,32.1,1.40821939232488,,-1.0209242
Uganda,UGA,2003,42.5,564.720539196569,18.4,4.12299220943542,,-1.69698249999999
Ukraine,UKR,2003,22.0,1814.25854492188,2.5,66.5489146292215,101.120651245117,-0.3714753
Upper middle income,UMC,2003,19.4,3804.91315712557,9.46928773135162,71.5818613015353,71.2107620239258,
Uruguay,URY,2003,14.6,9878.75684344081,3.0,,117.109466552734,0.6814346
United States,USA,2003,2.8,49662.7520549839,2.5,,,0.2636677
Uzbekistan,UZB,2003,24.1,1381.8257280882,18.9,57.7908059787254,93.6033630371094,-1.33981139999999
St. Vincent and the Grenadines,VCT,2003,,5816.20788359407,9.1,,91.2639083862305,0.5918958
"Venezuela, RB",VEN,2003,17.3,3079.6634541359,13.8,,73.3737564086914,-1.2032513
British Virgin Islands,VGB,2003,,,,,98.5393295288086,
Virgin Islands (U.S.),VIR,2003,,43036.1815136022,,97.583368654901,,
Viet Nam,VNM,2003,36.3,1418.74337471509,16.0,47.3141839053115,,0.1353139
Vanuatu,VUT,2003,24.7,2518.521315183,8.9,17.5844520109831,34.7020416259766,0.6379237
World,WLD,2003,32.04,8131.19308358597,12.8,62.1281324963474,60.4301910400391,
Samoa,WSM,2003,5.2,3444.99857743289,3.7,60.0799430615213,85.8196029663086,1.1078116
Kosovo,XKX,2003,,,,,,-0.0244009
"Yemen, Rep.",YEM,2003,55.2,2164.86083019467,,,25.1074199676514,-1.65483999999999
South Africa,ZAF,2003,26.3,5011.62223150169,3.4,65.325220633492,78.6594009399414,-0.253324999999999
Zambia,ZMB,2003,51.2,863.650190656785,50.1,,,-0.1153273
Zimbabwe,ZWE,2003,33.9,1250.91948331231,31.4,29.8182778659182,35.9403114318848,-1.4557018
Aruba,ABW,2004,,29959.7748189582,,,99.1840209960938,0.6292149
Africa Eastern and Southern,AFE,2004,44.1710021361531,1271.31275711155,30.0511317738559,19.7570960419122,28.4966602325439,
Afghanistan,AFG,2004,52.4,338.637273888197,34.6,13.9102665546506,,-2.1912579
Africa Western and Central,AFW,2004,38.3880999400323,1402.22876764658,14.3432793621116,18.9144757714912,24.1746807098389,
Angola,AGO,2004,37.8,2583.32411461288,50.6,,,-1.1591344
Albania,ALB,2004,28.5,2567.29763687121,8.5,50.7176784606726,,-0.6084853
Andorra,AND,2004,,40054.3399679173,,90.639995696847,81.6305999755859,1.0449339
Arab World,ARB,2004,28.2171687050372,5250.08375247516,9.62529297531287,,61.9100914001465,
United Arab Emirates,ARE,2004,,55611.419401142,2.5,98.2680332858697,,0.5785839
Argentina,ARG,2004,8.3,10302.4465316428,3.9,,100.194129943848,-0.328465399999999
Armenia,ARM,2004,20.0,1955.22262459229,18.4,82.9611366722384,,-0.2215046
American Samoa,ASM,2004,,13291.5356626851,,84.6377577308808,,0.4095694
Antigua and Barbuda,ATG,2004,,16433.4130541483,,,,0.9658169
Australia,AUS,2004,1.6,50018.5904483861,2.5,,,0.9065585
Austria,AUT,2004,,40333.3307183894,2.5,97.4833387555632,96.5513229370117,0.9547247
Azerbaijan,AZE,2004,25.4,2111.4533834475,8.2,50.2550814409505,,-1.12483969999999
Burundi,BDI,2004,61.0,258.050009115333,,,10.1669101715088,-2.411696
Belgium,BEL,2004,3.8,37976.6972967442,2.5,99.7539383311245,158.973358154297,0.6781943
Benin,BEN,2004,35.3,907.624431209378,10.4,14.7209052718531,17.0808696746826,0.1768396
Burkina Faso,BFA,2004,40.6,474.086412333459,17.4,,10.11203956604,-0.1499539
Bangladesh,BGD,2004,50.0,702.656357081873,14.7,55.2403777535328,46.7358283996582,-1.3285917
Bulgaria,BGR,2004,8.9,4849.87141310477,6.0,91.7200708448634,88.8367919921875,0.0520694
Bahrain,BHR,2004,9.1,23688.1121059225,,98.8318348959035,89.1966781616211,0.1508948
"Bahamas, The",BHS,2004,,32444.0739567569,,,85.6807098388672,0.6906112
Bosnia and Herzegovina,BIH,2004,11.2,3063.83543448936,2.5,87.8258612440736,,-0.2817497
Belarus,BLR,2004,4.6,3520.40452642524,4.5,83.386099762371,,0.0167691
Belize,BLZ,2004,23.4,6383.07432412662,5.1,,79.1648864746094,0.2908113
Bermuda,BMU,2004,,120432.12052555,,,95.5397262573242,0.6303306
Bolivia,BOL,2004,30.3,2099.990810637,27.2,,83.8102722167969,-0.6014065
Brazil,BRA,2004,7.7,7258.78101654079,6.3,77.785338760226,,-0.2198219
Barbados,BRB,2004,8.2,21516.1662922098,5.3,,108.083801269531,0.9561667
Brunei Darussalam,BRN,2004,21.3,37948.6590825194,,,94.7744827270508,1.0993465
Bhutan,BTN,2004,41.2,1552.73915195801,,30.0688102159894,,0.8706687
Botswana,BWA,2004,29.6,5369.42516766112,28.1,60.2264380019223,79.5718383789062,0.9068069
Central African Republic,CAF,2004,43.4,433.825227770233,36.7,7.99427523284579,,-1.50732509999999
Canada,CAN,2004,,40108.7587456658,2.5,99.056729322475,,0.7763305
Central Europe and the Baltics,CEB,2004,5.95025898456411,8923.85904704259,3.00378254029118,,93.8796615600586,
Switzerland,CHE,2004,,74718.6836260364,2.5,96.7000012021296,90.2133483886719,1.0757323
Channel Islands,CHI,2004,,,,,,
Chile,CHL,2004,2.3,9642.37478651228,2.7,93.1736496767815,91.6760330200195,0.635196
China,CHN,2004,14.6,3127.86276523632,7.8,,,-0.449434399999999
Cote d'Ivoire,CIV,2004,32.4,1451.86547141894,17.9,27.3560820287857,,-2.2064965
Cameroon,CMR,2004,37.3,1271.74326874167,16.8,,24.1630897521973,-0.5565186
"Congo, Dem. Rep.",COD,2004,45.9,341.714925751419,27.3,12.1824019375634,,-2.2158548
"Congo, Rep.",COG,2004,31.8,2058.88402946896,27.2,29.9970926469849,39.0756301879883,-1.19743589999999
Colombia,COL,2004,16.2,4311.91591255233,10.4,68.9644269378766,86.3882904052734,-1.98778799999999
Comoros,COM,2004,42.0,1231.14746798849,16.6,,36.0644111633301,-0.521609299999999
Cabo Verde,CPV,2004,12.8,2379.79636224135,13.0,,72.0146408081055,0.874642
Costa Rica,CRI,2004,6.5,8445.52914945791,4.5,77.7677107865373,79.4942398071289,0.6926827
Caribbean small states,CSS,2004,12.1992652268867,12014.5670017555,8.8746667679974,,87.184928894043,
Cuba,CUB,2004,7.6,4670.18802138025,2.5,,92.1042175292969,0.2992426
Curacao,CUW,2004,,21512.1115522523,,,,
Cayman Islands,CYM,2004,,,,,88.0128173828125,1.0685696
Cyprus,CYP,2004,,24799.6484375,5.7,96.5136802774918,97.8886032104492,0.3179887
Czechia,CZE,2004,2.7,14259.63342798,2.5,95.4868173311297,96.1095199584961,0.7067447
Germany,DEU,2004,1.2,35687.6378708542,2.5,99.8493490854404,100.461128234863,0.7052146
Djibouti,DJI,2004,32.3,,32.7,,,-0.269924
Dominica,DMA,2004,,7323.8530008275,4.8,,113.794143676758,0.8561786
Denmark,DNK,2004,,50956.3045398814,2.5,94.927057007807,124.252517700195,1.0083333
Dominican Republic,DOM,2004,9.0,4212.01044121773,23.9,42.7242209802434,74.4618911743164,-0.4531782
Algeria,DZA,2004,19.0,4066.28204806495,6.4,71.3913421263485,,-1.3060631
East Asia & Pacific (excluding high income),EAP,2004,23.4572622429007,2835.24719161171,10.9991764861002,,65.5361480712891,
Early-demographic dividend,EAR,2004,40.6451366626042,2312.5110972536,18.1314410025205,,52.8359489440918,
East Asia & Pacific,EAS,2004,21.99,5869.9841240498,10.5842748332327,71.2629295129987,68.1626815795898,
Europe & Central Asia (excluding high income),ECA,2004,19.1785573933842,3949.57993189741,9.88371856166419,71.9469593254321,88.3804016113281,
Europe & Central Asia,ECS,2004,9.39,19978.690365054,4.43589253364565,87.3054685113201,95.3501205444336,
Ecuador,ECU,2004,28.0,4430.23717984188,20.0,63.1468262806282,57.5079383850098,-0.91787
"Egypt, Arab Rep.",EGY,2004,25.4,2574.42341789124,5.8,67.074361048792,75.9371719360352,-0.880790899999999
Euro area,EMU,2004,,32179.5603833867,2.5897701014539,,104.333488464355,
Eritrea,ERI,2004,45.7,808.591420184592,,,34.2101783752441,-0.8200001
Spain,ESP,2004,,25825.3106463315,2.5,99.4647073774173,118.77808380127,0.0371024
Estonia,EST,2004,1.7,13348.5284463324,2.9,93.0363106098424,103.808959960938,0.6181856
Ethiopia,ETH,2004,52.8,267.923513391712,39.1,6.03120942202563,15.9084901809692,-1.23452989999999
European Union,EUU,2004,,27885.7681519653,2.63087550822531,,101.810302734375,
Fragile and conflict affected situations,FCS,2004,41.7050986424706,1417.38633890673,21.1267615632317,,32.5856590270996,
Finland,FIN,2004,2.0,41521.962874476,2.5,95.7128005189668,113.423683166504,1.3697981
Fiji,FJI,2004,6.4,4264.59723774177,4.0,39.6295636254393,82.2571029663086,0.1824726
France,FRA,2004,,34557.1471111581,2.5,97.4661693234234,102.502822875977,0.3900905
Faroe Islands,FRO,2004,,,,,,
"Micronesia, Fed. Sts.",FSM,2004,,2747.87981611358,,,85.8371276855469,0.7454666
Gabon,GAB,2004,24.0,7148.98713447497,13.8,,,-0.0109077
United Kingdom,GBR,2004,3.3,42434.8209023638,2.5,100.0,105.841842651367,0.3484335
Georgia,GEO,2004,14.8,2105.00472843799,4.3,59.9140296750858,86.4853973388672,-0.907027599999999
Ghana,GHA,2004,30.4,1108.30475353633,12.0,17.7891191031522,32.5887718200684,-0.1177496
Gibraltar,GIB,2004,,,,100.0,,
Guinea,GIN,2004,34.8,645.182843390689,16.4,,15.3069696426392,-1.20031589999999
"Gambia, The",GMB,2004,26.7,693.563314497133,19.1,27.4421300405512,,-0.0950719999999999
Guinea-Bissau,GNB,2004,31.5,572.526464627294,18.0,18.8836303885363,,-0.5076615
Equatorial Guinea,GNQ,2004,34.2,9208.60566707162,,,,-0.4790063
Greece,GRC,2004,2.0,21688.1050959558,2.5,99.5486728355476,92.2558898925781,0.4724252
Grenada,GRD,2004,,7233.29494434962,,82.3046465753912,112.467987060547,0.6363661
Greenland,GRL,2004,,34961.9356097257,,,,
Guatemala,GTM,2004,52.6,3250.20406037693,19.5,49.8343430514171,37.1055107116699,-0.936754499999999
Guam,GUM,2004,,31483.8141949558,,99.3282619174912,,0.3217114
Guyana,GUY,2004,16.4,3937.11435304522,6.6,63.4716269353097,,-0.5436852
High income,HIC,2004,4.33,32292.6469967559,2.71173108090687,93.4140887454801,98.8796234130859,
"Hong Kong SAR, China",HKG,2004,,30304.3126863152,2.5,98.7112244876363,81.7905578613281,1.0328562
Honduras,HND,2004,32.2,1908.90950050464,19.3,44.9872698483243,,-0.6201515
Heavily indebted poor countries (HIPC),HPC,2004,43.6330790851625,718.761366870826,28.5762192024093,,21.3181400299072,
Croatia,HRV,2004,,11059.0980614364,4.3,85.5162348663354,,0.5895756
Haiti,HTI,2004,27.7,1286.90282128221,49.7,,,-1.86679559999999
Hungary,HUN,2004,,10786.4881991495,2.5,84.013546763203,95.5287780761719,0.8114218
IBRD only,IBD,2004,30.4877086455015,3247.0612433535,12.4843173037908,63.4416298302826,65.6942672729492,
IDA & IBRD total,IBT,2004,34.9104778878768,2729.87046222028,14.5219417115594,57.039818625551,56.4517097473145,
IDA total,IDA,2004,43.1104210351648,1003.9852047643,21.7951585930116,34.6764010145118,30.9894790649414,
IDA blend,IDB,2004,40.0136068305294,1452.76112133181,16.6327186134837,36.6043653637459,30.3138103485107,
Indonesia,IDN,2004,39.6,2065.70617470842,18.2,24.864499371888,63.4045181274414,-1.6568197
IDA only,IDX,2004,44.8007581308893,762.575661839901,24.8704081518982,30.0820281871955,31.0780792236328,
Isle of Man,IMN,2004,,55464.0220993356,,,,
India,IND,2004,48.2,892.596614581612,21.7,43.657414461879,47.2715797424316,-1.0339705
Not classified,INX,2004,,,,,,
Ireland,IRL,2004,3.4,48856.3238587396,2.5,75.7805670625966,113.681762695312,1.0596256
"Iran, Islamic Rep.",IRN,2004,9.8,4607.45169088209,5.9,91.2549319633375,72.5664596557617,-0.6625435
Iraq,IRQ,2004,27.3,3354.26588756715,17.8,52.142640019551,35.8271293640137,-2.8423263
Iceland,ISL,2004,,48101.7116286153,2.5,92.2963956327331,109.347999572754,1.2003873
Israel,ISR,2004,,28883.247588548,2.5,99.7225858573178,97.9283065795898,-0.9453121
Italy,ITA,2004,,33348.9744820456,2.5,95.5418808411868,98.7184906005859,0.3658661
Jamaica,JAM,2004,6.4,5507.20135110043,6.9,,86.8673324584961,-0.3401516
Jordan,JOR,2004,9.8,3935.15704743447,5.4,55.5860007232744,84.6306762695312,-0.339358
Japan,JPN,2004,6.5,32515.1158024695,,97.8687629260538,,0.9926089
Kazakhstan,KAZ,2004,15.7,6233.29439373307,7.4,68.1144135687381,,-0.0886632
Kenya,KEN,2004,37.8,1191.25443604556,31.6,,45.2924499511719,-0.9416439
Kyrgyz Republic,KGZ,2004,24.1,831.482103944381,7.2,47.2410383118075,83.4454879760742,-1.1211438
Cambodia,KHM,2004,46.1,775.847139030978,16.3,19.0098799731296,25.3631000518799,-0.7441669
Kiribati,KIR,2004,19.0,1378.9582420937,4.6,10.1950380926799,93.2632217407227,0.8244422
St. Kitts and Nevis,KNA,2004,,14619.795111247,,,92.4339065551758,1.1734496
"Korea, Rep.",KOR,2004,2.4,21244.8136800528,2.5,97.2303189641612,97.2399368286133,0.5226421
Kuwait,KWT,2004,4.1,37918.5405829238,2.5,100.0,103.832092285156,0.1877805
Latin America & Caribbean (excluding high income),LAC,2004,16.574915877171,6762.11459440306,9.38704174503222,70.3602320857831,89.9176177978516,
Lao PDR,LAO,2004,47.8,1088.76034728831,,8.69779924866436,36.436149597168,-0.513960899999999
Lebanon,LBN,2004,16.1,6633.75258002393,8.2,44.3771818253968,69.5652008056641,-0.789231999999999
Liberia,LBR,2004,41.9,535.995882066218,36.0,,,-1.46519049999999
Libya,LBY,2004,25.8,11529.1086646221,4.6,,,-0.0114758
St. Lucia,LCA,2004,2.8,9637.37801390276,,,75.5812606811523,1.0723427
Latin America & Caribbean,LCN,2004,16.22,6962.62599800076,9.14540895465844,71.2547751238559,89.4052276611328,
Least developed countries: UN classification,LDC,2004,46.0097371561007,717.390630227449,26.9144052511233,,26.9196300506592,
Low income,LIC,2004,46.25,745.570250035604,27.6148043149942,22.9253516883481,23.3115005493164,
Liechtenstein,LIE,2004,,,,100.0,103.859649658203,1.1466993
Sri Lanka,LKA,2004,19.4,2149.10628588002,15.2,45.5997847759224,,-1.1602654
Lower middle income,LMC,2004,42.86,1177.31848324728,19.5102656510732,48.030017463126,45.0138206481934,
Low & middle income,LMY,2004,35.22,2533.63490609155,14.8055731974923,,56.1129112243652,
Lesotho,LSO,2004,42.0,817.793597897186,,12.4141104682805,38.172981262207,0.0517557
Late-demographic dividend,LTE,2004,15.3082343633106,4352.77899604091,7.87687644243959,,74.6520309448242,
Lithuania,LTU,2004,2.5,8851.92598922347,2.5,72.4806963332156,102.579322814941,0.6263607
Luxembourg,LUX,2004,,100292.566948333,2.5,99.8276479795216,97.0481719970703,1.0947844
Latvia,LVA,2004,2.9,8957.23393555082,2.5,92.5832372669378,98.8323669433594,0.590281
"Macao SAR, China",MAC,2004,,47665.9330386643,16.4,99.9765383608274,94.2692565917969,0.936718
St. Martin (French part),MAF,2004,,,,96.7,,
Morocco,MAR,2004,21.4,2301.08178710938,4.9,42.9811521119137,43.4972381591797,-0.3813317
Monaco,MCO,2004,,129403.404955341,,100.0,,0.9183465
Moldova,MDA,2004,10.8,1781.19145323724,31.7,48.2805970695613,,-0.2977569
Madagascar,MDG,2004,54.8,443.278654985967,34.6,9.38171660876751,,-0.0227541
Maldives,MDV,2004,28.5,8174.41607301248,,,74.3923034667969,0.3671507
"Middle East, North Africa, Afghanistan & Pakistan",MEA,2004,32.73,4292.69394546798,11.8336433024573,62.6423421559232,48.8658218383789,
Mexico,MEX,2004,17.6,9421.28975988024,4.1,40.5834367307206,82.1962890625,-0.153878699999999
Marshall Islands,MHL,2004,39.8,3234.15265200518,,,79.4486923217773,0.9474922
Middle income,MIC,2004,33.46,2671.06832098,14.0164122229779,,59.2899703979492,
North Macedonia,MKD,2004,8.6,3473.76544811451,5.0,80.2877294956824,82.2482604980469,-0.789832099999999
Mali,MLI,2004,37.4,800.501816706213,12.4,,15.979700088501,0.3269246
Malta,MLT,2004,6.1,17728.3659761648,2.5,99.9999991531108,101.232261657715,0.8935636
Myanmar,MMR,2004,40.7,463.33013572168,28.8,33.368359991086,44.0865783691406,-1.0811254
"Middle East, North Africa, Afghanistan & Pakistan (excluding high income)",MNA,2004,34.1028129001798,2497.58482977173,12.3997624935718,61.5064131022246,,
Montenegro,MNE,2004,8.1,4775.39883026359,5.7,,90.9389038085938,0.7293418
Mongolia,MNG,2004,24.5,1942.36263694017,29.5,22.0356603385453,92.5285034179688,0.5138365
Northern Mariana Islands,MNP,2004,,24445.4618441919,,80.197301355928,,
Mozambique,MOZ,2004,46.9,377.064958084878,30.9,10.2136383538005,8.65153980255127,-0.2898214
Mauritania,MRT,2004,33.7,1338.66768122804,9.5,,20.1336193084717,-0.3131249
Mauritius,MUS,2004,10.7,6480.13648507258,5.6,,85.8464736938477,0.7698343
Malawi,MWI,2004,54.4,408.064916052765,23.2,8.47739408176673,24.9910697937012,-0.1397246
Malaysia,MYS,2004,18.3,7025.34558004381,3.1,92.4688732497446,87.0565872192383,0.1553244
North America,NAC,2004,2.78,50031.2642410122,2.5,,96.4445114135742,
Namibia,NAM,2004,29.6,3582.89503259701,18.4,,67.1026916503906,0.4625425
New Caledonia,NCL,2004,,,8.9,88.3704550509375,,
Niger,NER,2004,50.4,393.398781453199,19.1,,6.5729398727417,-0.4852167
Nigeria,NGA,2004,41.0,1824.80269456773,8.9,15.4862444164851,30.0385608673096,-1.7245397
Nicaragua,NIC,2004,,1555.87425694816,22.6,,68.6075820922852,-0.4509313
Netherlands,NLD,2004,1.4,41663.1477772692,2.5,99.9910359788821,116.085929870605,0.8645759
Norway,NOR,2004,,72090.9862854901,2.5,99.6220621412154,115.898513793945,1.062216
Nepal,NPL,2004,51.4,589.46992868617,17.8,27.8487470431828,,-2.1116627
Nauru,NRU,2004,24.5,4949.8909692212,,18.650579041738,39.701488494873,0.9474922
New Zealand,NZL,2004,,34372.5891093868,2.5,84.393570873606,118.753517150879,1.3723068
OECD members,OED,2004,7.71290395290603,32234.4407117914,3.57903730444902,,97.0134887695312,
Oman,OMN,2004,12.6,19534.8601445269,12.3,83.9573780453171,,0.9058704
Other small states,OSS,2004,30.4304588856413,9164.67108439275,11.8598677907306,,57.1097793579102,
Pakistan,PAK,2004,43.4,1146.99632842666,18.3,43.0316818761366,,-1.55583989999999
Panama,PAN,2004,20.1,7468.76593461799,16.2,,69.9115905761719,0.1001436
Peru,PER,2004,29.8,3640.60299869744,20.7,46.5304164073257,80.4402313232422,-0.935565499999999
Philippines,PHL,2004,34.1,1978.34489133113,17.6,44.6216392826264,83.6550674438477,-1.57951059999999
Palau,PLW,2004,,13599.4436174869,,69.1236367228072,97.8632507324219,0.9474922
Papua New Guinea,PNG,2004,42.0,1821.84741071002,29.0,,,-0.771937499999999
Poland,POL,2004,3.0,8323.38773754587,2.5,,99.0511016845703,0.2184787
Pre-demographic dividend,PRE,2004,41.4869719384359,1182.63790184807,23.2411114275868,,23.1740303039551,
Puerto Rico (US),PRI,2004,,30375.7895758237,,75.587876003444,,0.3827225
"Korea, Dem. People's Rep.",PRK,2004,44.2,,33.2,69.036318590008,,-0.141557799999999
Portugal,PRT,2004,4.7,19137.8370898949,2.5,93.8370741150893,100.022537231445,0.9237518
Paraguay,PRY,2004,17.3,4151.34584799423,7.9,53.0375571369897,69.9641571044922,-0.3992694
West Bank and Gaza,PSE,2004,11.1,2426.41565630382,,76.1520017846445,87.8212738037109,-1.2175
Pacific island small states,PSS,2004,17.6598246124465,3296.44443252474,6.5581729560125,,66.4432373046875,
Post-demographic dividend,PST,2004,4.0922884714865,36405.756283014,2.56735619215808,,101.426467895508,
French Polynesia,PYF,2004,,21919.9410589378,5.7,90.448717948718,,
Qatar,QAT,2004,8.2,59990.23422872,,96.3402204469615,101.124069213867,0.9882156
Romania,ROU,2004,12.4,6008.64048461485,2.5,81.6630623590111,83.237922668457,0.0299601
Russian Federation,RUS,2004,,6856.67822265625,2.5,75.4067421656206,87.7309417724609,-1.20933509999999
Rwanda,RWA,2004,48.5,418.780997277457,36.0,,14.3445196151733,-1.258417
South Asia,SAS,2004,48.18,887.193101602536,20.7699202587855,46.3694526498138,47.6684112548828,
Saudi Arabia,SAU,2004,11.5,21545.894988606,4.5,,,-0.858023
Sudan,SDN,2004,38.0,1255.67114257813,,,34.8905601501465,-1.6820213
Senegal,SEN,2004,22.0,1098.20064546027,17.1,21.078928239311,16.6612892150879,-0.198026099999999
Singapore,SGP,2004,4.2,39856.6356222613,,100.0,,1.0349931
Solomon Islands,SLB,2004,32.5,1664.57315979072,11.9,,,-0.2353602
Sierra Leone,SLE,2004,38.4,829.759768928304,44.4,5.8522042444465,,-0.407134499999999
El Salvador,SLV,2004,24.6,3081.23629665234,8.4,,67.1742630004883,-0.1469142
San Marino,SMR,2004,,58393.2236678918,,99.9999993980994,,0.9474922
"Somalia, Fed. Rep.",SOM,2004,33.6,266.257271856641,69.7,,,-2.6425033
Serbia,SRB,2004,8.5,4527.43498659451,3.1,74.5246865941974,89.8924789428711,-0.608772699999999
Sub-Saharan Africa (excluding high income),SSA,2004,40.4511427713304,1441.30774878104,21.3385227029565,20.8017930935603,26.6732807159424,
South Sudan,SSD,2004,36.7,,,,,
Sub-Saharan Africa,SSF,2004,41.77,1324.51853793772,23.2446395636853,19.4120380523365,26.6784706115723,
Small states,SST,2004,24.5138967357546,9105.86748386888,10.4729435119588,,63.3338203430176,
Sao Tome and Principe,STP,2004,27.5,1047.05796134884,11.1,27.8113580211176,40.7657203674316,0.3360332
Suriname,SUR,2004,11.6,7021.98919924338,9.4,52.5180081342911,,0.1921968
Slovak Republic,SVK,2004,,10718.2101858841,5.9,94.087019571463,94.4136505126953,0.5309546
Slovenia,SVN,2004,,18425.2601213581,2.5,91.817260330063,98.9839782714844,0.9460107
Sweden,SWE,2004,,45114.6701230708,2.5,99.4500204341846,103.179138183594,1.1927792
Eswatini,SWZ,2004,34.6,2522.14342097167,9.7,29.3808719768786,45.834659576416,-0.2902148
Sint Maarten (Dutch part),SXM,2004,,,,,,
Seychelles,SYC,2004,9.4,10412.0868936027,2.5,62.4065509346165,80.9912414550781,0.4769822
Syrian Arab Republic,SYR,2004,29.7,1363.61946683869,6.5,,60.973819732666,-0.3785497
Turks and Caicos Islands,TCA,2004,5.5,,,,85.5878601074219,
Chad,TCD,2004,42.0,845.518131173419,32.4,5.64791446914744,7.58640003204346,-1.5041461
East Asia & Pacific (IDA & IBRD countries),TEA,2004,23.1789671956444,2868.75214281979,10.7086340602706,,65.2021179199219,
Europe & Central Asia (IDA & IBRD countries),TEC,2004,,5473.20161109334,6.31270918390578,76.1187761967248,88.7538833618164,
Togo,TGO,2004,30.1,678.28759996017,26.2,11.7046920626714,28.7924709320068,-0.6772941
Thailand,THA,2004,16.2,4232.77157261934,13.6,,70.2931900024414,-0.5992561
Tajikistan,TJK,2004,38.0,590.957111385699,40.3,40.1362930652154,68.9734802246094,-1.1567713
Turkmenistan,TKM,2004,22.6,2364.26725156856,4.2,72.7857712556507,,-0.2678133
Latin America & the Caribbean (IDA & IBRD countries),TLA,2004,16.3252569398571,6799.16603256747,9.28575478640213,72.0714096907418,89.3608474731445,
Timor-Leste,TLS,2004,56.5,955.470489028291,32.4,,57.4367485046387,-0.508425999999999
"Middle East, North Africa, Afghanistan & Pakistan (IDA & IBRD)",TMN,2004,34.2917041248745,2498.0483965743,12.3997624935718,61.4051037056964,,
Tonga,TON,2004,11.8,3928.06014016386,,29.2559536653289,,0.5992819
South Asia (IDA & IBRD),TSA,2004,48.146651925984,887.193101602536,20.7699202587855,46.3694526498138,47.6684112548828,
Sub-Saharan Africa (IDA & IBRD countries),TSS,2004,41.7793522281637,1324.51853793772,23.2446395636853,19.4120380523365,26.6784706115723,
Trinidad and Tobago,TTO,2004,6.5,13657.2534995604,11.7,,87.3486480712891,-0.0608168
Tunisia,TUN,2004,11.3,3218.72320748457,4.1,77.8671301158889,,-0.0348107999999999
Turkiye,TUR,2004,16.1,7061.62219794984,12.3,,77.7478103637695,-0.6779818
Tuvalu,TUV,2004,10.9,3042.6128529965,,7.82013162818558,,0.9262076
Tanzania,TZA,2004,45.1,650.516540527344,31.5,2.14076377779176,,-0.6706073
Uganda,UGA,2004,41.9,585.339489080616,18.1,4.66566799544214,16.8686599731445,-1.15674339999999
Ukraine,UKR,2004,21.5,2042.44494628906,2.5,69.3400439436789,98.2237396240234,-0.5577038
Upper middle income,UMC,2004,18.67,4069.5833421864,8.89196701261225,72.1404267882916,73.840202331543,
Uruguay,URY,2004,13.9,10366.9067382871,2.6,,115.683738708496,0.5115505
United States,USA,2004,2.7,51098.5573007417,2.5,,,0.0797789
Uzbekistan,UZB,2004,22.7,1466.6134889113,16.0,59.1177625556977,94.2597122192383,-1.2856128
St. Vincent and the Grenadines,VCT,2004,,6071.94945269221,8.2,,100.018661499023,0.9346896
"Venezuela, RB",VEN,2004,17.3,3580.85417271298,9.3,,75.9502868652344,-1.2731843
British Virgin Islands,VGB,2004,,,,,98.6696166992188,
Virgin Islands (U.S.),VIR,2004,,44466.2872190216,,97.6563166642365,,0.4974275
Viet Nam,VNM,2004,34.8,1510.94449049599,15.3,47.8654653760388,,-0.0062905
Vanuatu,VUT,2004,25.1,2555.73432279339,8.7,17.6583703676468,37.1137084960938,0.4063828
World,WLD,2004,31.63,8388.5973377126,12.4,62.4557839969167,61.512378692627,
Samoa,WSM,2004,5.0,3535.73813824914,3.6,60.0110197232708,86.1043395996094,0.8556429
Kosovo,XKX,2004,,,,,,0.1654912
"Yemen, Rep.",YEM,2004,54.8,2185.78999159086,,,26.5026092529297,-1.6316202
South Africa,ZAF,2004,26.3,5187.35683424034,3.3,66.1376626325665,81.676643371582,-0.0156781
Zambia,ZMB,2004,50.5,895.475258534826,49.5,,,-0.1571999
Zimbabwe,ZWE,2004,34.1,1165.54447081543,30.6,29.8470722762882,,-1.5430146
Aruba,ABW,2005,,29081.7066997897,,,98.7961730957031,1.3614598
Africa Eastern and Southern,AFE,2005,43.579127982213,1314.3879382145,28.4763683484633,20.1249199799017,29.3665599822998,
Afghanistan,AFG,2005,51.3,363.640141436773,30.6,14.7265543080656,,-2.133959
Africa Western and Central,AFW,2005,38.0154352508688,1441.98859440003,13.8453762595923,19.6181109251001,25.2043399810791,
Angola,AGO,2005,35.9,2843.3966357968,42.9,,,-0.9717695
Albania,ALB,2005,27.5,2712.86983830331,8.8,52.5783349862298,,-0.6100173
Andorra,AND,2005,,40528.1938997392,,90.6400044704915,89.1366195678711,1.3245166
Arab World,ARB,2005,27.9896273979464,5412.64941314351,9.39599272366028,,61.6643486022949,
United Arab Emirates,ARE,2005,,55363.5661047143,3.1,98.2928979722659,,0.7985672
Argentina,ARG,2005,7.9,11099.7509190602,3.6,,98.7863388061523,0.0832070999999999
Armenia,ARM,2005,20.1,2240.09273209788,14.8,83.040781641149,,-0.115940599999999
American Samoa,ASM,2005,,13284.2791128875,,85.3257706527744,,0.7112288
Antigua and Barbuda,ATG,2005,,17301.2134317518,,,,0.7787714
Australia,AUS,2005,1.9,50972.640519744,2.5,,,0.9817812
Austria,AUT,2005,,40989.0131778975,2.5,97.6360362472701,97.7880630493164,1.0677694
Azerbaijan,AZE,2005,25.2,2674.3688564996,5.3,50.6113904766859,,-1.14968919999999
Burundi,BDI,2005,60.6,250.878933475935,,,11.0440502166748,-1.4998572
Belgium,BEL,2005,3.7,38645.2605193362,2.5,99.7539426318408,166.336334228516,0.8170464
Benin,BEN,2005,35.6,893.91536869992,9.2,14.8656633388753,,0.4644931
Burkina Faso,BFA,2005,40.3,499.192797571217,17.0,,11.0454902648926,0.0426849
Bangladesh,BGD,2005,48.7,739.203718353409,15.1,55.2090208115445,46.4920997619629,-1.7911255
Bulgaria,BGR,2005,8.8,5231.33811895255,6.1,92.2516589688999,89.5286712646484,0.3053882
Bahrain,BHR,2005,8.8,23439.6704353038,,98.8659747276421,88.6157684326172,-0.0516002
"Bahamas, The",BHS,2005,,33144.7878790275,,,86.6847763061523,0.8589463
Bosnia and Herzegovina,BIH,2005,11.1,3217.81341615345,2.5,87.913269042187,,-0.5961126
Belarus,BLR,2005,4.3,3877.71738911289,3.4,84.4301400017998,,0.3382598
Belize,BLZ,2005,22.9,6337.12389222378,5.0,,76.4672164916992,0.0640729999999999
Bermuda,BMU,2005,,122143.799577518,,,93.513313293457,0.7721071
Bolivia,BOL,2005,29.4,2156.18670325307,27.6,,85.2724075317383,-0.879439099999999
Brazil,BRA,2005,7.4,7409.56827992249,5.7,78.0418944913067,,-0.1740759
Barbados,BRB,2005,8.1,22250.0263806215,4.7,,107.802139282227,1.0758617
Brunei Darussalam,BRN,2005,21.1,37312.2778797122,,,97.0742797851562,1.1115893
Bhutan,BTN,2005,40.1,1632.02169500573,,30.4651145866768,42.8833503723145,1.2026354
Botswana,BWA,2005,29.3,5514.21742664705,26.9,60.42206636068,80.3644027709961,1.1343572
Central African Republic,CAF,2005,43.2,427.968043155237,34.8,7.8637822393133,,-1.4370565
Canada,CAN,2005,,41006.2229523971,2.5,98.9443709680993,99.006706237793,0.9387293
Central Europe and the Baltics,CEB,2005,5.79549198312236,9387.59188976247,2.94959692305055,,94.5416717529297,
Switzerland,CHE,2005,,76282.9840696619,2.5,96.6999983862551,91.0430221557617,1.218829
Channel Islands,CHI,2005,,,,,,
Chile,CHL,2005,2.3,10104.4208391373,2.6,93.5530488768507,92.6120986938477,0.9212744
China,CHN,2005,13.4,3465.81734409951,6.9,,,-0.5590294
Cote d'Ivoire,CIV,2005,32.3,1431.73320203111,17.6,27.851223744983,,-2.3486525
Cameroon,CMR,2005,37.0,1264.74345218659,13.8,,24.6076393127441,-0.3681294
"Congo, Dem. Rep.",COD,2005,45.7,351.708486411683,27.3,12.1618649643965,,-2.074788
"Congo, Rep.",COG,2005,30.9,2140.03686200251,28.4,31.5719629952775,,-1.26779059999999
Colombia,COL,2005,15.8,4457.27537460443,11.0,69.2631201748083,90.4880218505859,-1.9999771
Comoros,COM,2005,41.2,1274.6143662974,16.3,,,-0.6919084
Cabo Verde,CPV,2005,12.1,2514.16779255327,12.7,,76.0318069458008,0.859853
Costa Rica,CRI,2005,6.4,8655.33965418585,3.8,78.036247325685,80.8845825195312,0.8271663
Caribbean small states,CSS,2005,12.3664805213845,12638.9654635453,8.52985974212112,,87.0105285644531,
Cuba,CUB,2005,7.8,5182.35283601732,2.5,,93.3225631713867,0.4196157
Curacao,CUW,2005,,21112.3218717015,,,,
Cayman Islands,CYM,2005,,,,,83.8930282592773,1.1812157
Cyprus,CYP,2005,,25631.3671875,4.7,96.7098062817935,95.3425979614258,0.5638796
Czechia,CZE,2005,2.7,15147.7214417611,2.5,95.7516168420807,96.7818069458008,1.0432999
Germany,DEU,2005,1.3,36024.0947047021,2.5,99.8558287050819,100.427360534668,0.993342
Djibouti,DJI,2005,32.2,,28.9,,,-0.712164399999999
Dominica,DMA,2005,,7381.74728529453,5.1,,113.61287689209,0.8478312
Denmark,DNK,2005,,52015.1841169021,2.5,95.2502495483266,124.212532043457,1.1357606
Dominican Republic,DOM,2005,8.9,4549.24957008857,21.3,42.924730083772,76.9029235839844,-0.3912303
Algeria,DZA,2005,18.0,4223.60252133943,6.1,71.8302157979639,,-0.8578446
East Asia & Pacific (excluding high income),EAP,2005,22.6497063905129,3095.23156174672,10.2407310413202,,67.9784088134766,
Early-demographic dividend,EAR,2005,40.2173853176571,2409.7524782084,17.4541572590858,,54.1323089599609,
East Asia & Pacific,EAS,2005,21.3,6173.52773117604,9.86809458287219,71.8716218663521,70.5025024414062,
Europe & Central Asia (excluding high income),ECA,2005,18.573982499704,4268.51101428285,8.38077192897533,73.1176534082188,86.3354110717773,
Europe & Central Asia,ECS,2005,9.12,20464.4783927706,4.04922784915089,88.3955628825605,95.1080474853516,
Ecuador,ECU,2005,28.4,4589.32849203452,17.4,63.5186829915005,60.198299407959,-0.8556619
"Egypt, Arab Rep.",EGY,2005,25.3,2635.70305227819,5.8,67.675617946311,,-0.6948124
Euro area,EMU,2005,,32577.2810721025,2.56703653967697,,106.027038574219,
Eritrea,ERI,2005,46.8,809.794793468889,,,38.3557510375977,-0.927151699999999
Spain,ESP,2005,,26294.447384391,2.5,99.5000434029001,121.273582458496,0.261734
Estonia,EST,2005,1.6,14703.6179707772,2.5,93.3726106934292,106.102340698242,0.6875963
Ethiopia,ETH,2005,51.6,290.833381425059,36.4,6.23808702246284,18.1193408966064,-1.63723739999999
European Union,EUU,2005,,28334.7590973938,2.61463261616531,,103.165328979492,
Fragile and conflict affected situations,FCS,2005,41.2339558472556,1470.03208126605,20.0016364579075,,32.9925918579102,
Finland,FIN,2005,2.0,42529.3506920884,2.5,96.0470783409728,113.830627441406,1.5071144
Fiji,FJI,2005,6.5,4255.45097421847,4.5,39.7287159532501,,0.3524398
France,FRA,2005,,34946.0372494703,2.5,97.5877891208184,106.991889953613,0.4622453
Faroe Islands,FRO,2005,,,,,,
"Micronesia, Fed. Sts.",FSM,2005,,2824.41492288117,,,88.0796432495117,1.080277
Gabon,GAB,2005,23.4,7130.22505771754,14.3,,,0.0508535
United Kingdom,GBR,2005,3.3,43320.5628684438,2.5,99.9942840612882,106.556312561035,0.3958598
Georgia,GEO,2005,14.4,2321.60084285163,4.8,60.12748509782,91.160026550293,-0.7777854
Ghana,GHA,2005,29.7,1143.31178934301,11.1,18.8799071278454,34.3779106140137,0.0517114
Gibraltar,GIB,2005,,,,100.0,,
Guinea,GIN,2005,35.2,651.359606871604,16.4,,19.3124198913574,-1.2321228
"Gambia, The",GMB,2005,26.4,658.676285443081,17.6,28.4671691321081,,-0.0459223
Guinea-Bissau,GNB,2005,31.0,595.94255560187,18.6,19.1804305209572,,-0.5019447
Equatorial Guinea,GNQ,2005,33.2,10212.4545051498,,,15.326849937439,-0.640655699999999
Greece,GRC,2005,2.0,21880.5265835801,2.5,99.5910075761006,95.032829284668,0.5607581
Grenada,GRD,2005,,8162.91232124727,,83.2097612499412,104.430801391602,0.3164372
Greenland,GRL,2005,,36681.8055890619,,,,
Guatemala,GTM,2005,52.3,3284.80971612832,19.2,49.8168559214091,39.1436080932617,-0.903124399999999
Guam,GUM,2005,,32520.3729565352,,99.2701153904852,,0.7112288
Guyana,GUY,2005,16.9,3867.93308158647,7.1,63.6434933035413,86.8446273803711,-0.4411748
High income,HIC,2005,4.3,33082.5177948394,2.69425667077002,94.043943657948,99.1143112182617,
"Hong Kong SAR, China",HKG,2005,,32401.3907659685,2.5,98.7973744434468,83.0064697265625,1.3366084
Honduras,HND,2005,31.0,1975.85647913236,18.1,46.3982725210716,,-0.641384699999999
Heavily indebted poor countries (HIPC),HPC,2005,43.0743349112511,737.272732422018,27.2100945892418,,22.6604804992676,
Croatia,HRV,2005,,11522.7905248265,3.3,85.6313469912276,100.796699523926,0.5543108
Haiti,HTI,2005,27.1,1304.33303731231,47.7,,,-1.7445724
Hungary,HUN,2005,,11272.7345428122,2.5,84.3169191431459,96.9495697021484,1.0590737
IBRD only,IBD,2005,29.9392581373069,3445.04385258554,11.8800879695703,63.993404985669,67.4487915039062,
IDA & IBRD total,IBT,2005,34.4416728023116,2885.28754662659,13.8241943910963,57.4732815288272,57.7212715148926,
IDA total,IDA,2005,42.6408134830941,1041.06280109594,20.6761775328071,35.0552823951873,31.8400897979736,
IDA blend,IDB,2005,40.0304816977162,1501.63150824282,15.5139750633088,36.8400577125902,31.0211791992188,
Indonesia,IDN,2005,39.6,2155.4478015921,18.4,25.1970554810278,61.954891204834,-1.403589
IDA only,IDX,2005,44.0676195207949,792.915050928441,23.7580901617717,30.5617559492722,32.0196495056152,
Isle of Man,IMN,2005,,58201.5990838178,,,,
India,IND,2005,47.8,947.732565646672,21.1,45.1996271683436,50.2120513916016,-0.8561375
Not classified,INX,2005,,,,,,
Ireland,IRL,2005,3.3,50547.2123729763,2.5,76.9944161030451,114.562652587891,1.280701
"Iran, Islamic Rep.",IRN,2005,8.8,4650.35841490708,6.4,91.4589569288373,73.1008987426758,-0.6425423
Iraq,IRQ,2005,26.9,3310.86344473993,16.5,52.6159251509401,,-2.6075798
Iceland,ISL,2005,,50674.4411254865,2.5,92.8315915038896,109.665580749512,1.3669403
Israel,ISR,2005,,29623.7172812577,2.5,99.7096312936371,97.9647064208984,-0.923457
Italy,ITA,2005,,33407.6754716472,2.5,95.6149212596411,98.8290634155273,0.5970244
Jamaica,JAM,2005,6.4,5525.73577833713,7.1,,86.2242126464844,-0.327141199999999
Jordan,JOR,2005,9.5,4151.61313015439,5.4,55.5161628563948,85.5384216308594,-0.2770266
Japan,JPN,2005,6.7,33098.5474664881,,97.9138681591711,,1.1883301
Kazakhstan,KAZ,2005,15.6,6787.4115548789,7.3,69.7021252533712,,0.0846972
Kenya,KEN,2005,37.3,1223.44738472019,28.0,,45.9471015930176,-1.09707
Kyrgyz Republic,KGZ,2005,23.0,820.709519437592,7.3,49.0045330644723,82.1718826293945,-1.2443254
Cambodia,KHM,2005,44.9,866.340290123209,15.5,19.4768253834415,,-0.659880799999999
Kiribati,KIR,2005,18.8,1368.99716100101,4.5,10.3537627603094,89.7085266113281,1.3245166
St. Kitts and Nevis,KNA,2005,,16000.5658929826,,,93.4050521850586,1.2433007
"Korea, Rep.",KOR,2005,2.3,22123.7613066851,2.5,97.2303189641612,97.5727310180664,0.6581189
Kuwait,KWT,2005,4.3,40451.2551656974,2.5,100.0,113.676391601562,0.2714609
Latin America & Caribbean (excluding high income),LAC,2005,16.1463399509629,6946.74709329377,8.83751531518493,70.8598039802171,90.2489166259766,
Lao PDR,LAO,2005,47.4,1148.68153852071,,9.0438596547213,37.047550201416,-0.3800286
Lebanon,LBN,2005,15.9,6707.18024635316,7.1,44.6131364793651,70.1318969726562,-0.994613099999999
Liberia,LBR,2005,41.2,539.665378841936,35.7,,,-1.3279822
Libya,LBY,2005,27.2,12628.896152656,4.9,,102.042678833008,0.2379931
St. Lucia,LCA,2005,2.8,9527.58469430542,,,87.2725067138672,1.0138788
Latin America & Caribbean,LCN,2005,15.83,7160.79420102628,8.56152709047677,71.8798887263683,89.802131652832,
Least developed countries: UN classification,LDC,2005,45.2184370159242,752.258316981261,25.5827417908669,,27.8581790924072,
Low income,LIC,2005,45.65,768.323976866059,26.8504901010834,23.2432287407324,24.3522205352783,
Liechtenstein,LIE,2005,,,,100.0,99.6525421142578,1.3245166
Sri Lanka,LKA,2005,19.2,2268.6880127005,14.2,45.7027013535073,,-1.1869001
Lower middle income,LMC,2005,42.37,1233.84653222683,18.7507135302841,49.1128469066968,46.6362800598145,
Low & middle income,LMY,2005,34.74,2681.80911389239,14.1077712014917,,57.3966217041016,
Lesotho,LSO,2005,41.8,853.960500629797,,13.3942678155641,40.7864608764648,-0.0903744
Late-demographic dividend,LTE,2005,14.4063732462703,4662.84590388694,7.2007773322308,,76.9773025512695,
Lithuania,LTU,2005,2.4,9692.86853763267,2.5,74.106065388827,104.165756225586,0.8170275
Luxembourg,LUX,2005,,101222.044353044,2.5,99.8268021352585,96.6965484619141,1.2513173
Latvia,LVA,2005,2.8,10106.2626157732,2.5,92.6295346250527,102.411727905273,0.8556287
"Macao SAR, China",MAC,2005,,49470.940295748,14.9,99.9781618224666,93.4739303588867,1.2548508
St. Martin (French part),MAF,2005,,,,96.7,,
Morocco,MAR,2005,20.5,2342.15478515625,4.8,43.663147929186,45.7038993835449,-0.5634806
Monaco,MCO,2005,,132253.218402608,,100.0,,0.9293244
Moldova,MDA,2005,10.2,1919.44550763748,32.3,50.4651241525008,,-0.3647959
Madagascar,MDG,2005,54.3,450.955230911228,32.9,9.99408559898276,20.1245708465576,-0.0435418
Maldives,MDV,2005,26.8,7141.88377049891,,,,0.6725138
"Middle East, North Africa, Afghanistan & Pakistan",MEA,2005,32.68,4413.06728927417,11.1365138619436,62.8431629651539,48.9622802734375,
Mexico,MEX,2005,17.0,9491.51730225718,4.0,40.7216293084259,83.1119232177734,-0.3587092
Marshall Islands,MHL,2005,40.0,3284.78403267445,,,73.9568328857422,0.9705879
Middle income,MIC,2005,32.96,2831.05223711224,13.3106852887481,,60.7172584533691,
North Macedonia,MKD,2005,8.6,3657.56307699216,4.5,80.2905677303345,82.7081069946289,-0.9533971
Mali,MLI,2005,36.5,794.373328211361,11.2,,17.6681499481201,0.177881
Malta,MLT,2005,5.9,18123.2685184554,2.5,100.0,99.2456588745117,1.1222549
Myanmar,MMR,2005,39.4,522.099544791815,24.8,35.0099417354844,45.826358795166,-0.9344471
"Middle East, North Africa, Afghanistan & Pakistan (excluding high income)",MNA,2005,34.0162384959032,2562.3377597191,11.6767165448902,61.7105716542087,,
Montenegro,MNE,2005,8.3,4967.68527082416,4.1,,92.1368026733398,0.7613657
Mongolia,MNG,2005,23.0,2060.26168223171,28.4,23.1709711271026,96.3413619995117,0.8633542
Northern Mariana Islands,MNP,2005,,21882.2927935415,,80.2824346274607,,
Mozambique,MOZ,2005,46.5,391.699758163976,29.2,10.7975621954471,10.5513401031494,-0.0829699
Mauritania,MRT,2005,32.4,1418.53202144135,10.3,,20.7180900573731,-0.430211099999999
Mauritius,MUS,2005,10.2,6556.38819193225,5.4,,87.766487121582,1.0395271
Malawi,MWI,2005,53.6,410.267979592536,21.5,8.88275570763886,24.8580207824707,-0.0355158
Malaysia,MYS,2005,18.3,7234.02442689141,3.2,92.619514821837,81.4064178466797,0.4092882
North America,NAC,2005,2.73,51286.8105378707,2.5,95.412136799094,96.2285079956055,
Namibia,NAM,2005,29.2,3627.75059772278,19.9,,65.8467407226562,0.5812349
New Caledonia,NCL,2005,,,8.9,89.0369951503331,,
Niger,NER,2005,49.8,407.190931059924,18.0,,7.39444017410278,-0.4096853
Nigeria,NGA,2005,40.6,1889.25175325818,9.1,16.3721207168181,30.5882091522217,-1.7338852
Nicaragua,NIC,2005,,1601.48770707458,21.9,,71.9072418212891,-0.3908856
Netherlands,NLD,2005,1.4,42411.3453838518,2.5,99.9894596483034,116.514122009277,1.0093119
Norway,NOR,2005,,73524.2549197612,2.5,99.5940826337239,112.202201843262,1.267795
Nepal,NPL,2005,50.2,603.190108570995,16.9,28.0998872200253,40.9631500244141,-2.1457885
Nauru,NRU,2005,24.6,4955.30929946913,,18.6512081952054,45.1038589477539,0.9705879
New Zealand,NZL,2005,,35126.3341641095,2.5,84.3935693258313,122.798377990723,1.3418499
OECD members,OED,2005,7.52139998018381,32918.4900985192,3.41074513513467,,97.7831192016602,
Oman,OMN,2005,12.3,19629.0451546015,10.1,84.3256642896651,85.8983535766602,0.9464385
Other small states,OSS,2005,30.0948689087108,9487.11347008899,11.2048700628908,,58.4451484680176,
Pakistan,PAK,2005,44.1,1201.23359367214,16.9,43.1435522186286,,-1.7357942
Panama,PAN,2005,20.7,7935.87134515908,14.8,,70.0244979858398,-0.0584832999999999
Peru,PER,2005,28.3,3835.13219279722,17.9,46.9035186602477,81.2227935791016,-0.914410899999999
Philippines,PHL,2005,34.0,2037.8776605946,17.3,44.7524783096199,83.67626953125,-1.1762537
Palau,PLW,2005,,13992.4700518965,,70.2103379796176,,0.9705879
Papua New Guinea,PNG,2005,43.3,1875.82273480514,27.9,,,-1.048107
Poland,POL,2005,2.9,8598.57681241557,2.5,91.1433872978585,100.700813293457,0.5169171
Pre-demographic dividend,PRE,2005,41.0136679644096,1216.92124399816,22.0274532832513,,24.1649799346924,
Puerto Rico (US),PRI,2005,,29815.216422231,,75.7018571873588,,0.411619
"Korea, Dem. People's Rep.",PRK,2005,41.7,,34.5,68.8284056536318,,-0.126368199999999
Portugal,PRT,2005,4.7,19251.71450683,2.5,93.8749089680581,101.168586730957,1.0744066
Paraguay,PRY,2005,16.8,4193.28086525675,7.4,53.7541677638648,70.1815185546875,-0.490811899999999
West Bank and Gaza,PSE,2005,11.2,2632.24627423958,,76.548777893781,89.1882629394531,-1.4705309
Pacific island small states,PSS,2005,17.8456290563506,3338.28075619483,6.87110344116155,,66.5287170410156,
Post-demographic dividend,PST,2005,4.07178750959874,37234.4196491304,2.55046928409848,,101.675567626953,
French Polynesia,PYF,2005,,21661.4244664054,5.6,90.448717948718,,
Qatar,QAT,2005,7.9,60416.7101500199,,96.3402204469615,102.335876464844,1.075569
Romania,ROU,2005,12.1,6328.09022324183,2.5,81.7001353244973,81.6252365112305,0.1428475
Russian Federation,RUS,2005,,7323.38525390625,2.5,75.4319466983241,86.1054534912109,-1.099717
Rwanda,RWA,2005,48.4,446.029809636404,36.7,,15.3492403030396,-1.1195935
South Asia,SAS,2005,47.6,940.169909002488,20.269125919691,47.8320836297037,50.1592597961426,
Saudi Arabia,SAU,2005,11.8,21838.1915349374,4.2,,98.349739074707,-0.4301624
Sudan,SDN,2005,38.0,1290.24438476563,,,34.6907081604004,-2.1100103
Senegal,SEN,2005,21.5,1119.0505307548,15.8,21.3883259285147,18.9345207214356,-0.2606176
Singapore,SGP,2005,4.1,41798.4880834671,,100.0,,1.1381609
Solomon Islands,SLB,2005,32.9,1755.74082446273,12.2,,27.2854099273682,-0.158465599999999
Sierra Leone,SLE,2005,38.1,842.906030904902,40.2,6.05914807762509,,-0.432268999999999
El Salvador,SLV,2005,23.5,3163.36118376833,8.9,,67.4095611572266,-0.0697981
San Marino,SMR,2005,,59049.5774485922,,100.0,,0.9705879
"Somalia, Fed. Rep.",SOM,2005,33.4,275.457040798093,69.7,,,-2.5984936
Serbia,SRB,2005,8.2,4809.1384076488,2.6,74.5512268510666,90.3657913208008,-0.738603599999999
Sub-Saharan Africa (excluding high income),SSA,2005,40.0372813012897,1485.37551435245,20.4097275112416,21.317673261107,27.6099700927734,
South Sudan,SSD,2005,36.0,,,,,
Sub-Saharan Africa,SSF,2005,41.28,1366.27424482585,22.1298329914054,19.9171130147852,27.6153392791748,
Small states,SST,2005,24.4320770176157,9451.28413237528,10.0217195912872,,64.2955093383789,
Sao Tome and Principe,STP,2005,26.3,1089.14778798762,10.4,28.2949235754665,44.7436714172363,0.4933406
Suriname,SUR,2005,11.1,7261.8171350196,8.8,52.7126569026065,78.6488189697266,0.36885
Slovak Republic,SVK,2005,,11412.1593630008,5.6,94.725376808649,95.744010925293,0.9433959
Slovenia,SVN,2005,,19102.2776603905,2.5,91.8126688457622,98.4201812744141,1.1193612
Sweden,SWE,2005,,46189.6828420555,2.5,99.4620072879007,101.34204864502,1.2767716
Eswatini,SWZ,2005,34.0,2658.75180508187,11.7,29.8747636188833,48.8366012573242,-0.479008599999999
Sint Maarten (Dutch part),SXM,2005,,,,,,
Seychelles,SYC,2005,9.2,11297.3118190493,2.8,62.5213349692885,87.5332717895508,0.7634168
Syrian Arab Republic,SYR,2005,29.6,1411.63184941498,6.2,,64.111328125,-0.4639644
Turks and Caicos Islands,TCA,2005,5.3,,,,93.9393920898438,
Chad,TCD,2005,41.7,952.871910097036,30.9,5.67687941939293,7.99178981781006,-1.4912872
East Asia & Pacific (IDA & IBRD countries),TEA,2005,22.4003219878154,3131.70612955601,9.92395277760818,,67.6620712280273,
Europe & Central Asia (IDA & IBRD countries),TEC,2005,,5833.95966556779,5.55569702026306,78.1631197902398,87.1847305297852,
Togo,TGO,2005,29.8,630.248678309054,24.8,12.1345267940647,30.9342098236084,-1.8551464
Thailand,THA,2005,16.2,4372.25730206261,11.8,,74.191291809082,-0.8216996
Tajikistan,TJK,2005,36.7,618.333702588577,38.1,41.3675997144111,69.2418670654297,-1.2068587
Turkmenistan,TKM,2005,21.0,2622.61796328876,4.3,74.3098285895233,,0.0024487999999999
Latin America & the Caribbean (IDA & IBRD countries),TLA,2005,15.9147320735458,6997.41671457478,8.68823431329891,72.5570329220725,89.7480316162109,
Timor-Leste,TLS,2005,56.8,964.026656178075,30.0,,59.5954513549805,-0.8038797
"Middle East, North Africa, Afghanistan & Pakistan (IDA & IBRD)",TMN,2005,34.2030790317045,2561.89007487955,11.6767165448902,61.6078603078407,,
Tonga,TON,2005,11.2,3880.07037654517,,29.2803194856045,,0.5996241
South Asia (IDA & IBRD),TSA,2005,47.6223777011189,940.169909002488,20.269125919691,47.8320836297037,50.1592597961426,
Sub-Saharan Africa (IDA & IBRD countries),TSS,2005,41.2718170300245,1366.27424482585,22.1298329914054,19.9171130147852,27.6153392791748,
Trinidad and Tobago,TTO,2005,6.9,15075.4179709902,11.1,69.3595884569698,,-0.0605903
Tunisia,TUN,2005,11.0,3301.93817216029,4.0,78.1089443615353,87.7173919677734,-0.0900783
Turkiye,TUR,2005,15.6,7623.14640948457,9.4,,78.0205230712891,-0.3737719
Tuvalu,TUV,2005,10.6,2864.90524160208,,7.87172019266427,,1.3245166
Tanzania,TZA,2005,44.3,680.051208496094,28.5,2.925730250571,,-0.575043299999999
Uganda,UGA,2005,41.2,604.404813057618,18.8,5.22724268755798,,-1.306617
Ukraine,UKR,2005,21.0,2122.6015625,2.5,71.9543066457516,91.2730178833008,-0.3902796
Upper middle income,UMC,2005,18.02,4340.46159471507,8.18866966977386,72.7021169678655,75.7810897827148,
Uruguay,URY,2005,13.3,11131.3984890038,2.5,,109.80770111084,0.8238091
United States,USA,2005,2.6,52393.4513113092,2.5,95.355088514175,95.9484786987305,0.1993466
Uzbekistan,UZB,2005,21.5,1549.04577531643,13.0,60.436912850332,86.4646072387695,-1.8095801
St. Vincent and the Grenadines,VCT,2005,,6244.35953746008,7.4,,102.079788208008,1.1502148
"Venezuela, RB",VEN,2005,16.9,3884.70081071301,7.8,,78.2394714355469,-1.1780576
British Virgin Islands,VGB,2005,,,,,112.334800720215,
Virgin Islands (U.S.),VIR,2005,,46021.5905731819,,97.729290902858,,0.4602395
Viet Nam,VNM,2005,33.4,1609.96268313651,15.2,48.4153894204967,,0.3438984
Vanuatu,VUT,2005,25.5,2626.85057870874,8.5,17.7666909427897,,1.2631573
World,WLD,2005,31.21,8618.44740525166,11.9,62.8072334946997,62.6939315795898,
Samoa,WSM,2005,4.9,3755.78242822467,3.7,60.1099594347788,85.8627319335938,1.0518826
Kosovo,XKX,2005,,,,,,0.1975151
"Yemen, Rep.",YEM,2005,54.4,2237.63762643152,,,26.5409603118896,-1.53964149999999
South Africa,ZAF,2005,26.2,5406.07581377638,3.3,66.9433606680798,83.6589126586914,-0.0157871999999999
Zambia,ZMB,2005,49.7,929.079255855905,49.4,,,-0.0427972
Zimbabwe,ZWE,2005,34.2,1088.63148420699,29.5,29.627146794599,,-1.551972
Aruba,ABW,2006,,28885.9118700469,,,99.4164505004883,1.3644361
Africa Eastern and Southern,AFE,2006,42.9102782926153,1364.70525366925,26.914058438974,20.5368406886162,30.7157497406006,
Afghanistan,AFG,2006,50.3,367.75831169358,26.6,15.5424169809884,,-2.1468441
Africa Western and Central,AFW,2006,37.6395664498974,1475.92318265943,13.3482886483736,20.3418903983287,25.3873996734619,
Angola,AGO,2006,34.2,3065.05576243895,36.0,,,-0.6714135
Albania,ALB,2006,26.1,2894.36032580174,8.7,54.4670824691318,,-0.549163
Andorra,AND,2006,,41322.0723316534,,90.6400011295933,86.9112319946289,1.3279824
Arab World,ARB,2006,27.7449362060718,5614.91183040313,9.16200463084899,,61.9617195129395,
United Arab Emirates,ARE,2006,,56629.9761392644,3.8,98.3179531006501,,0.9097486
Argentina,ARG,2006,7.6,11870.2791559298,3.3,,98.0361328125,0.0814603
Armenia,ARM,2006,20.0,2551.43546358452,10.9,83.1208383749804,,-0.1845154
American Samoa,ASM,2006,,12794.7565021718,,86.0161345343412,,0.715717
Antigua and Barbuda,ATG,2006,,19259.6486517907,,,,0.7812606
Australia,AUS,2006,2.2,51682.8925230537,2.5,,,1.0119464
Austria,AUT,2006,,42120.1557002022,2.5,97.7887332443163,98.4202194213867,1.0633138
Azerbaijan,AZE,2006,24.5,3556.83212858133,3.1,50.9665095668969,,-0.986625299999999
Burundi,BDI,2006,60.0,255.105582251925,,,12.2075300216675,-1.2706416
Belgium,BEL,2006,3.6,39371.0858277448,2.5,99.7539408681583,168.262008666992,0.8276559
Benin,BEN,2006,35.8,900.62053578735,8.9,15.0106596214669,,0.6060891
Burkina Faso,BFA,2006,39.8,514.113131757062,16.5,,11.844220161438,0.1098282
Bangladesh,BGD,2006,47.4,779.419570444998,15.4,55.1740477761124,46.8596611022949,-1.6643404
Bulgaria,BGR,2006,8.7,5629.80127993005,6.3,92.7834809936946,90.6530914306641,0.3206462
Bahrain,BHR,2006,8.4,23095.0181330228,,98.900113160889,88.737678527832,-0.2753885
"Bahamas, The",BHS,2006,,33541.850748701,,,87.0278396606445,0.7762725
Bosnia and Herzegovina,BIH,2006,10.9,3419.75887457192,2.5,88.0000569309723,,-0.3864629
Belarus,BLR,2006,4.0,4291.68647163264,2.5,85.4615062456089,,0.1789591
Belize,BLZ,2006,22.4,6435.58767337678,4.9,,77.7098617553711,0.0840894
Bermuda,BMU,2006,,128662.931924261,,,87.4717788696289,0.7750833
Bolivia,BOL,2006,28.3,2221.42722587103,26.0,,84.9520263671875,-0.622095699999999
Brazil,BRA,2006,7.2,7622.03919432148,5.1,78.293431641364,,-0.2563589
Barbados,BRB,2006,8.1,23487.4418767503,4.1,,108.45157623291,0.9369694
Brunei Darussalam,BRN,2006,20.8,38229.3565684183,,,100.890647888184,1.1147081
Bhutan,BTN,2006,38.9,1701.11878173586,,30.7944529357188,45.8921585083008,1.021296
Botswana,BWA,2006,28.9,5865.00026521361,26.6,61.6906773839498,83.5707702636719,1.2166136
Central African Republic,CAF,2006,43.0,439.294330902768,33.0,7.73617226649934,,-1.72564379999999
Canada,CAN,2006,,41663.5123057295,2.5,98.8321898369146,99.2596435546875,0.9917855
Central Europe and the Baltics,CEB,2006,5.59088452607984,10036.4787965852,2.94378166944954,,95.7903518676758,
Switzerland,CHE,2006,,78893.8078199046,2.5,96.7000020077453,91.4252090454102,1.1903535
Channel Islands,CHI,2006,,,,,,
Chile,CHL,2006,2.2,10611.6144012877,2.7,93.9337472994899,92.9499893188477,0.8696697
China,CHN,2006,12.3,3883.35412942474,6.0,,74.5925979614258,-0.5305461
Cote d'Ivoire,CIV,2006,32.2,1437.77453798586,17.5,28.3440940576862,,-1.90764699999999
Cameroon,CMR,2006,36.6,1277.32990712342,11.2,,21.4851398468018,-0.2662983
"Congo, Dem. Rep.",COD,2006,45.4,358.454382275579,27.4,12.1370950807089,,-2.05310459999999
"Congo, Rep.",COG,2006,29.9,2226.0233547376,30.5,33.1683540847855,,-0.8804342
Colombia,COL,2006,15.3,4694.03442939175,11.3,69.5578487233173,94.4033432006836,-1.833559
Comoros,COM,2006,40.3,1227.24636392125,16.1,,,-0.392569699999999
Cabo Verde,CPV,2006,11.6,2683.83943856892,13.1,,89.9302597045898,0.9522799
Costa Rica,CRI,2006,6.4,9160.29437453236,3.3,78.2916744536477,88.0462265014648,0.8662239
Caribbean small states,CSS,2006,12.366056258068,13550.3562471238,8.18559420009655,,88.0535583496094,
Cuba,CUB,2006,7.8,5799.41163668615,2.5,,94.1421432495117,0.4911177
Curacao,CUW,2006,,20913.6629896021,,,,
Cayman Islands,CYM,2006,,96066.629965728,,,85.9129409790039,1.184192
Cyprus,CYP,2006,,26395.50390625,3.8,96.9050172788264,94.5044784545898,0.6425719
Czechia,CZE,2006,2.7,16107.3042502688,2.5,96.01747714198,98.0861129760742,1.0736057
Germany,DEU,2006,1.3,37459.261328042,2.5,99.862336942101,101.229377746582,1.0364686
Djibouti,DJI,2006,31.9,,24.6,,,-0.1371762
Dominica,DMA,2006,,7698.53701483824,4.6,,112.754333496094,0.9726788
Denmark,DNK,2006,,53823.1590295482,2.5,95.5734467306803,120.008277893066,1.0918283
Dominican Republic,DOM,2006,8.8,4904.71715839398,18.9,43.1192016536985,,-0.1540857
Algeria,DZA,2006,17.1,4279.61547120827,5.8,72.2551972244159,,-1.055417
East Asia & Pacific (excluding high income),EAP,2006,21.9067758414976,3410.67408690719,9.45942423140173,,71.2711868286133,
Early-demographic dividend,EAR,2006,39.6768327806745,2515.60216032264,16.005061444036,,55.6428298950195,
East Asia & Pacific,EAS,2006,20.64,6524.30999120138,9.12829154862377,72.4603418043039,73.6256332397461,
Europe & Central Asia (excluding high income),ECA,2006,17.8442400656223,4598.69648089427,6.8279278623893,74.3395100161514,88.6434173583984,
Europe & Central Asia,ECS,2006,8.84,21196.6642243836,3.65519248408046,88.7389845659972,95.684700012207,
Ecuador,ECU,2006,28.8,4706.98056823816,15.0,63.8895127466381,62.4189910888672,-0.7680718
"Egypt, Arab Rep.",EGY,2006,25.4,2761.62410769792,5.4,68.2762855307669,,-0.676554
Euro area,EMU,2006,,33499.6140523812,2.55790392028426,,106.404571533203,
Eritrea,ERI,2006,48.0,789.402432018085,,,39.934700012207,-0.8838642
Spain,ESP,2006,,26899.0921497113,2.5,99.5355576882227,121.005409240723,0.1286074
Estonia,EST,2006,1.6,16234.5152041417,2.5,93.7124832185729,106.238578796387,0.7247609
Ethiopia,ETH,2006,50.4,313.013896721503,32.7,6.46039644280695,21.5401401519775,-1.68960159999999
European Union,EUU,2006,,29246.6456488849,2.61048394874798,,103.802017211914,
Fragile and conflict affected situations,FCS,2006,40.7536195055794,1523.62890028503,18.8297148122822,,33.6764984130859,
Finland,FIN,2006,2.0,44069.3958834717,2.5,96.3813576114014,112.610382080078,1.4689255
Fiji,FJI,2006,7.0,4295.40679748345,5.0,39.8282330131745,82.5951385498047,-0.1642534
France,FRA,2006,,35645.4162427116,2.5,97.710207897003,106.926139831543,0.5971816
Faroe Islands,FRO,2006,,,,,,
"Micronesia, Fed. Sts.",FSM,2006,,2836.18187521481,,,,1.0827663
Gabon,GAB,2006,22.7,6724.08148977274,14.5,,,0.0509
United Kingdom,GBR,2006,3.2,43944.9985799069,2.5,99.9852638554868,99.3644409179688,0.6600601
Georgia,GEO,2006,13.9,2554.81253503914,5.3,60.340476430603,96.5612411499023,-0.8124382
Ghana,GHA,2006,28.8,1185.26570738595,10.4,19.9907324615894,36.2336196899414,-0.0780160999999999
Gibraltar,GIB,2006,,,,100.0,,
Guinea,GIN,2006,35.5,645.472001923653,16.8,,22.1961803436279,-1.83787
"Gambia, The",GMB,2006,26.2,636.596026908866,15.5,29.5074608863861,,-0.1468782
Guinea-Bissau,GNB,2006,30.6,597.257151722046,19.3,19.4770684272533,,-0.431672399999999
Equatorial Guinea,GNQ,2006,32.3,10521.9996774827,,,,0.1001595
Greece,GRC,2006,1.9,23220.5324419197,2.5,99.6324366307824,94.9060592651367,0.5122129
Grenada,GRD,2006,,7808.24358323434,,84.118329645266,,0.3189265
Greenland,GRL,2006,,38828.8524943222,,,,
Guatemala,GTM,2006,52.0,3388.15003339926,18.1,49.7953997018597,41.1204605102539,-0.877614999999999
Guam,GUM,2006,,31242.462900947,,99.2119657725059,,0.715717
Guyana,GUY,2006,17.2,4076.77981715707,7.6,63.8167787895167,,-0.6630496
High income,HIC,2006,4.27,33950.2397036779,2.6850825770879,94.1975616838751,98.7770233154297,
"Hong Kong SAR, China",HKG,2006,,34458.0498746756,2.5,98.8835572884152,82.9267272949219,1.3735027
Honduras,HND,2006,29.8,2056.53491469231,16.9,47.8412965841516,64.3261108398438,-0.6520476
Heavily indebted poor countries (HIPC),HPC,2006,42.4565294262566,757.521668994488,25.7070232049877,,24.0221900939941,
Croatia,HRV,2006,,12104.0421469867,2.7,85.7458623852826,100.721687316895,0.719055
Haiti,HTI,2006,26.6,1305.03813815611,45.9,,,-1.3887429
Hungary,HUN,2006,,11734.4544729813,2.5,84.6248188124471,97.4231414794922,0.9668372
IBRD only,IBD,2006,29.3036560000649,3692.82779557534,10.8018630392289,64.51396279609,69.0072326660156,
IDA & IBRD total,IBT,2006,33.9041333638763,3077.74191466409,12.7626685124264,57.8768137204519,58.9379806518555,
IDA total,IDA,2006,42.12944429796,1077.82305096995,19.5829537124839,35.4607910942492,33.1068687438965,
IDA blend,IDB,2006,40.0220258075608,1548.60504186971,14.6323557652967,37.0752998935732,32.7400398254395,
Indonesia,IDN,2006,39.6,2244.0802226202,18.1,25.5275946318436,65.5009613037109,-1.1230422
IDA only,IDX,2006,43.2842552275035,823.90017446983,22.5439305060335,31.0843173566499,33.0285301208496,
Isle of Man,IMN,2006,,62075.7601604994,,,,
India,IND,2006,47.2,1008.23275343783,18.9,46.7534238129321,51.390209197998,-0.8196652
Not classified,INX,2006,,,,,,
Ireland,IRL,2006,3.2,51656.8194855887,2.5,78.1899908927392,113.762756347656,1.3008535
"Iran, Islamic Rep.",IRN,2006,8.1,4778.7934584732,6.9,91.6583609167814,75.411491394043,-0.787821
Iraq,IRQ,2006,26.5,3471.98744698568,16.5,53.0880720100668,,-2.6684044
Iceland,ISL,2006,,52306.1284689188,2.5,93.3667934437735,109.666450500488,1.3790391
Israel,ISR,2006,,30734.9619835354,2.5,99.6966707836185,97.8787307739258,-0.984717099999999
Italy,ITA,2006,,33873.0493680093,2.5,95.6879866413116,99.1188430786133,0.5813047
Jamaica,JAM,2006,6.3,5656.66803579988,7.3,,,-0.349823
Jordan,JOR,2006,9.3,4209.86864014361,5.6,57.1130383253322,88.3580093383789,-0.7383727
Japan,JPN,2006,6.8,33531.518563066,,97.9589807715425,,1.2340831
Kazakhstan,KAZ,2006,15.3,7450.39687062615,6.3,71.3062007363314,96.475227355957,0.0939860999999999
Kenya,KEN,2006,36.7,1263.54164666211,25.8,,46.934700012207,-1.03691319999999
Kyrgyz Republic,KGZ,2006,21.9,837.138026647346,8.0,50.7982506303351,82.4580535888672,-1.27015979999999
Cambodia,KHM,2006,43.7,947.065220050691,14.4,19.9438667897233,34.3806800842285,-0.5438366
Kiribati,KIR,2006,18.6,1419.38709899471,4.4,10.5680224637348,89.5072708129883,1.3279824
St. Kitts and Nevis,KNA,2006,,16457.8622372067,,,,1.24579
"Korea, Rep.",KOR,2006,2.3,23162.1860111297,2.5,97.2303189641611,96.9087905883789,0.6091619
Kuwait,KWT,2006,4.5,41137.969927672,2.5,100.0,103.89916229248,0.4019243
Latin America & Caribbean (excluding high income),LAC,2006,15.7740766913586,7223.70712678657,8.14568456573338,71.1279178391121,88.4776229858398,
Lao PDR,LAO,2006,46.8,1228.08927619923,,9.34303376606844,36.8837394714355,-0.0903443
Lebanon,LBN,2006,15.7,6696.37428200596,6.2,44.8490911333333,70.9933471679688,-1.50874889999999
Liberia,LBR,2006,40.5,551.377446611852,35.4,,,-1.2364099
Libya,LBY,2006,28.3,13176.7758911904,5.2,,105.584159851074,0.1965753
St. Lucia,LCA,2006,2.6,10045.6504032593,,,91.7881317138672,0.9245992
Latin America & Caribbean,LCN,2006,15.45,7448.60250979922,7.86797004262315,72.1355825948023,88.2992324829102,
Least developed countries: UN classification,LDC,2006,44.3894308587047,784.786114587078,24.1536342095923,,28.9091606140137,
Low income,LIC,2006,44.98,785.049519848458,26.0094309391754,23.6365306022233,25.7542400360107,
Liechtenstein,LIE,2006,,,,100.0,99.6570587158203,1.3279824
Sri Lanka,LKA,2006,19.0,2426.34873273046,13.5,45.8829944206069,,-1.4554966
Lower middle income,LMC,2006,41.81,1296.74423468298,17.2416922902085,50.2282672037613,47.5838317871094,
Low & middle income,LMY,2006,34.19,2861.63623205145,13.044922346319,,58.6218414306641,
Lesotho,LSO,2006,41.6,893.750686627156,,14.3948239754967,42.6532783508301,-0.1298961
Late-demographic dividend,LTE,2006,13.5608774776938,5063.68908694481,6.54904814604498,,79.0702819824219,
Lithuania,LTU,2006,2.4,10577.2145522871,2.5,75.7552489751264,106.662200927734,0.7891625
Luxembourg,LUX,2006,,105614.178851764,2.5,99.825980626967,96.5267333984375,1.3608359
Latvia,LVA,2006,2.7,11507.4648265658,2.5,92.6984295558456,103.948348999023,0.9064264
"Macao SAR, China",MAC,2006,,53240.2045750276,13.9,99.9797852841058,93.9249725341797,0.9553274
St. Martin (French part),MAF,2006,,,,96.7,,
Morocco,MAR,2006,19.6,2489.99291992188,4.8,45.3949015609245,48.9838714599609,-0.3798256
Monaco,MCO,2006,,140615.178788026,,100.0,,0.9339598
Moldova,MDA,2006,9.6,2017.17730062908,30.6,52.7754694392617,,-0.211308299999999
Madagascar,MDG,2006,53.7,461.540337897729,30.6,10.624836102476,22.5522499084473,0.1406385
Maldives,MDV,2006,24.8,8620.72814678183,,,,0.6537918
"Middle East, North Africa, Afghanistan & Pakistan",MEA,2006,32.59,4564.98448996785,10.5175224894114,63.0636002969757,50.9403991699219,
Mexico,MEX,2006,16.5,9813.8280424425,3.7,40.858261015829,85.4489822387695,-0.5961789
Marshall Islands,MHL,2006,39.3,3285.12078781351,,,79.8606872558594,0.9803401
Middle income,MIC,2006,32.4,3026.12925447476,12.2201415121673,,62.0681991577148,
North Macedonia,MKD,2006,8.5,3866.74650622977,4.1,80.2967067415485,,-0.6274535
Mali,MLI,2006,35.6,797.100532884951,9.8,,19.1023693084717,0.4847829
Malta,MLT,2006,5.7,18479.213008171,2.5,99.9999978183576,95.9733276367188,1.0634984
Myanmar,MMR,2006,38.1,586.085579935448,21.0,36.6842261788056,47.8843383789062,-0.787107799999999
"Middle East, North Africa, Afghanistan & Pakistan (excluding high income)",MNA,2006,33.9443435807999,2639.88906827009,11.0352228182779,61.9217298792452,,
Montenegro,MNE,2006,8.5,5386.53833750521,3.0,83.8627314419727,93.0442962646484,0.2036379
Mongolia,MNG,2006,21.4,2209.74321787628,26.5,24.3269859322999,96.3707962036133,0.6573716
Northern Mariana Islands,MNP,2006,,20940.1619770428,,80.3672927816132,,
Mozambique,MOZ,2006,46.0,420.526462764726,27.3,11.4235374815228,12.6779804229736,0.2636579
Mauritania,MRT,2006,31.0,1637.04191255803,9.3,,20.9435291290283,0.1309329
Mauritius,MUS,2006,9.8,6843.39977734988,5.4,,88.2761993408203,0.8914789
Malawi,MWI,2006,52.7,417.877689776503,19.3,9.29681545852505,26.8940505981445,-0.0703742
Malaysia,MYS,2006,18.3,7469.8106921211,3.4,92.7671153080116,80.2904510498047,0.2101206
North America,NAC,2006,2.69,52201.3765308573,2.5,95.4143628133738,94.9494400024414,
Namibia,NAM,2006,28.8,3834.99894666178,22.0,,65.4616622924805,0.703831
New Caledonia,NCL,2006,,,8.9,89.7057311342468,,
Niger,NER,2006,49.1,415.852022114801,17.0,,8.45728969573975,-0.1317713
Nigeria,NGA,2006,40.3,1949.15856804565,9.2,17.283138886882,29.7225399017334,-1.8286711
Nicaragua,NIC,2006,,1644.37193565251,20.9,,72.6188430786133,-0.2789194
Netherlands,NLD,2006,1.4,43841.1223404104,2.5,99.9878850795394,117.278106689453,0.9634029
Norway,NOR,2006,,74729.7365961068,2.5,99.5661060317739,111.259620666504,1.2311357
Nepal,NPL,2006,48.9,617.477638588722,16.0,28.3503651944172,39.2674293518066,-1.86698569999999
Nauru,NRU,2006,24.3,5382.10161869099,,18.6518373486728,62.7421798706055,0.9803401
New Zealand,NZL,2006,,35665.3533259784,2.5,85.3742870101594,120.178230285645,1.2825155
OECD members,OED,2006,7.32227689250366,33673.9718111843,3.21684128898913,,97.8382797241211,
Oman,OMN,2006,12.1,20096.3965576134,8.3,84.6906189251478,88.3451995849609,0.8435712
Other small states,OSS,2006,29.7765916292248,9959.86385190429,10.7264543521884,,59.8727684020996,
Pakistan,PAK,2006,44.7,1243.94142602543,15.7,43.2549343040113,23.8528308868408,-1.87520239999999
Panama,PAN,2006,21.2,8557.98017379308,13.5,,70.2012710571289,0.0855250999999999
Peru,PER,2006,27.1,4091.36268615581,14.9,47.2734616506688,84.4381866455078,-0.714552699999999
Philippines,PHL,2006,34.0,2110.42044781284,17.0,44.8835155836405,82.1593627929688,-1.4720731
Palau,PLW,2006,,14186.1538388023,,71.3119157299908,,0.9803401
Papua New Guinea,PNG,2006,44.6,1915.2349405788,27.9,,,-1.0799066
Poland,POL,2006,2.8,9137.65850849801,2.5,91.5208606961704,99.7898635864258,0.3771151
Pre-demographic dividend,PRE,2006,40.5341291986181,1256.10622810655,21.0114731308301,,24.8874893188477,
Puerto Rico (US),PRI,2006,,29519.7386759729,,75.8158383712737,,0.4145952
"Korea, Dem. People's Rep.",PRK,2006,39.1,,37.0,68.6211713716994,,-0.0654043
Portugal,PRT,2006,4.6,19529.3122100477,2.5,93.9140792645948,99.9085464477539,0.9679647
Paraguay,PRY,2006,16.1,4349.31197066239,6.0,54.4644719644046,70.2643737792969,-0.5411225
West Bank and Gaza,PSE,2006,11.3,2540.26763083127,,76.9445606914245,91.1926574707031,-1.6581857
Pacific island small states,PSS,2006,18.1245697344658,3378.98652339856,7.28171141615861,,68.0545272827148,
Post-demographic dividend,PST,2006,4.07426976165691,38117.823061561,2.53896186296652,,101.169761657715,
French Polynesia,PYF,2006,,21545.5997136473,5.6,90.448717948718,,
Qatar,QAT,2006,7.5,64676.3189868053,,96.3402204469615,101.799743652344,1.0296695
Romania,ROU,2006,11.6,6876.77841417966,2.5,81.7372118064032,85.9666519165039,0.1502319
Russian Federation,RUS,2006,,7949.89697265625,2.5,75.4571935933355,85.6202087402344,-0.6963636
Rwanda,RWA,2006,48.1,474.364599463307,36.6,,17.1692695617676,-0.625557799999999
South Asia,SAS,2006,46.95,999.335555409877,18.3880967092863,49.3154920002066,51.1434783935547,
Saudi Arabia,SAU,2006,12.1,21616.3355772516,3.9,,,-0.608264199999999
Sudan,SDN,2006,37.9,1336.1240234375,,,33.4989814758301,-2.259785
Senegal,SEN,2006,20.9,1118.7830430051,14.6,21.6970512485611,20.7912902832031,-0.2918745
Singapore,SGP,2006,4.0,44159.4101820552,,100.0,,1.2280811
Solomon Islands,SLB,2006,33.2,1796.71439810674,12.9,,31.7271194458008,-0.0672793
Sierra Leone,SLE,2006,37.8,859.824260714965,36.0,6.27589594233654,,-0.2419056
El Salvador,SLV,2006,22.4,3302.34817354347,9.2,,67.9830932617188,-0.209795999999999
San Marino,SMR,2006,,60604.3508911242,,100.0,,0.9803401
"Somalia, Fed. Rep.",SOM,2006,33.2,284.470789865234,69.7,,,-2.62080069999999
Serbia,SRB,2006,7.9,5016.41289322251,2.5,74.5779061062874,91.3711624145508,-0.5940373
Sub-Saharan Africa (excluding high income),SSA,2006,39.5736789456807,1531.52480384502,19.6137431795369,21.8691422030603,28.4692993164062,
South Sudan,SSD,2006,35.3,,,,,
Sub-Saharan Africa,SSF,2006,40.72,1409.85883394612,21.0241674148565,20.4568131398885,28.4737796783447,
Small states,SST,2006,24.3106898302869,9969.96579894484,9.69148343472134,,65.6151428222656,
Sao Tome and Principe,STP,2006,25.1,1157.0861446542,10.6,28.7810552134665,,0.4054543
Suriname,SUR,2006,10.6,7599.35696921481,8.0,52.904320776583,81.0094223022461,0.0370164
Slovak Republic,SVK,2006,,12430.2015488557,5.7,95.3647356489397,95.871223449707,0.8660439
Slovenia,SVN,2006,,20166.5323431214,2.5,91.8080773614614,97.2961807250977,1.1268888
Sweden,SWE,2006,,48078.3520110084,2.5,99.474402537264,101.008438110352,1.2225897
Eswatini,SWZ,2006,33.5,2823.48728215402,13.9,30.3684561566544,52.9540214538574,-0.2415542
Sint Maarten (Dutch part),SXM,2006,,,,,,
Seychelles,SYC,2006,9.0,12105.4475265558,3.1,62.6361190039605,80.9504013061523,0.8025655
Syrian Arab Republic,SYR,2006,29.4,1420.72293121298,6.0,,65.7816696166992,-0.5325263
Turks and Caicos Islands,TCA,2006,4.9,,,,,
Chad,TCD,2006,41.3,914.210664598894,28.6,5.70471797524554,8.39060974121094,-1.7693476
East Asia & Pacific (IDA & IBRD countries),TEA,2006,21.6875033742771,3450.72859160877,9.10077599874667,,70.9818725585938,
Europe & Central Asia (IDA & IBRD countries),TEC,2006,,6287.52395891241,4.77319556004321,78.7988163286739,88.5636291503906,
Togo,TGO,2006,29.4,629.079905835563,23.6,12.5686626712329,32.7757911682129,-0.935167699999999
Thailand,THA,2006,16.2,4551.5250018314,10.6,,74.3672103881836,-1.0498077
Tajikistan,TJK,2006,35.3,649.163328755334,35.1,42.6282160898357,69.8144989013672,-1.2222534
Turkmenistan,TKM,2006,19.5,2856.77457038028,4.4,75.8467368538246,,-0.2928338
Latin America & the Caribbean (IDA & IBRD countries),TLA,2006,15.5424579152527,7284.10053840676,7.97897609375321,72.8128950047283,88.2021179199219,
Timor-Leste,TLS,2006,57.0,897.573801807644,27.6,,,-1.1527962
"Middle East, North Africa, Afghanistan & Pakistan (IDA & IBRD)",TMN,2006,34.129238876531,2640.5399369682,11.0352228182779,61.8175749621023,,
Tonga,TON,2006,10.6,3775.24832512712,,29.3049793487766,99.0016174316406,0.479755
South Asia (IDA & IBRD),TSA,2006,46.9257894482247,999.335555409877,18.3880967092863,49.3154920002066,51.1434783935547,
Sub-Saharan Africa (IDA & IBRD countries),TSS,2006,40.7196706960023,1409.85883394612,21.0241674148565,20.4568131398885,28.4737796783447,
Trinidad and Tobago,TTO,2006,7.2,17021.2241679562,10.5,69.3444782958801,,-0.1894815
Tunisia,TUN,2006,10.7,3444.5513526091,4.0,78.3484267992276,90.072380065918,-0.0234038
Turkiye,TUR,2006,14.9,8078.5153787571,6.5,,81.7884063720703,-0.3387985
Tuvalu,TUV,2006,10.2,2900.92710155819,,7.92325061842508,,1.3279824
Tanzania,TZA,2006,43.5,704.502746582031,27.0,4.03249460264019,,-0.383899
Uganda,UGA,2006,40.4,650.270540867444,19.2,5.80886599308652,,-0.991477699999999
Ukraine,UKR,2006,20.5,2298.13232421875,2.5,74.5352705731989,96.4371032714844,-0.184901099999999
Upper middle income,UMC,2006,17.4,4676.07510610399,7.44683449514782,73.2466782148382,78.3796768188477,
Uruguay,URY,2006,12.6,11574.470540231,2.5,,109.769859313965,1.0267236
United States,USA,2006,2.6,53335.5896950225,2.5,95.3643930826933,,0.4194245
Uzbekistan,UZB,2006,20.2,1643.14645619601,10.3,61.748505876187,87.5898895263672,-1.5779657
St. Vincent and the Grenadines,VCT,2006,,6707.27875985734,6.7,,,1.1081368
"Venezuela, RB",VEN,2006,16.3,4199.39766916963,6.5,,80.8675308227539,-1.26288169999999
British Virgin Islands,VGB,2006,,,,,114.175819396973,
Virgin Islands (U.S.),VIR,2006,,47671.567182812,,97.8022913707653,,0.6434598
Viet Nam,VNM,2006,32.1,1699.67620343393,14.9,48.9645843386629,,0.3001579
Vanuatu,VUT,2006,25.9,2780.97475852227,8.0,17.8758208033812,,1.2662279
World,WLD,2006,30.73,8890.47332913351,11.0,63.1316570759531,63.7244415283203,
Samoa,WSM,2006,4.9,3820.92239453139,4.1,60.2084291662454,86.554328918457,1.0543719
Kosovo,XKX,2006,,,,,,0.2110371
"Yemen, Rep.",YEM,2006,53.8,2234.74266863312,,,,-1.3547567
South Africa,ZAF,2006,25.8,5650.9883176549,3.4,67.385594468861,86.9986190795898,-0.0093215
Zambia,ZMB,2006,48.8,968.563565019492,48.1,,,0.2636446
Zimbabwe,ZWE,2006,34.3,1038.22375658033,28.7,29.4030704517956,,-1.3010141
Aruba,ABW,2007,,29556.8384686554,,,108.058410644531,1.3693511
Africa Eastern and Southern,AFE,2007,42.0938593387455,1417.47243247841,25.8834080212087,20.9711084679392,31.8105907440186,
Afghanistan,AFG,2007,49.0,410.757728879097,22.7,16.6502497184612,,-2.3604939
Africa Western and Central,AFW,2007,37.1008377101835,1513.01942969263,12.8617492158932,21.0787055363854,25.3766708374023,
Angola,AGO,2007,32.8,3336.36332465208,29.8,,,-0.7470711
Albania,ALB,2007,24.5,3105.8796756386,8.2,56.3838429221658,,-0.188559199999999
Andorra,AND,2007,,40789.1781297264,,90.6400008952698,85.7791900634766,1.3337059
Arab World,ARB,2007,27.3838016265093,5727.33322290223,8.92713126244478,,61.0592498779297,
United Arab Emirates,ARE,2007,,52038.6159567932,4.6,98.3431458543153,,1.0198691
Argentina,ARG,2007,7.4,12811.9021206578,3.2,,98.1988677978516,0.2041085
Armenia,ARM,2007,19.6,2919.3734936373,7.7,83.2012605099858,94.7361068725586,0.1764597
American Samoa,ASM,2007,,13092.3111393408,,86.708849375581,,0.99494
Antigua and Barbuda,ATG,2007,,20770.2689732844,,,112.965049743652,0.7853715
Australia,AUS,2007,2.5,52671.325846724,2.5,,,1.0920694
Austria,AUT,2007,,43568.8302243941,2.5,97.9414315175725,98.1064224243164,1.3179972
Azerbaijan,AZE,2007,23.5,4412.20326117932,2.5,51.3209377707004,,-0.586898599999999
Burundi,BDI,2007,59.3,254.311725516331,,,12.8603200912476,-1.1429842
Belgium,BEL,2007,3.4,40520.0843207009,2.5,99.7539387945227,169.791259765625,0.8536941
Benin,BEN,2007,35.8,926.740113754071,8.5,15.1561130258688,,0.4554713
Burkina Faso,BFA,2007,39.1,519.26101218434,15.9,,12.869119644165,0.3576735
Bangladesh,BGD,2007,46.0,825.508229964537,16.1,55.1355977938881,47.5436897277832,-1.5675758
Bulgaria,BGR,2007,8.5,6048.74231752797,5.9,93.3155413751078,91.317008972168,0.3575005
Bahrain,BHR,2007,8.0,23112.4888058398,,98.9289175107687,,-0.1802755
"Bahamas, The",BHS,2007,,33549.3360007274,,,90.9297103881836,0.6841232
Bosnia and Herzegovina,BIH,2007,10.9,3665.08966529499,2.5,88.0862946747673,82.0863876342773,-0.4799679
Belarus,BLR,2007,3.8,4682.20676719042,2.5,86.4958523569778,,0.3235627
Belize,BLZ,2007,21.7,6465.82885846045,4.9,,77.4540634155273,0.161615
Bermuda,BMU,2007,,132595.482654866,,,,0.7799984
Bolivia,BOL,2007,27.0,2283.4273357151,24.5,,84.8977508544922,-0.632049499999999
Brazil,BRA,2007,7.0,8003.2532101272,4.5,78.5400306095711,,-0.2225111
Barbados,BRB,2007,8.1,23862.135352962,3.6,,109.797866821289,1.0877484
Brunei Darussalam,BRN,2007,20.4,36174.516515486,,,101.234901428223,1.1198586
Bhutan,BTN,2007,37.5,1952.25734603779,,31.1212972790998,50.2554206848145,0.4577684
Botswana,BWA,2007,28.3,6085.6354476126,26.3,63.5089703811484,84.5229568481445,1.2840151
Central African Republic,CAF,2007,42.6,450.762785401893,31.2,7.61142951375159,,-1.7222041
Canada,CAN,2007,,42106.8724378248,2.5,98.7219081451121,99.9474716186523,1.0422531
Central Europe and the Baltics,CEB,2007,5.34828700435039,10712.5543317673,2.90155608415465,,95.3202819824219,
Switzerland,CHE,2007,,81254.1701015272,2.5,96.6999997622071,92.7012786865234,1.2052735
Channel Islands,CHI,2007,,,,,,
Chile,CHL,2007,2.1,11051.3450717678,2.6,94.3150023057386,92.7402114868164,0.7570082
China,CHN,2007,11.3,4409.75700836878,4.9,,79.0239715576172,-0.5003284
Cote d'Ivoire,CIV,2007,31.9,1420.1738958245,17.5,28.8345959025586,,-1.9248477
Cameroon,CMR,2007,36.0,1295.73067471287,9.1,,29.0990791320801,-0.3436526
"Congo, Dem. Rep.",COD,2007,45.0,377.437143095814,27.6,12.1078803762611,23.2989292144775,-2.0273686
"Congo, Rep.",COG,2007,29.0,2004.10103961966,32.6,34.7863960123534,,-0.8429129
Colombia,COL,2007,14.7,4947.25260813108,10.8,69.8589567867107,97.2881469726562,-1.616164
Comoros,COM,2007,39.2,1212.69629084896,15.8,,,-0.996511599999999
Cabo Verde,CPV,2007,11.1,3056.97102851154,14.1,,89.594841003418,0.9138623
Costa Rica,CRI,2007,6.3,9779.51149389818,3.0,78.5341428576419,88.5167999267578,0.8132129
Caribbean small states,CSS,2007,12.3686683191779,13982.598007093,8.00345309481073,,89.0260162353516,
Cuba,CUB,2007,7.9,6215.76603727772,,,93.2863693237305,0.4217554
Curacao,CUW,2007,,21011.1570121301,,,,
Cayman Islands,CYM,2007,,96202.7389296237,,,89.0017929077148,1.1891071
Cyprus,CYP,2007,,27156.818359375,3.0,97.10016747514,94.3996505737305,0.6930853
Czechia,CZE,2007,2.7,16892.542854974,2.5,96.2843591808317,98.2276916503906,1.0971281
Germany,DEU,2007,1.3,38593.0749910508,2.5,99.8688802488207,100.871421813965,1.0605417
Djibouti,DJI,2007,31.4,,22.1,,,-0.0004149
Dominica,DMA,2007,,8106.18951878325,4.2,,113.574249267578,0.8544313
Denmark,DNK,2007,,54113.9771471341,2.5,95.896638929089,119.769317626953,1.2633404
Dominican Republic,DOM,2007,8.7,5204.78500652254,16.7,43.3073461961175,87.4022064208984,-0.0800328
Algeria,DZA,2007,16.1,4339.25055772831,5.3,72.6658758278784,,-1.0604958
East Asia & Pacific (excluding high income),EAP,2007,21.0974894255894,3805.17838200242,8.49492247025166,,75.1587600708008,
Early-demographic dividend,EAR,2007,38.9890362356266,2617.61581534939,14.6139216697028,,57.7741012573242,
East Asia & Pacific,EAS,2007,19.92,6959.65968932647,8.21554700661617,73.0247068876973,77.3227996826172,
Europe & Central Asia (excluding high income),ECA,2007,17.0782686396251,4915.72250440104,5.63963955697158,75.497674798891,89.9803924560547,
Europe & Central Asia,ECS,2007,8.52,21916.8468708201,3.34669195490408,89.0824190669177,96.1526184082031,
Ecuador,ECU,2007,28.9,4715.30359842555,12.9,64.2597187445276,63.8203010559082,-0.673285599999999
"Egypt, Arab Rep.",EGY,2007,25.4,2902.06559804963,5.1,68.8743951101888,,-0.4507884
Euro area,EMU,2007,,34325.8913160023,2.5509888905306,,106.536880493164,
Eritrea,ERI,2007,49.0,789.072701743247,,,41.5399284362793,-0.9933451
Spain,ESP,2007,,27338.79541774,2.5,99.5712636711611,121.423683166504,0.0389644
Estonia,EST,2007,1.5,17543.4661785723,2.5,94.0560942424225,107.076751708984,0.7383006
Ethiopia,ETH,2007,49.0,338.799064654308,29.4,6.70336839959093,24.6181907653809,-1.6868659
European Union,EUU,2007,,30060.1943726362,2.59765775920251,,103.797233581543,
Fragile and conflict affected situations,FCS,2007,40.1014772014495,1581.88537303272,17.72135251182,,33.6777687072754,
Finland,FIN,2007,1.9,46213.6898975737,2.5,96.715630815359,111.485862731934,1.5017361
Fiji,FJI,2007,7.2,4223.44800626708,5.6,39.9278592193778,82.7922592163086,-0.0062727
France,FRA,2007,,36322.1685141004,2.5,97.8334465311522,106.79029083252,0.6512556
Faroe Islands,FRO,2007,,,,,,
"Micronesia, Fed. Sts.",FSM,2007,,2808.83168399832,,,,1.0868771
Gabon,GAB,2007,22.0,6908.67399162999,14.4,,,0.1412457
United Kingdom,GBR,2007,3.2,44882.141312304,2.5,99.9762490868949,98.5482711791992,0.6958935
Georgia,GEO,2007,13.1,2891.13702331846,5.9,60.5529955474098,,-0.4938217
Ghana,GHA,2007,27.8,1205.31705804209,9.2,21.1211173511478,40.4977607727051,-0.116125499999999
Gibraltar,GIB,2007,,,,100.0,,
Guinea,GIN,2007,35.7,673.698997420626,17.2,,,-2.2418868
"Gambia, The",GMB,2007,25.8,637.20930597537,13.7,30.5629803832057,,-0.0203999999999999
Guinea-Bissau,GNB,2007,30.1,597.482020935948,20.0,19.7726246111266,,-0.3779434
Equatorial Guinea,GNQ,2007,31.3,11594.9172068456,,,,0.1039401
Greece,GRC,2007,1.9,23973.6936091313,2.5,99.6729722248899,92.760383605957,0.525963
Grenada,GRD,2007,,8257.36225682689,,85.0303517613659,117.071830749512,0.3230374
Greenland,GRL,2007,,39896.875364094,,,,
Guatemala,GTM,2007,51.5,3527.7782721364,18.5,49.7701404480813,43.0145683288574,-0.8340833
Guam,GUM,2007,,31385.0475162113,,99.1538130635532,,0.451318
Guyana,GUY,2007,17.4,4382.10449666813,8.2,63.9913184105613,83.9229278564453,-0.4443427
High income,HIC,2007,4.22,34698.5184340761,2.67413321402171,94.3449491522766,98.8493499755859,
"Hong Kong SAR, China",HKG,2007,,36371.6859370268,2.5,98.9697730225416,84.1592788696289,1.1977205
Honduras,HND,2007,28.5,2134.19540639485,15.9,49.3162588904695,66.7260818481445,-0.4582098
Heavily indebted poor countries (HIPC),HPC,2007,41.6914044239098,777.28450144481,24.3806256877799,,25.5367603302002,
Croatia,HRV,2007,,12717.9875997872,2.5,85.8597819320097,100.733200073242,0.777978
Haiti,HTI,2007,26.0,1343.61111422048,44.0,,,-1.319971
Hungary,HUN,2007,,11791.7074416876,2.5,84.9290885750553,97.6521224975586,0.7828904
IBRD only,IBD,2007,28.541861102819,3983.15719895369,9.63717277895169,65.0206482391664,71.6531066894531,
IDA & IBRD total,IBT,2007,33.2253510872729,3301.24424278247,11.7059084354619,58.2683408848245,60.743579864502,
IDA total,IDA,2007,41.460632717567,1114.49335203344,18.8028807448448,35.9054540750337,33.7341003417969,
IDA blend,IDB,2007,39.8052134363105,1590.6428814843,14.3199224279965,37.3206308579578,32.8579711914062,
Indonesia,IDN,2007,39.3,2355.1528565328,17.5,25.8558523793891,72.845329284668,-0.8635335
IDA only,IDX,2007,42.3731837516986,857.079927871549,21.4932618053412,31.6477355669399,33.9554710388184,
Isle of Man,IMN,2007,,66029.9755907183,,,,
India,IND,2007,46.5,1069.24696813025,16.6,48.3188378954124,54.4490394592285,-0.8184973
Not classified,INX,2007,,,,,,
Ireland,IRL,2007,3.1,52849.6948429458,2.5,79.3581396261144,115.01000213623,1.3616515
"Iran, Islamic Rep.",IRN,2007,7.4,5084.71796043623,7.4,91.847164138333,76.9536514282227,-0.7148896
Iraq,IRQ,2007,25.8,3565.58054079041,16.4,53.5596517303633,42.750431060791,-2.59261
Iceland,ISL,2007,,55457.3601417561,2.5,93.9019910231544,109.764930725098,1.482965
Israel,ISR,2007,,32103.1628576567,2.5,99.6836980628686,97.7012176513672,-0.8267956
Italy,ITA,2007,,34159.9109244074,2.5,95.7610769861982,99.3631820678711,0.5074765
Jamaica,JAM,2007,6.3,5710.53878446758,7.9,,88.4859008789062,-0.2229834
Jordan,JOR,2007,9.0,4287.35229821209,6.1,58.7407817474168,89.5034408569336,-0.2892704
Japan,JPN,2007,6.8,33990.0360341367,,98.004100763168,,1.1610812
Kazakhstan,KAZ,2007,14.9,8036.87599811505,5.0,72.9265274275061,,0.5055201
Kenya,KEN,2007,35.7,1309.91092948216,26.8,,47.2512016296387,-1.43977089999999
Kyrgyz Republic,KGZ,2007,20.8,900.02796489729,8.9,52.6211337182972,82.8428421020508,-0.865997799999999
Cambodia,KHM,2007,42.3,1030.23117620792,13.3,20.4113689161421,37.6149711608887,-0.5980652
Kiribati,KIR,2007,18.3,1433.3573454448,4.3,10.8268775434095,88.7881927490234,1.3337059
St. Kitts and Nevis,KNA,2007,,16508.1437081315,,,110.280372619629,0.7853715
"Korea, Rep.",KOR,2007,2.2,24391.7651013448,2.5,97.3756221999523,96.7846374511719,0.7506836
Kuwait,KWT,2007,4.6,41113.8693942735,2.5,100.0,102.424270629883,0.6729088
Latin America & Caribbean (excluding high income),LAC,2007,15.3246366451617,7518.27936660187,7.70646487768915,71.3943956544604,89.8340682983398,
Lao PDR,LAO,2007,46.1,1301.08597549864,,9.64231219491391,37.8355903625488,-0.153318099999999
Lebanon,LBN,2007,15.8,7179.34520092306,5.4,45.0850457873016,72.4031066894531,-1.82812929999999
Liberia,LBR,2007,39.6,574.609394348543,35.1,,,-1.16121229999999
Libya,LBY,2007,28.9,13712.9602583972,5.5,,,0.4998891
St. Lucia,LCA,2007,2.6,10147.4432459936,,,94.5270690917969,0.5865391
Latin America & Caribbean,LCN,2007,15.01,7751.40903587762,7.35063108286743,72.38980789347,89.54833984375,
Least developed countries: UN classification,LDC,2007,43.448852116267,822.42722071663,22.9550613750448,,29.8134098052979,
Low income,LIC,2007,44.13,805.246330809582,25.2895548409464,24.0790160770578,26.72825050354,
Liechtenstein,LIE,2007,,,,100.0,99.3852462768555,1.3337059
Sri Lanka,LKA,2007,18.6,2573.54362192705,12.1,46.0627136361426,,-1.6920216
Lower middle income,LMC,2007,41.12,1361.57389659823,15.7958652471057,51.3647565990195,49.2178916931152,
Low & middle income,LMY,2007,33.5,3071.96637646344,12.0072130417136,,60.4590797424316,
Lesotho,LSO,2007,41.2,927.26863327342,,15.3677814917045,46.9338684082031,-0.2932114
Late-demographic dividend,LTE,2007,12.7626775027463,5544.40085964957,5.74109477298491,,82.0606231689453,
Lithuania,LTU,2007,2.3,11889.3545234657,2.5,77.4164963269414,106.777969360352,0.8142957
Luxembourg,LUX,2007,,112417.876989455,2.5,99.8251844696001,96.6558380126953,1.4946425
Latvia,LVA,2007,2.6,12810.0409502542,2.5,92.9476269135772,105.011726379395,0.7458786
"Macao SAR, China",MAC,2007,,58376.1176047275,13.0,99.981408745745,94.6795425415039,0.3708897
St. Martin (French part),MAF,2007,,,,96.7,,
Morocco,MAR,2007,18.8,2540.615234375,4.8,47.1688218439619,52.1271018981934,-0.4138396
Monaco,MCO,2007,,162028.480643444,,100.0,,0.9416149
Moldova,MDA,2007,9.0,2082.51260097669,27.5,55.1169495489876,,0.0593732
Madagascar,MDG,2007,52.9,473.785462328449,30.2,11.273715158911,24.8774700164795,0.1026496
Maldives,MDV,2007,22.7,8933.17166363858,,,,0.0053508
"Middle East, North Africa, Afghanistan & Pakistan",MEA,2007,32.37,4689.93167710735,10.0871815463264,63.3100694168004,50.944751739502,
Mexico,MEX,2007,15.9,9877.69532644737,3.7,40.9933026138021,87.0050735473633,-0.6336248
Marshall Islands,MHL,2007,39.6,3403.47842798117,,,83.4545974731445,0.9964451
Middle income,MIC,2007,31.7,3254.29975423416,11.1461652999829,,64.1449127197266,
North Macedonia,MKD,2007,8.1,4140.63354809364,3.5,80.3060906014071,82.7487411499023,-0.2627047
Mali,MLI,2007,34.5,784.893915016638,8.5,,21.8998508453369,0.3542953
Malta,MLT,2007,5.6,19342.3252929886,2.5,100.0,97.9540481567383,1.1249849
Myanmar,MMR,2007,36.8,651.729730899198,17.4,38.3914580396534,48.29541015625,-1.0447303
"Middle East, North Africa, Afghanistan & Pakistan (excluding high income)",MNA,2007,33.708483889134,2733.1384102406,10.5959471350048,62.1486025951263,,
Montenegro,MNE,2007,8.6,5763.04035952173,2.5,84.0128941131359,93.1621780395508,0.1618388
Mongolia,MNG,2007,19.7,2403.72416258662,24.5,25.5021976667424,,0.6918806
Northern Mariana Islands,MNP,2007,,20117.7037335229,,80.4518758183857,,
Mozambique,MOZ,2007,45.5,442.049574057751,25.4,12.0903572972266,15.0729103088379,0.1182921
Mauritania,MRT,2007,29.7,1563.60628765192,8.4,,,-0.158789899999999
Mauritius,MUS,2007,9.4,7202.43853899489,5.6,,88.2235717773438,1.0260872
Malawi,MWI,2007,51.5,445.254305419586,17.5,9.71992837768159,26.4809303283691,-0.0623315
Malaysia,MYS,2007,18.2,7769.59693350488,3.6,92.9116018456762,78.2031784057617,0.158114
North America,NAC,2007,2.64,52744.6503467595,2.5,95.4167812496838,95.1765670776367,
Namibia,NAM,2007,28.3,3987.61796106565,24.1,,66.3780670166016,0.9275704
New Caledonia,NCL,2007,,,9.0,90.3766630026782,,
Niger,NER,2007,48.3,413.419126261066,16.1,,8.04238986968994,-0.3573665
Nigeria,NGA,2007,39.8,2020.83316299454,9.4,18.219607834318,26.4539299011231,-1.70741109999999
Nicaragua,NIC,2007,,1703.20780299405,20.4,,75.9113464355469,-0.107965999999999
Netherlands,NLD,2007,1.5,45445.522872349,2.5,99.9863092503021,118.606109619141,0.9304457
Norway,NOR,2007,,76115.7066768285,2.5,99.538124132569,110.908531188965,1.2184257
Nepal,NPL,2007,47.5,633.226129136597,14.9,28.6002604379978,39.5153884887695,-1.8213249
Nauru,NRU,2007,24.1,4199.70508141733,,18.6524665021402,54.3778800964355,0.9964451
New Zealand,NZL,2007,,36414.3173040299,2.5,86.3549973242601,120.425506591797,1.3369202
OECD members,OED,2007,7.0598109815637,34311.0693477502,3.06583657730631,,98.331901550293,
Oman,OMN,2007,11.9,20642.7489563377,6.8,85.0520441699242,90.8690490722656,0.8841773
Other small states,OSS,2007,29.267764310053,10377.4487607855,10.5623233850869,,61.3556213378906,
Pakistan,PAK,2007,45.1,1265.35567539842,15.1,43.3658253306534,25.1138095855713,-2.30062119999999
Panama,PAN,2007,21.5,9507.64640169959,12.3,,70.260612487793,0.112752
Peru,PER,2007,25.6,4407.79121686416,13.0,47.6394614392539,87.3102722167969,-0.5612623
Philippines,PHL,2007,33.7,2209.34651083329,16.7,45.0147506765352,81.8686599731445,-1.4430777
Palau,PLW,2007,,14590.4803753503,,72.4275280135051,,0.9964451
Papua New Guinea,PNG,2007,45.6,2000.9726186689,27.2,,,-0.9276787
Poland,POL,2007,2.7,9760.7042604352,2.5,91.8999428274594,99.5984573364258,0.7795685
Pre-demographic dividend,PRE,2007,39.9002964064804,1296.53645780715,20.3321276899003,,25.1443195343018,
Puerto Rico (US),PRI,2007,,29347.8460041613,,75.9298195551886,,0.4890908
"Korea, Dem. People's Rep.",PRK,2007,36.5,,39.1,68.4141327579558,,-0.0619502
Portugal,PRT,2007,4.5,19979.5706280792,2.5,93.9543663607408,103.064010620117,0.874565
Paraguay,PRY,2007,15.1,4540.38235899258,4.6,55.1685035689475,70.6646575927734,-0.430481
West Bank and Gaza,PSE,2007,11.3,2569.98434108953,,77.3394335357504,91.6056976318359,-1.7258722
Pacific island small states,PSS,2007,18.2515834497143,3346.74967940648,7.58775415753749,,67.9842300415039,
Post-demographic dividend,PST,2007,4.06575225185448,38864.7512997089,2.53433391941245,,101.323890686035,
French Polynesia,PYF,2007,,21648.532237682,5.6,90.448717948718,,
Qatar,QAT,2007,7.2,61423.0131050382,,96.3402204469615,100.888458251953,1.0230326
Romania,ROU,2007,11.1,7483.97375820611,2.5,81.7742905546345,83.9815826416016,0.199074
Russian Federation,RUS,2007,,8640.40625,2.5,75.4824848204389,85.5552978515625,-0.6218038
Rwanda,RWA,2007,47.6,497.171622130545,36.5,,19.1066493988037,-0.371473
South Asia,SAS,2007,46.15,1059.31634791841,16.4472152042256,50.8090289921688,53.7980499267578,
Saudi Arabia,SAU,2007,12.4,21196.7926036633,3.6,,,-0.5518748
Sudan,SDN,2007,37.7,1372.10961914063,,,32.034049987793,-2.3622558
Senegal,SEN,2007,20.3,1123.99862153285,12.2,22.0047848798914,,-0.213430999999999
Singapore,SGP,2007,3.9,46178.8139470199,,100.0,,1.1413902
Solomon Islands,SLB,2007,33.3,1830.23321405807,13.1,,32.7333793640137,0.1237461
Sierra Leone,SLE,2007,37.3,872.68836234614,31.9,6.49753887257046,,-0.1552927
El Salvador,SLV,2007,21.2,3359.1623024135,9.4,,68.2611923217773,-0.0096099999999999
San Marino,SMR,2007,,62776.9461598748,,100.0,,0.9964451
"Somalia, Fed. Rep.",SOM,2007,32.8,294.210404466634,69.7,,3.84326004981995,-3.0518932
Serbia,SRB,2007,7.7,5431.27887426624,2.5,74.6048666483892,91.5406799316406,-0.3876119
Sub-Saharan Africa (excluding high income),SSA,2007,38.9636171080536,1580.27755740837,19.1145519427973,22.4379537786251,29.0852508544922,
South Sudan,SSD,2007,34.5,,,,,
Sub-Saharan Africa,SSF,2007,40.02,1456.1661697907,20.2250354541024,21.0153218711181,29.0900192260742,
Small states,SST,2007,24.033129371375,10327.7328570127,9.58625364748656,,66.8766021728516,
Sao Tome and Principe,STP,2007,24.0,1170.51612474435,11.6,29.2696161426433,48.4593505859375,0.4716039
Suriname,SUR,2007,10.2,7897.25648915828,7.9,53.0963263945704,81.8407363891602,0.0767371999999999
Slovak Republic,SVK,2007,,13770.9602691527,5.6,96.0051065271415,95.7360076904297,1.1269348
Slovenia,SVN,2007,,21485.780992381,2.5,91.8034858771605,99.123893737793,1.1909245
Sweden,SWE,2007,,49262.152916545,2.5,99.4871198822637,100.787086486816,1.2872983
Eswatini,SWZ,2007,32.9,2928.46845823015,16.4,30.8897596464317,53.4239311218262,-0.0991317999999999
Sint Maarten (Dutch part),SXM,2007,,,,,,
Seychelles,SYC,2007,8.8,13112.8210098816,3.5,62.7509030386324,90.0347366333008,0.7385402
Syrian Arab Republic,SYR,2007,29.1,1411.6899137524,5.9,,67.0424194335938,-0.563163499999999
Turks and Caicos Islands,TCA,2007,4.8,37466.1822614725,,,,
Chad,TCD,2007,40.9,920.352815674967,26.6,5.73156015408957,11.3585796356201,-1.72178259999999
East Asia & Pacific (IDA & IBRD countries),TEA,2007,20.9065675671788,3849.69406453497,8.09754442381723,,74.9075927734375,
Europe & Central Asia (IDA & IBRD countries),TEC,2007,,6767.52508494843,4.16283925013306,79.4220208726898,89.2510299682617,
Togo,TGO,2007,29.0,603.83784338967,22.2,13.0071794285926,29.8247108459473,-0.560980599999999
Thailand,THA,2007,16.1,4760.66708464831,10.1,,79.398323059082,-1.0329101
Tajikistan,TJK,2007,33.7,686.48090192413,32.2,43.9181404635367,70.9309921264648,-0.6060932
Turkmenistan,TKM,2007,18.1,3114.06330033038,4.5,77.3961596882357,,0.1474449
Latin America & the Caribbean (IDA & IBRD countries),TLA,2007,15.0771395668326,7589.79512008476,7.35063108286743,73.0667179982003,89.4879989624023,
Timor-Leste,TLS,2007,56.8,961.848415522858,25.3,,,-1.0834494
"Middle East, North Africa, Afghanistan & Pakistan (IDA & IBRD)",TMN,2007,33.8904924253141,2734.2054667671,10.5959471350048,62.0429654533374,,
Tonga,TON,2007,9.9,3665.89534379299,,29.333451061703,86.3509674072266,0.3331131
South Asia (IDA & IBRD),TSA,2007,46.1283896455554,1059.31634791841,16.4472152042256,50.8090289921688,53.7980499267578,
Sub-Saharan Africa (IDA & IBRD countries),TSS,2007,40.0146872905847,1456.1661697907,20.2250354541024,21.0153218711181,29.0900192260742,
Trinidad and Tobago,TTO,2007,7.6,17758.6995224652,9.9,69.3292881176463,,-0.0722563
Tunisia,TUN,2007,10.4,3642.11977444786,3.8,78.5850119966017,,0.0095281999999999
Turkiye,TUR,2007,14.1,8477.53328393352,4.4,,84.3841094970703,-0.5833298
Tuvalu,TUV,2007,9.8,3069.67368184077,,7.97467109650891,,1.3337059
Tanzania,TZA,2007,42.7,731.52001953125,25.9,5.61023492871879,,-0.3502593
Uganda,UGA,2007,39.5,684.542241787248,19.6,6.41004063773922,21.5002498626709,-0.728621499999999
Ukraine,UKR,2007,19.9,2498.35205078125,2.5,77.0930188106893,97.5493469238281,0.0450846
Upper middle income,UMC,2007,16.74,5078.76122806309,6.66033346838692,73.7737101150069,81.7421188354492,
Uruguay,URY,2007,11.9,12310.482735502,2.5,,92.125846862793,1.0641961
United States,USA,2007,2.6,53889.3964951775,2.5,95.3736387116545,,0.4595604
Uzbekistan,UZB,2007,19.1,1773.75803693248,8.0,63.0518265073618,89.1888122558594,-1.12814899999999
St. Vincent and the Grenadines,VCT,2007,,6960.17151500732,6.3,,113.044311523438,0.7700767
"Venezuela, RB",VEN,2007,15.4,4496.84905010777,4.4,,83.1648788452148,-1.2199871
British Virgin Islands,VGB,2007,,,,,113.267539978027,
Virgin Islands (U.S.),VIR,2007,,49598.1259079427,,97.8753180679586,,0.6483749
Viet Nam,VNM,2007,30.8,1788.9485028957,13.8,49.5129650176871,,0.1530738
Vanuatu,VUT,2007,26.2,2791.7418410919,7.6,17.9855062072109,,1.1581012
World,WLD,2007,30.11,9166.56507078682,10.1,63.4492647908181,65.3435592651367,
Samoa,WSM,2007,4.8,3818.25503804332,4.2,60.3076124063597,85.619270324707,0.9667139
Kosovo,XKX,2007,,,,,,0.1237776
"Yemen, Rep.",YEM,2007,53.1,2235.75075901067,,,,-1.6075967
South Africa,ZAF,2007,25.2,5891.42069421698,3.5,67.6639002510223,88.3999176025391,0.1867521
Zambia,ZMB,2007,47.7,1013.08567432637,46.8,,,0.2841869
Zimbabwe,ZWE,2007,34.1,987.200362596937,27.9,29.1751934973846,,-1.4174911
Aruba,ABW,2008,,29870.6648077005,,,101.330078125,1.3687458
Africa Eastern and Southern,AFE,2008,41.1582510725604,1440.59728407645,24.8359419272766,21.4958348588779,33.3657188415527,
Afghanistan,AFG,2008,47.8,417.647282647498,19.7,17.5542943270831,,-2.53508629999999
Africa Western and Central,AFW,2008,36.4942716588827,1562.21124621273,12.4626262838809,21.8282360011577,28.1702404022217,
Angola,AGO,2008,31.7,3559.19522512236,24.4,,19.9174499511719,-0.4713481
Albania,ALB,2008,22.8,3345.98161761476,7.3,58.3284806792465,,-0.0276847
Andorra,AND,2008,,37775.1438845998,,90.6400009110499,86.7674026489258,1.333001
Arab World,ARB,2008,26.9342494787942,5894.47746607478,8.73667728947698,,61.1059417724609,
United Arab Emirates,ARE,2008,,47922.6988207823,5.3,98.3684771507718,,0.7281536
Argentina,ARG,2008,7.2,13197.3570267029,3.2,,99.5787734985352,0.0112562
Armenia,ARM,2008,18.7,3141.33193500774,5.1,83.2820917068001,93.9530563354492,-0.141342
American Samoa,ASM,2008,,12809.4633079683,,87.4039151764939,,0.9940271
Antigua and Barbuda,ATG,2008,,20464.786306605,,,121.629211425781,0.7848652
Australia,AUS,2008,2.8,53497.275355342,2.5,,,1.108084
Austria,AUT,2008,,44063.8642019916,2.5,98.0941306211425,98.0029373168945,1.3568437
Azerbaijan,AZE,2008,22.2,4778.12452736673,2.5,51.6736749659237,,-0.2808866
Burundi,BDI,2008,58.5,256.012461554496,,,,-1.4451741
Belgium,BEL,2008,3.3,40380.9075004042,2.5,99.7539370495517,171.841247558594,0.7115581
Benin,BEN,2008,35.6,943.203380303862,8.2,15.3018002385903,,0.477051
Burkina Faso,BFA,2008,38.0,533.471299938288,15.4,,15.2496795654297,0.1570962
Bangladesh,BGD,2008,44.4,866.45815762135,16.9,55.093817397815,47.0520896911621,-1.476262
Bulgaria,BGR,2008,8.3,6464.72198023576,5.8,93.8478480753102,90.9007110595703,0.4069274
Bahrain,BHR,2008,7.6,23127.2148040048,,98.9269988994157,91.3427200317383,-0.215733899999999
"Bahamas, The",BHS,2008,,32331.8246135092,,,90.2368698120117,0.7048991
Bosnia and Herzegovina,BIH,2008,10.6,3929.03297717336,2.5,88.1719180366979,86.2433471679688,-0.4343012
Belarus,BLR,2008,3.5,5177.64534775676,2.5,87.5324486016731,113.924789428711,0.443727
Belize,BLZ,2008,20.9,6187.95885023655,4.8,,77.7610168457031,0.1436564
Bermuda,BMU,2008,,129525.177139097,,,,0.779393
Bolivia,BOL,2008,25.5,2383.2503257823,23.0,,84.6359786987305,-0.5339009
Brazil,BRA,2008,6.9,8330.76364001877,4.0,78.7817724970247,,-0.173844299999999
Barbados,BRB,2008,8.1,23887.7289633459,3.1,,111.353240966797,1.16109
Brunei Darussalam,BRN,2008,19.8,34126.6941563969,,,101.119102478027,1.1203026
Bhutan,BTN,2008,35.8,2017.76018913403,,31.4455651682534,54.2678604125977,0.6582714
Botswana,BWA,2008,27.8,6158.61629368051,26.0,65.3049644557537,81.0781402587891,1.2464399
Central African Republic,CAF,2008,42.1,450.313616886022,29.4,7.48929280681734,,-1.7034314
Canada,CAN,2008,,42067.5687072607,2.5,98.6110659391952,100.854469299316,1.0954521
Central Europe and the Baltics,CEB,2008,5.03236133485759,11176.9879548804,2.86867393225701,,97.6833877563477,
Switzerland,CHE,2008,,82481.0680560935,2.5,96.6999972566077,93.4715118408203,1.2047806
Channel Islands,CHI,2008,,,,,,
Chile,CHL,2008,2.1,11356.0922105983,3.0,94.6974323930093,92.7565612792969,0.7488143
China,CHN,2008,10.4,4811.47471804961,3.9,,84.1128692626953,-0.553233499999999
Cote d'Ivoire,CIV,2008,31.5,1454.62731800082,17.5,29.3226243319058,,-1.8314441
Cameroon,CMR,2008,35.3,1295.02211276052,7.3,,33.4918212890625,-0.5919129
"Congo, Dem. Rep.",COD,2008,44.5,393.331182464822,27.7,12.0734082305594,25.5026206970215,-1.94149549999999
"Congo, Rep.",COG,2008,27.8,2061.55829880574,34.9,36.4266831885606,,-0.798681499999999
Colombia,COL,2008,14.1,5048.57187245249,11.1,70.1562972037188,98.2433624267578,-1.6443009
Comoros,COM,2008,38.0,1235.97247187374,15.4,,,-0.997106899999999
Cabo Verde,CPV,2008,10.6,3238.44159287498,15.0,,88.2079620361328,0.8489607
Costa Rica,CRI,2008,6.3,10104.9092039691,3.0,78.7640359926906,90.038932800293,0.5795087
Caribbean small states,CSS,2008,12.24362291862,14130.2413806317,7.72874553038889,,90.3264465332031,
Cuba,CUB,2008,7.9,6469.08507847668,,,92.9718399047852,0.4445079
Curacao,CUW,2008,,21202.4304610307,,,,
Cayman Islands,CYM,2008,,93115.3176374189,,,99.2827301025391,1.1885017
Cyprus,CYP,2008,,27449.2265625,2.5,97.2952651427693,93.5492401123047,0.8007249
Czechia,CZE,2008,2.6,17190.6470333289,2.5,96.552345887601,98.6582107543945,1.1254325
Germany,DEU,2008,1.4,39009.8477636357,2.5,99.8754613794921,101.961143493652,1.008294
Djibouti,DJI,2008,30.8,,20.2,,,0.3064746
Dominica,DMA,2008,,8682.57378179773,3.7,,109.499076843262,0.9762833
Denmark,DNK,2008,,53572.5346568185,2.5,96.2198338353112,118.893989562988,1.2312618
Dominican Republic,DOM,2008,8.6,5308.92664966814,14.7,43.4892443827553,85.55322265625,-0.0283211
Algeria,DZA,2008,15.1,4367.56538017541,5.0,73.0628868160568,,-0.9964923
East Asia & Pacific (excluding high income),EAP,2008,20.2619546462156,4102.12956719619,7.57322744329521,,78.0776062011719,
Early-demographic dividend,EAR,2008,38.2184405508986,2666.11094569761,13.7112443074607,,59.4695892333984,
East Asia & Pacific,EAS,2008,19.17,7213.51487084263,7.3407198518665,73.5718738402504,80.100212097168,
Europe & Central Asia (excluding high income),ECA,2008,16.1035673429301,5034.07810862034,4.80317101154591,76.5776227442942,89.9375686645508,
Europe & Central Asia,ECS,2008,8.13,22052.0918924998,3.13080713449573,89.414510855728,96.8290634155273,
Ecuador,ECU,2008,28.6,4939.90215021789,11.1,64.6288953675128,,-0.559667999999999
"Egypt, Arab Rep.",EGY,2008,25.5,3052.21297844721,5.0,69.4705501124875,,-0.431604999999999
Euro area,EMU,2008,,34294.4150107331,2.54125927405863,,107.129707336426,
Eritrea,ERI,2008,50.1,693.398874212494,,,42.7360801696777,-0.7912203
Spain,ESP,2008,,27112.526293889,2.5,99.6071441617571,120.799942016602,0.0178462
Estonia,EST,2008,1.5,16688.997772178,2.5,94.4034704232394,107.321166992188,0.6674362
Ethiopia,ETH,2008,47.5,364.642208155735,26.3,7.02329053273695,26.6844291687012,-1.66091829999999
European Union,EUU,2008,,30144.6515730515,2.58792648574933,,104.980712890625,
Fragile and conflict affected situations,FCS,2008,39.3593933095921,1622.44441895788,16.7047695088801,,35.516170501709,
Finland,FIN,2008,1.8,46359.8732844055,2.5,97.049908111439,110.881446838379,1.4575265
Fiji,FJI,2008,7.3,4240.77265686858,6.2,40.0519011242978,81.2673568725586,-0.1027295
France,FRA,2008,,36257.3658930938,2.5,97.9574556769378,106.61882019043,0.6388366
Faroe Islands,FRO,2008,,44623.0315871975,,,,
"Micronesia, Fed. Sts.",FSM,2008,,2759.97734131572,,,,1.0863708
Gabon,GAB,2008,21.0,6468.38523357609,14.3,,,0.0709964
United Kingdom,GBR,2008,3.1,44508.2874631479,2.5,99.9672333927183,99.5328369140625,0.6464798
Georgia,GEO,2008,12.1,2970.15858282428,6.7,60.7646569567343,107.212013244629,-0.8166453
Ghana,GHA,2008,26.7,1282.63416886747,8.1,22.2709235576714,42.8381881713867,-0.145694
Gibraltar,GIB,2008,,,,100.0,110.893852233887,
Guinea,GIN,2008,35.5,684.775780377366,17.7,,24.3607196807861,-2.0466453
"Gambia, The",GMB,2008,25.4,657.675679192228,12.0,31.6341767266597,43.8599510192871,-0.0120161
Guinea-Bissau,GNB,2008,29.6,608.958620496925,20.7,20.0672024330843,,-0.6272958
Equatorial Guinea,GNQ,2008,30.0,13048.0703050168,,,,-0.0665767
Greece,GRC,2008,1.8,23923.8800731311,2.5,99.7070187814646,,0.2917478
Grenada,GRD,2008,,8307.49221491819,,85.945827598241,113.521827697754,0.322531
Greenland,GRL,2008,,42527.6668469766,,,,
Guatemala,GTM,2008,50.7,3569.92861121538,18.1,49.7410519879102,44.2082481384277,-0.7769927
Guam,GUM,2008,,31941.2706025874,,99.0956572636271,,0.4504051
Guyana,GUY,2008,17.3,4472.34517889699,8.8,64.1671092858335,87.4516677856445,-0.4732925
High income,HIC,2008,4.16,34696.0115958764,2.67110762009479,94.4841756788584,99.3857803344727,
"Hong Kong SAR, China",HKG,2008,,36924.0883854556,2.5,99.056021645826,85.9268798828125,1.1781206
Honduras,HND,2008,27.0,2175.14709403064,14.9,50.8235196106217,67.0854873657227,-0.540532799999999
Heavily indebted poor countries (HIPC),HPC,2008,40.8028380456168,798.4447772445,23.207015585745,,27.4004592895508,
Croatia,HRV,2008,,12970.4376964616,2.5,85.9731112360454,100.755500793457,0.7411695
Haiti,HTI,2008,25.3,1356.53400140048,42.2,,,-1.3616015
Hungary,HUN,2008,,11929.7209867703,2.5,85.2297662175944,97.6947937011719,0.7661408
IBRD only,IBD,2008,27.7424489789696,4176.83978299189,8.8068006682893,65.5202244060969,74.0793762207031,
IDA & IBRD total,IBT,2008,32.4737213241278,3448.17245200465,10.9417738869459,58.6567074083646,62.6050682067871,
IDA total,IDA,2008,40.674673090064,1143.00694096765,18.1694574268287,36.3539873067957,35.2717094421387,
IDA blend,IDB,2008,39.4838891736542,1614.19473989247,14.2151814067506,37.5698119046427,34.6661682128906,
Indonesia,IDN,2008,38.7,2464.60193418272,16.5,26.1820726884343,70.6463317871094,-0.711286
IDA only,IDX,2008,41.3364179480376,887.590717483648,20.5530756019278,32.2126289229398,35.3319282531738,
Isle of Man,IMN,2008,,68520.6825624937,,,,
India,IND,2008,45.8,1086.50605251513,15.3,49.8955302994742,58.1668281555176,-0.7693557
Not classified,INX,2008,,,,,,
Ireland,IRL,2008,3.0,49461.1594281353,2.5,80.515524102724,114.988639831543,1.2978625
"Iran, Islamic Rep.",IRN,2008,6.9,5035.94008533618,7.9,92.0288859473462,78.5560073852539,-0.748023999999999
Iraq,IRQ,2008,25.0,3781.78001712762,15.6,54.0303756264796,,-2.28034329999999
Iceland,ISL,2008,,55360.8136015347,2.5,94.4371847698126,108.088829040527,1.3564162
Israel,ISR,2008,,32554.0413211945,2.5,99.6707189884124,97.3704681396484,-0.8279647
Italy,ITA,2008,,33550.6340800063,2.5,95.834192294301,99.8315582275391,0.6011743
Jamaica,JAM,2008,6.2,5639.58974873397,8.5,,90.2766189575195,-0.2884524
Jordan,JOR,2008,8.8,4489.95545537311,6.6,60.397024176724,90.5130767822266,-0.380681799999999
Japan,JPN,2008,6.9,33557.6454041595,,98.0492281340476,,1.0592924
Kazakhstan,KAZ,2008,14.3,8216.52181589585,4.2,74.563025566628,,0.4720785
Kenya,KEN,2008,34.6,1273.77226103073,26.7,,54.2933616638184,-1.62118419999999
Kyrgyz Republic,KGZ,2008,19.6,966.409971184817,8.6,54.4737232203724,,-0.5213825
Cambodia,KHM,2008,40.8,1090.57475806147,12.1,20.8928104142313,40.8487091064453,-0.460177
Kiribati,KIR,2008,17.9,1361.83587176171,4.1,11.0881675995667,85.3749771118164,1.333001
St. Kitts and Nevis,KNA,2008,,18325.7612670282,,,111.532699584961,0.9072236
"Korea, Rep.",KOR,2008,2.1,24934.5396367691,2.5,97.5210338180186,96.407600402832,0.5925856
Kuwait,KWT,2008,4.8,39852.5129115699,2.5,100.0,102.276557922363,0.5819881
Latin America & Caribbean (excluding high income),LAC,2008,14.8561447079921,7709.18247419356,7.28859580363491,71.6987079174738,91.1097717285156,
Lao PDR,LAO,2008,45.1,1381.73754223953,,9.9420426797011,39.2269515991211,0.0129444
Lebanon,LBN,2008,15.4,7701.29823027979,4.7,45.3210004412698,72.9855270385742,-1.5049397
Liberia,LBR,2008,38.6,591.185378141907,34.9,,,-1.1609094
Libya,LBY,2008,29.0,13403.0004645911,5.9,,,0.5158276
St. Lucia,LCA,2008,2.5,10583.4310172598,,,98.5242462158203,0.5860328
Latin America & Caribbean,LCN,2008,14.53,7945.73521560181,6.8906440549182,72.6787550646707,90.7860565185547,
Least developed countries: UN classification,LDC,2008,42.3946809139859,855.395791284952,21.8843823829208,,31.2559795379639,
Low income,LIC,2008,43.19,821.632312533321,24.6215608682273,24.5109487330694,28.4405002593994,
Liechtenstein,LIE,2008,,,,100.0,100.270820617676,1.333001
Sri Lanka,LKA,2008,18.2,2708.58594222506,11.1,46.2428665573261,,-1.6597233
Lower middle income,LMC,2008,40.34,1399.51493678141,14.9115687539754,52.5034344435652,51.493278503418,
Low & middle income,LMY,2008,32.72,3209.89152688519,11.2495264958743,,62.315128326416,
Lesotho,LSO,2008,40.5,971.881366821351,,16.3585686858876,51.0167694091797,-0.113854
Late-demographic dividend,LTE,2008,12.0223562143441,5891.622096914,5.04223382613473,,85.3041305541992,
Lithuania,LTU,2008,2.2,12324.5197331387,2.5,79.0897529328094,106.165969848633,0.7510345
Luxembourg,LUX,2008,,110094.791529429,2.5,99.8243980023117,97.3021469116211,1.5178517
Latvia,LVA,2008,2.4,12506.6945041012,2.5,93.1981608149268,105.759788513184,0.4004351
"Macao SAR, China",MAC,2008,,58146.3285846714,12.0,99.9830322073841,90.4638900756836,0.3702844
St. Martin (French part),MAF,2008,,,,96.7,,
Morocco,MAR,2008,18.0,2648.58569335938,4.8,48.9826800241506,54.1733512878418,-0.5121647
Monaco,MCO,2008,,163243.752211148,,100.0,145.866943359375,0.9406721
Moldova,MDA,2008,8.4,2249.22589719372,22.9,57.4896105954658,,-0.2408166
Madagascar,MDG,2008,52.0,490.963935389518,30.0,11.9410634706822,26.9826602935791,-0.481514999999999
Maldives,MDV,2008,20.8,9396.49733610486,,,,-0.1597836
"Middle East, North Africa, Afghanistan & Pakistan",MEA,2008,32.05,4780.09426990896,9.92464058560509,63.4934717005847,51.2119216918945,
Mexico,MEX,2008,15.3,9826.3421836048,3.9,41.1268744230264,89.310188293457,-0.74551
Marshall Islands,MHL,2008,40.0,3146.26177205458,,,88.787483215332,0.9944616
Middle income,MIC,2008,30.92,3404.98708871015,10.3695593752709,,66.1744079589844,
North Macedonia,MKD,2008,7.7,4392.5507164151,3.0,80.3186807833524,82.3995666503906,-0.183842099999999
Mali,MLI,2008,33.4,787.156518987615,7.4,,24.2745304107666,0.306278
Malta,MLT,2008,5.4,20064.4610845081,2.5,99.9999999672221,99.778923034668,1.1981438
Myanmar,MMR,2008,35.5,714.620419027129,14.0,40.131537454116,,-1.1194619
"Middle East, North Africa, Afghanistan & Pakistan (excluding high income)",MNA,2008,33.3964426040935,2767.19555091699,10.4393655251701,62.3169550723873,,
Montenegro,MNE,2008,8.7,6149.68558098863,2.5,84.1377623681584,99.4987716674805,0.7371209
Mongolia,MNG,2008,18.0,2576.71295838607,21.9,26.6957587288244,,0.4201759
Northern Mariana Islands,MNP,2008,,18451.3905458787,,80.536183737778,,
Mozambique,MOZ,2008,44.8,460.94729485679,23.6,12.9039962889322,17.2325000762939,0.1823787
Mauritania,MRT,2008,28.6,1514.2655013629,7.3,,17.1987209320068,-0.6838597
Mauritius,MUS,2008,9.1,7563.03143738425,5.4,,87.8380432128906,1.0395312
Malawi,MWI,2008,50.1,465.55147298007,15.9,10.151705637598,28.9009094238281,-0.210977499999999
Malaysia,MYS,2008,18.0,7976.11785374773,3.6,93.0529920737099,78.7946472167969,0.1350346
North America,NAC,2008,2.59,52336.0990945176,2.5,95.4191439355764,95.4206085205078,
Namibia,NAM,2008,27.7,4036.38187484707,26.1,,,1.0648169
New Caledonia,NCL,2008,,,9.0,91.0497907556275,,
Niger,NER,2008,47.5,429.195542798877,15.2,,8.25140953063965,-0.5913305
Nigeria,NGA,2008,39.3,2098.28339220668,9.6,19.1818410659703,30.5725002288818,-1.5994258
Nicaragua,NIC,2008,,1736.65740610408,19.9,,74.748046875,-0.2070926
Netherlands,NLD,2008,1.5,46227.211156219,2.5,99.98473339089,120.38207244873,0.9775963
Norway,NOR,2008,,75535.2118003041,2.5,99.510142552345,110.293609619141,1.3383189
Nepal,NPL,2008,46.0,666.865095417138,13.1,28.8494289134237,45.707649230957,-1.8469133
Nauru,NRU,2008,23.6,5045.18472364491,,18.6530956556076,66.8789825439453,0.9944616
New Zealand,NZL,2008,,35739.3584607571,2.5,87.3357150161621,120.224601745605,1.2062542
OECD members,OED,2008,6.7415938419998,34177.1150541466,3.02780925252306,,98.85888671875,
Oman,OMN,2008,11.7,22007.7338963517,5.5,85.4099858949536,92.0375289916992,0.8521682
Other small states,OSS,2008,28.5861289811011,10343.2053560068,10.5471048274013,,62.1403312683105,
Pakistan,PAK,2008,45.3,1258.05188934452,15.1,43.4761956728434,25.1925296783447,-2.4251193
Panama,PAN,2008,21.6,10288.1549774225,11.2,,71.5468597412109,0.0710551
Peru,PER,2008,24.1,4778.52642172313,11.0,47.949856785304,88.6442031860352,-0.688819
Philippines,PHL,2008,33.4,2264.9462907288,16.4,45.1461899033506,82.4900894165039,-1.6629672
Palau,PLW,2008,,14045.7297946023,,73.5572207645814,,0.9944616
Papua New Guinea,PNG,2008,46.4,1934.03201558753,27.6,,,-0.7838524
Poland,POL,2008,2.5,10187.2017910883,2.5,92.2806476520232,99.4151229858398,0.9992473
Pre-demographic dividend,PRE,2008,39.1709427113046,1340.27787088179,19.671571084606,,27.7371292114258,
Puerto Rico (US),PRI,2008,,28976.1310520159,,76.0438007391034,,0.3528229
"Korea, Dem. People's Rep.",PRK,2008,33.8,,40.5,68.2075310991335,,-0.113058899999999
Portugal,PRT,2008,4.3,20014.4749330004,2.5,93.9958440151523,104.721168518066,0.992239
Paraguay,PRY,2008,13.9,4788.66318778074,3.6,55.8666053457397,72.4440612792969,-0.462138699999999
West Bank and Gaza,PSE,2008,11.3,2685.98601828464,,77.7332472337015,91.2910003662109,-1.8396941
Pacific island small states,PSS,2008,18.3011762071742,3378.06429573943,8.10800164889672,,69.6907501220703,
Post-demographic dividend,PST,2008,4.00571711503082,38770.2271281115,2.53258966838016,,101.652656555176,
French Polynesia,PYF,2008,,21493.4178311249,5.6,90.448717948718,,
Qatar,QAT,2008,7.0,61213.7206556875,,96.3402204469615,102.374160766602,1.0670583
Romania,ROU,2008,10.6,8318.00342795388,2.5,81.8113690851949,94.1028213500977,0.2423665
Russian Federation,RUS,2008,,9093.7001953125,2.5,75.5078223860642,85.5771331787109,-0.4620681
Rwanda,RWA,2008,46.8,538.325372065592,36.5,,20.7493991851807,-0.2487036
South Asia,SAS,2008,45.27,1081.2982713599,15.3662887685736,52.312642790202,57.021728515625,
Saudi Arabia,SAU,2008,12.5,21629.8405734551,3.4,,,-0.3527902
Sudan,SDN,2008,37.3,1381.62561035156,,,33.5710983276367,-2.4098968
Senegal,SEN,2008,19.7,1138.66883930214,10.9,22.3115222898236,27.028829574585,-0.1839308
Singapore,SGP,2008,3.7,44601.5799302699,,100.0,,1.2892238
Solomon Islands,SLB,2008,33.2,1911.18969015528,14.1,,,0.1231216
Sierra Leone,SLE,2008,36.7,882.54147817868,28.1,6.72395112536035,,-0.278660099999999
El Salvador,SLV,2008,19.9,3420.44927357444,9.7,,67.0742568969727,0.056355
San Marino,SMR,2008,,61572.7435735639,,100.0,63.7246208190918,0.9944616
"Somalia, Fed. Rep.",SOM,2008,32.2,304.741448811117,69.8,,,-3.0127129
Serbia,SRB,2008,7.4,5735.94772695749,2.5,74.6318103995439,92.2437896728516,-0.243904099999999
Sub-Saharan Africa (excluding high income),SSA,2008,38.2577249043168,1615.34587802112,18.6252036493759,23.0591554392966,31.1639308929443,
South Sudan,SSD,2008,33.7,2289.18415375563,,,,
Sub-Saharan Africa,SSF,2008,39.21,1490.09370157274,19.4547994570966,21.6325387480417,31.1681404113769,
Small states,SST,2008,23.5954400575541,10342.7108313065,9.58401223165644,,67.7862396240234,
Sao Tome and Principe,STP,2008,22.9,1214.14114724792,13.0,29.7604671056333,45.365550994873,0.3647144
Suriname,SUR,2008,9.8,8129.11464659446,7.3,53.2889718900373,80.975456237793,0.2012169
Slovak Republic,SVK,2008,,14497.1114407172,5.1,96.6464908433867,95.2825317382812,1.1240183
Slovenia,SVN,2008,,22175.2369557321,2.5,91.7988943928597,99.6752166748047,1.2184658
Sweden,SWE,2008,,48428.6587081751,2.5,99.4997079583573,101.293617248535,1.173552
Eswatini,SWZ,2008,32.1,2950.67334362132,19.6,31.5891788245693,,-0.1724578
Sint Maarten (Dutch part),SXM,2008,,,,,,
Seychelles,SYC,2008,8.6,12473.2921769121,3.9,62.8656870733043,88.1114273071289,0.7046564
Syrian Arab Republic,SYR,2008,28.6,1423.59559425951,5.6,,67.7757873535156,-0.5948264
Turks and Caicos Islands,TCA,2008,4.7,38854.1075698814,,,,
Chad,TCD,2008,40.3,916.087274632505,24.7,5.75715080778144,12.1731004714966,-1.8243844
East Asia & Pacific (IDA & IBRD countries),TEA,2008,20.0988150937416,4149.94050469473,7.14700143307143,,77.8543090820312,
Europe & Central Asia (IDA & IBRD countries),TEC,2008,,7054.20102951113,3.73832586290222,80.043691709217,89.7542266845703,
Togo,TGO,2008,28.5,610.405413708475,20.7,13.4503740884263,,-0.3522146
Thailand,THA,2008,15.9,4805.76393990836,10.6,,78.9311370849609,-1.1647166
Tajikistan,TJK,2008,32.0,726.185491338269,29.3,45.2373691945965,73.0743865966797,-0.7060293
Turkmenistan,TKM,2008,16.7,3504.34843278483,4.6,78.9568553921139,,0.3188316
Latin America & the Caribbean (IDA & IBRD countries),TLA,2008,14.604408574929,7789.84445398257,6.8906440549182,73.355897391761,90.7566299438477,
Timor-Leste,TLS,2008,56.3,1042.86833768293,23.2,,57.0424880981445,-0.783746899999999
"Middle East, North Africa, Afghanistan & Pakistan (IDA & IBRD)",TMN,2008,33.5747632842037,2767.73209152447,10.4393655251701,62.209450625418,,
Tonga,TON,2008,9.3,3833.60152751942,,29.3649386266673,107.204528808594,0.3326067
South Asia (IDA & IBRD),TSA,2008,45.307222308293,1081.2982713599,15.3662887685736,52.312642790202,57.021728515625,
Sub-Saharan Africa (IDA & IBRD countries),TSS,2008,39.2135573595301,1490.09370157274,19.4547994570966,21.6325387480417,31.1681404113769,
Trinidad and Tobago,TTO,2008,7.9,18285.2735441992,9.3,69.3141791212705,,0.0274032
Tunisia,TUN,2008,10.0,3760.11828478704,3.6,78.8190034710889,94.3590087890625,-0.112096999999999
Turkiye,TUR,2008,13.0,8447.93976396947,3.2,,84.4206237792969,-0.604511399999999
Tuvalu,TUV,2008,9.4,3230.22109521715,,8.02598283524505,,1.333001
Tanzania,TZA,2008,41.8,752.540466308594,25.1,7.29520223288577,,-0.2456073
Uganda,UGA,2008,38.3,722.565167003452,19.8,7.03133846285696,,-0.6599792
Ukraine,UKR,2008,19.2,2567.69409179688,2.5,79.6280372108845,96.8652420043945,-0.033573
Upper middle income,UMC,2008,16.05,5356.37188864324,5.9463586897612,74.2704846532671,84.385009765625,
Uruguay,URY,2008,11.1,13165.83628166,2.5,,93.4709930419922,1.056881
United States,USA,2008,2.5,53442.7136899777,2.5,95.3828332115417,,0.629976
Uzbekistan,UZB,2008,17.8,1904.45855506712,6.2,64.3466497035217,87.9145126342773,-0.995043799999999
St. Vincent and the Grenadines,VCT,2008,,7019.9950843874,5.9,,117.714179992676,0.7695704
"Venezuela, RB",VEN,2008,14.7,4665.9531880382,2.6,,84.4423980712891,-1.2866765
British Virgin Islands,VGB,2008,,,,,,
Virgin Islands (U.S.),VIR,2008,,50174.7528938473,,97.9483709944377,,0.6477695
Viet Nam,VNM,2008,29.6,1856.00519883979,12.5,50.0601009000849,,0.0487952
Vanuatu,VUT,2008,26.4,2875.08524058992,7.3,18.096002505823,,1.0843736
World,WLD,2008,29.4,9240.5056265252,9.5,63.7620533556781,67.0329208374023,
Samoa,WSM,2008,4.8,3925.8743329936,4.3,60.4072587578907,,1.0579764
Kosovo,XKX,2008,,2543.59926351696,,,,0.7330132
"Yemen, Rep.",YEM,2008,52.2,2244.04491655237,,,27.4409694671631,-2.1003894
South Africa,ZAF,2008,24.5,6009.71963138635,3.5,67.9272518361093,86.5697708129883,-0.0131431999999999
Zambia,ZMB,2008,46.4,1053.58612301068,45.6,,,0.2479511
Zimbabwe,ZWE,2008,33.9,803.044944654991,27.1,28.943126830006,,-1.6376435
Aruba,ABW,2009,,26204.0597361984,,,100.589973449707,1.3267766
Africa Eastern and Southern,AFE,2009,40.2153218297542,1414.58775130051,23.9117369958069,22.0457592124889,34.5432586669922,
Afghanistan,AFG,2009,46.5,488.830652491949,17.6,18.3897928679237,,-2.4492355
Africa Western and Central,AFW,2009,35.801507929605,1612.48837316067,12.2803473663128,22.599179352627,30.8871803283691,
Angola,AGO,2009,31.1,3494.80724466172,19.7,,21.1587905883789,-0.526828899999999
Albania,ALB,2009,21.0,3459.24695646692,6.1,60.3009074347169,,-0.0272379
Andorra,AND,2009,,35604.4007343193,,90.6399974362804,85.9325790405273,1.3413014
Arab World,ARB,2009,26.4274514525752,5787.82712590845,8.63155073711354,,62.877799987793,
United Arab Emirates,ARE,2009,,42672.1987890808,5.9,98.3939425732259,,1.0855231
Argentina,ARG,2009,7.1,12285.3784651865,3.4,,102.57689666748,-0.1847801
Armenia,ARM,2009,17.7,2716.97436280471,3.2,83.2159124318697,99.4727630615234,0.1499282
American Samoa,ASM,2009,,12342.0575384016,,87.9608770168529,,1.0047762
Antigua and Barbuda,ATG,2009,,17746.700856041,,,120.998901367188,0.7908269
Australia,AUS,2009,3.0,53430.5274781651,2.5,,,0.9940821
Austria,AUT,2009,,42372.4758254763,2.5,98.24682928657,98.306266784668,1.2902477
Azerbaijan,AZE,2009,20.8,5118.43395494687,2.5,52.0252177256322,,-0.351531
Burundi,BDI,2009,57.7,252.582019875886,,,17.5529193878174,-1.0572468
Belgium,BEL,2009,3.1,39293.637546825,2.5,99.753939498954,171.172912597656,0.9641541
Benin,BEN,2009,35.3,936.565651071554,8.7,15.4472801845172,,0.4200295
Burkina Faso,BFA,2009,36.8,533.470084831931,15.0,,16.4878997802734,-0.0035975
Bangladesh,BGD,2009,42.9,901.729626251937,17.9,55.048860676336,49.7001609802246,-1.51053059999999
Bulgaria,BGR,2009,8.0,6288.72543188686,5.4,94.3803877130957,90.9566192626953,0.3832438
Bahrain,BHR,2009,7.3,22206.9371985225,,98.9250802880628,92.0312271118164,-0.2010092
"Bahamas, The",BHS,2009,,30581.3342198488,,,89.9711837768555,0.8432738
Bosnia and Herzegovina,BIH,2009,10.3,3877.53540078456,2.5,88.2569238392629,88.1162567138672,-0.5894529
Belarus,BLR,2009,3.1,5200.77418555423,2.5,88.5394572054353,111.873641967773,0.3534137
Belize,BLZ,2009,20.0,5997.68447156383,4.7,,77.4153671264648,-0.0105185
Bermuda,BMU,2009,,121727.584908744,,,,0.786521
Bolivia,BOL,2009,24.0,2422.57579390007,21.4,,83.5469284057617,-0.2490392
Brazil,BRA,2009,6.8,8246.09612122851,3.5,79.0182471981314,,0.1161689
Barbados,BRB,2009,8.0,22572.5926053677,2.6,,110.057472229004,1.2798948
Brunei Darussalam,BRN,2009,19.1,32855.6021602466,,,102.777656555176,1.3123741
Bhutan,BTN,2009,34.1,2148.56480375034,,31.7667234800423,61.660530090332,0.8300522
Botswana,BWA,2009,27.1,5179.4138607146,24.8,67.0731254262303,,1.2494369
Central African Republic,CAF,2009,41.4,492.215398914836,27.6,7.36962779531818,8.72708988189697,-1.3308075
Canada,CAN,2009,,40376.4153847836,2.5,98.4996540146077,101.66227722168,1.3795675
Central Europe and the Baltics,CEB,2009,4.75393036037928,10792.8296963649,2.82935212459676,,99.450798034668,
Switzerland,CHE,2009,,79585.5216989959,2.5,96.7000017696432,94.0488586425781,1.3143325
Channel Islands,CHI,2009,,67617.8205403696,,,,
Chile,CHL,2009,2.0,11116.4093443103,3.3,95.0803746962763,91.1818389892578,0.8581561
China,CHN,2009,9.6,5237.76666540352,2.9,,90.3999099731445,-0.310643499999999
Cote d'Ivoire,CIV,2009,30.9,1473.9183699329,17.6,29.8076450619648,,-0.960599299999999
Cameroon,CMR,2009,34.5,1290.89961351149,5.9,,37.8445510864258,-0.4490608
"Congo, Dem. Rep.",COD,2009,44.0,383.515898271062,28.4,12.0340647206377,26.7931995391846,-1.53122579999999
"Congo, Rep.",COG,2009,26.6,2211.31572382028,37.7,38.0890748195505,,-0.381743699999999
Colombia,COL,2009,13.6,5046.97121757727,11.1,70.4498859455197,102.675201416016,-1.56419059999999
Comoros,COM,2009,36.5,1250.90035344227,15.3,,,-0.505995699999999
Cabo Verde,CPV,2009,10.1,3159.58698693977,15.2,,89.8743209838867,1.0097317
Costa Rica,CRI,2009,6.4,9883.67567046297,3.1,78.9813620194677,96.3420486450195,0.7203643
Caribbean small states,CSS,2009,12.0262816846417,13578.6986655384,7.64869910735178,,90.5165176391602,
Cuba,CUB,2009,7.6,6561.25305093006,,,91.8882904052734,0.4583653
Curacao,CUW,2009,,20952.8997952543,,,,
Cayman Islands,CYM,2009,,84001.4219797545,,,,1.3168772
Cyprus,CYP,2009,,26183.685546875,2.5,97.4903026292085,92.990852355957,0.7902511
Czechia,CZE,2009,2.6,16272.8084766719,2.5,96.8213717992104,98.4950180053711,1.0713838
Germany,DEU,2009,1.4,36940.4078672661,2.5,99.8784478593771,100.680168151855,1.0301906
Djibouti,DJI,2009,30.1,,20.0,,,0.5407182
Dominica,DMA,2009,,8582.71481435718,4.1,,113.975158691406,0.982245
Denmark,DNK,2009,,50635.9118061988,2.5,96.5430289890963,118.309303283691,1.2068064
Dominican Republic,DOM,2009,8.5,5294.64953374426,13.5,43.6640119171661,85.7362594604492,-0.0590302
Algeria,DZA,2009,14.2,4336.10054052949,4.7,73.4430887129404,,-1.18034059999999
East Asia & Pacific (excluding high income),EAP,2009,19.4487239216241,4397.68279304561,6.58727303495501,,82.513557434082,
Early-demographic dividend,EAR,2009,37.3402518023781,2641.46036980411,13.3134392020894,,60.5215606689453,
East Asia & Pacific,EAS,2009,18.4,7350.03477529475,6.40518656714832,74.1069332672018,84.3223571777344,
Europe & Central Asia (excluding high income),ECA,2009,15.1646067922684,4821.30871859383,4.21096262266664,77.6267324671599,87.5869903564453,
Europe & Central Asia,ECS,2009,7.73,20991.3574844148,2.9765999020765,89.7320262071637,96.6895370483398,
Ecuador,ECU,2009,27.9,4909.33681705683,9.5,64.9970482972014,88.0668182373047,-0.5221507
"Egypt, Arab Rep.",EGY,2009,25.6,3135.09661303014,4.9,70.0659698900796,63.2690315246582,-0.570860599999999
Euro area,EMU,2009,,32645.5191413239,2.53800639250948,,106.907577514648,
Eritrea,ERI,2009,50.8,702.430936480778,,,43.0703887939453,-0.666870899999999
Spain,ESP,2009,,25860.8142592652,2.5,99.643200653903,120.13614654541,-0.0134364999999999
Estonia,EST,2009,1.4,14274.8511086787,2.5,94.7546292638518,108.62345123291,0.6666147
Ethiopia,ETH,2009,46.0,385.632419711374,23.9,7.35898627398436,27.9870700836182,-1.3102757
European Union,EUU,2009,,28771.7357026131,2.57819925845701,,105.384651184082,
Fragile and conflict affected situations,FCS,2009,38.5622019036895,1619.06372938072,16.1171843619142,,37.0622901916504,
Finland,FIN,2009,1.8,42412.5133513534,2.5,97.3841856190771,110.353019714355,1.4999268
Fiji,FJI,2009,7.3,4164.29314800857,6.8,40.1819062994165,82.2133331298828,-0.172265199999999
France,FRA,2009,,35052.8510772683,2.5,98.082254071339,106.454376220703,0.5084249
Faroe Islands,FRO,2009,,42378.2165335393,,,,
"Micronesia, Fed. Sts.",FSM,2009,,2815.59835156937,,,,1.4345035
Gabon,GAB,2009,20.0,6264.83611480154,14.4,,,-0.115327699999999
United Kingdom,GBR,2009,3.0,42146.5095879962,2.5,99.9582172697876,101.106651306152,0.4928367
Georgia,GEO,2009,11.2,2887.25607935922,7.6,60.9754668929844,,-0.7431732
Ghana,GHA,2009,25.6,1311.63053760125,6.9,23.4389239746226,44.4520797729492,0.1366056
Gibraltar,GIB,2009,,,,100.0,109.230766296387,
Guinea,GIN,2009,35.3,660.756701330284,18.4,,,-1.80330709999999
"Gambia, The",GMB,2009,24.7,681.433469086571,10.5,32.7191031085603,45.4219284057617,0.1514336
Guinea-Bissau,GNB,2009,29.2,608.202131879882,21.5,20.3599228990252,,-0.5020146
Equatorial Guinea,GNQ,2009,28.8,12627.862381545,,,,0.2160624
Greece,GRC,2009,1.8,22878.1346644397,2.5,99.5265830713542,,-0.0010877
Grenada,GRD,2009,,7733.12990600058,,86.864757155891,110.414993286133,0.3284927
Greenland,GRL,2009,,42899.7441985862,,,,1.4851242
Guatemala,GTM,2009,49.9,3516.19227725255,17.3,49.7076411005726,47.0550994873047,-0.8012209
Guam,GUM,2009,,31988.7229358255,,99.0374983727275,,0.4611542
Guyana,GUY,2009,17.1,4649.34144792756,9.5,64.3442813208526,90.4651107788086,-0.4000971
High income,HIC,2009,4.09,33329.6767360425,2.66456972005089,94.6127631741403,100.540420532227,
"Hong Kong SAR, China",HKG,2009,,35938.5902369431,2.5,99.1423031582683,86.8064117431641,1.0098437
Honduras,HND,2009,25.6,2076.30859895638,14.0,52.3626202265339,,-0.518668999999999
Heavily indebted poor countries (HIPC),HPC,2009,39.8854161634692,803.144160263683,22.3381967858102,,29.0351104736328,
Croatia,HRV,2009,,12099.5521781656,2.5,86.0858481223114,100.785598754883,0.7434322
Haiti,HTI,2009,24.7,1412.89653523429,40.4,,,-1.29033469999999
Hungary,HUN,2009,,11142.885928524,2.5,85.5267823941535,99.2112579345703,0.739121
IBRD only,IBD,2009,26.8856180620574,4249.10322422767,8.24645698824256,66.3528224980276,75.9965362548828,
IDA & IBRD total,IBT,2009,31.6580962573637,3502.68472824197,10.4365566865288,59.2978499516585,64.093391418457,
IDA total,IDA,2009,39.8228480413328,1172.44269252611,17.7569961129798,36.7858257420248,36.8136787414551,
IDA blend,IDB,2009,38.985872913716,1665.56682453196,14.1819383588959,37.8183936829997,36.3357315063477,
Indonesia,IDN,2009,38.0,2546.21969707767,15.0,26.5057497293581,75.0030670166016,-0.637084499999999
IDA only,IDX,2009,40.2926260569729,904.189618538801,19.9216115789962,32.7568091449389,36.7950592041016,
Isle of Man,IMN,2009,,69192.0258221691,,96.6672319093368,,
India,IND,2009,44.9,1155.10163274172,15.0,51.4825314020622,58.6507301330566,-0.913954899999999
Not classified,INX,2009,,,,,,
Ireland,IRL,2009,2.8,46466.3794269222,2.5,81.662396985131,118.528137207031,1.1107935
"Iran, Islamic Rep.",IRN,2009,6.5,5023.89314362941,8.4,92.2066678518204,79.4014663696289,-1.2710065
Iraq,IRQ,2009,23.9,3768.17284328983,14.5,54.4999818450218,,-2.1115271
Iceland,ISL,2009,,50581.0846203691,2.5,94.9723798865961,108.148422241211,1.3402776
Israel,ISR,2009,,32178.5727387015,2.5,99.6577262645417,96.9526901245117,-1.0475605
Italy,ITA,2009,,31587.0638416305,2.5,95.90733256562,99.8766174316406,0.4817721
Jamaica,JAM,2009,6.1,5372.14234169511,8.6,,90.9492568969727,-0.3547882
Jordan,JOR,2009,8.4,4615.23067817324,7.5,62.0799000146512,,-0.4317435
Japan,JPN,2009,6.9,31651.0837739562,,98.0943628841813,,1.1160327
Kazakhstan,KAZ,2009,13.6,8218.39912556048,3.8,76.2155829324062,,0.6995969
Kenya,KEN,2009,33.3,1276.73503486074,24.3,,54.5718307495117,-1.5514921
Kyrgyz Republic,KGZ,2009,18.5,981.220904665529,8.4,56.356495699389,88.7243728637695,-0.5809063
Cambodia,KHM,2009,39.2,1117.25834194514,11.2,21.4476729237885,,-0.5824764
Kiribati,KIR,2009,17.5,1340.27593200253,4.0,11.3515336607381,,1.5568619
St. Kitts and Nevis,KNA,2009,,17671.2547069735,,,110.266731262207,1.3307327
"Korea, Rep.",KOR,2009,2.1,25009.9148311999,2.5,97.66655381836,96.9241409301758,0.6309262
Kuwait,KWT,2009,4.8,35124.0853941026,2.5,100.0,102.015670776367,0.5278524
Latin America & Caribbean (excluding high income),LAC,2009,14.3845301903907,7438.00793773364,6.88809467713954,71.9981921960686,92.0654907226562,
Lao PDR,LAO,2009,44.0,1463.3379666846,,10.2417371173529,40.9841690063477,-0.0651815999999999
Lebanon,LBN,2009,14.7,8375.48851252821,4.1,45.5569550952381,75.2082824707031,-1.3045394
Liberia,LBR,2009,37.6,603.256211077605,34.8,,,-1.0358291
Libya,LBY,2009,28.6,12549.0854345521,6.3,,,0.5227169
St. Lucia,LCA,2009,2.4,10219.8024011561,,,100.330680847168,0.9341655
Latin America & Caribbean,LCN,2009,14.06,7675.9903619546,6.52944761681028,72.9634384273025,91.6666488647461,
Least developed countries: UN classification,LDC,2009,41.3515938900721,870.835035166982,21.1436753165428,,32.8286895751953,
Low income,LIC,2009,42.22,824.836701745066,24.1729830955319,24.8967220355215,29.8598594665527,
Liechtenstein,LIE,2009,,,,100.0,97.8465728759766,1.6495712
Sri Lanka,LKA,2009,17.7,2787.27350976338,10.6,46.4229534965321,,-1.1197381
Lower middle income,LMC,2009,39.48,1457.71947779502,14.5907843834404,53.6435095159501,52.3352088928223,
Low & middle income,LMY,2009,31.89,3292.95225009223,10.7500387681117,,63.8080902099609,
Lesotho,LSO,2009,39.8,952.747929746529,,17.3658328653489,56.7846603393555,0.534396
Late-demographic dividend,LTE,2009,11.3338333620833,6074.36748179082,4.3322006765905,,89.2734603881836,
Lithuania,LTU,2009,2.1,10612.9204044582,2.5,80.7660072095544,104.750190734863,0.6237603
Luxembourg,LUX,2009,,104574.349049084,2.5,99.8236448134373,,1.4891068
Latvia,LVA,2009,2.3,10675.425174228,2.5,93.4562743103045,99.7813491821289,0.6126227
"Macao SAR, China",MAC,2009,,59528.8350159491,11.3,99.9846556690233,90.1166305541992,0.35272
St. Martin (French part),MAF,2009,,,,96.7,,
Morocco,MAR,2009,17.3,2710.66650390625,4.8,50.8342738607937,56.9432411193848,-0.4275208
Monaco,MCO,2009,,142375.532007071,,100.0,,0.9517737
Moldova,MDA,2009,8.0,2116.94357544097,17.9,59.8934920355375,,-0.2909869
Madagascar,MDG,2009,51.0,457.789754866068,29.4,12.6258054956563,28.0163993835449,-0.767109399999999
Maldives,MDV,2009,19.2,8313.4098369723,,,,-0.114763099999999
"Middle East, North Africa, Afghanistan & Pakistan",MEA,2009,31.65,4720.39884992496,9.90975078587348,63.6309158074858,52.2615699768066,
Mexico,MEX,2009,14.7,9074.1188145564,4.1,41.2589025169865,89.4026565551758,-0.7909518
Marshall Islands,MHL,2009,39.9,3262.26955535477,,,86.5034713745117,1.5889495
Middle income,MIC,2009,30.09,3497.74128828918,9.8537624217114,,67.8443374633789,
North Macedonia,MKD,2009,7.2,4405.20045750867,3.3,80.3345339145344,82.8811874389648,-0.0911297
Mali,MLI,2009,32.3,803.486738927624,6.7,,26.8929100036621,0.1772718
Malta,MLT,2009,5.5,19635.9157805971,2.5,99.9924268542668,,1.2004623
Myanmar,MMR,2009,34.2,785.634853168658,11.1,41.9040165084889,51.3885917663574,-1.1579001
"Middle East, North Africa, Afghanistan & Pakistan (excluding high income)",MNA,2009,32.954515940969,2783.30273792282,10.4431059387859,62.4487290376977,,
Montenegro,MNE,2009,8.7,5768.65709477479,2.5,84.2614730554413,96.1962509155273,0.7291378
Mongolia,MNG,2009,16.4,2498.72967493254,19.8,27.9047550878849,101.966873168945,0.677234
Northern Mariana Islands,MNP,2009,,15710.5807282039,,80.6202165397902,,
Mozambique,MOZ,2009,44.2,475.788178051193,21.7,13.7731362011377,20.2017803192139,0.2678511
Mauritania,MRT,2009,27.5,1469.05426880813,7.1,,17.876070022583,-0.5625221
Mauritius,MUS,2009,8.9,7793.0308214588,5.5,,88.413818359375,0.5736232
Malawi,MWI,2009,48.5,489.631418790158,14.7,10.5967163498251,30.1589107513428,0.0040021
Malaysia,MYS,2009,17.9,7700.46111294033,3.8,93.1909885128932,78.8667907714844,0.0283293
North America,NAC,2009,2.55,50514.6640321862,2.5,95.4214400441902,96.4992523193359,
Namibia,NAM,2009,26.9,3989.20711387651,28.2,,,0.9292612
New Caledonia,NCL,2009,,,8.5,91.7251143930947,,
Niger,NER,2009,46.7,421.650901333136,14.3,,8.63199996948242,-0.9211855
Nigeria,NGA,2009,38.7,2204.6072560373,9.9,20.1695068653396,34.5709915161133,-1.48197129999999
Nicaragua,NIC,2009,,1655.72028962416,19.3,,,-0.2757211
Netherlands,NLD,2009,1.5,44304.4119317351,2.5,99.9831529342626,121.743392944336,1.0557331
Norway,NOR,2009,,73141.3073299889,2.5,99.4821641742523,109.753890991211,1.413466
Nepal,NPL,2009,44.4,692.400000816919,11.7,29.0978419019474,46.5078506469727,-1.6385607
Nauru,NRU,2009,23.1,4761.56658392323,,18.6537248090749,,1.5889495
New Zealand,NZL,2009,,35370.585185302,2.5,88.3164263973845,126.98787689209,1.1995646
OECD members,OED,2009,6.45872174458295,32783.6280768116,3.00969502364846,,98.6575469970703,
Oman,OMN,2009,11.5,22819.1977324647,4.5,85.7640306110898,96.9309463500977,0.8400494
Other small states,OSS,2009,27.7770877392228,9699.18302744397,10.8265831668815,,63.6232299804688,
Pakistan,PAK,2009,45.2,1269.07432116444,15.4,43.5860467210907,25.688850402832,-2.19812549999999
Panama,PAN,2009,21.4,10267.0633132424,10.1,,73.2163925170898,0.1158121
Peru,PER,2009,22.6,4801.17153740507,9.4,48.2349363755422,91.3245620727539,-0.9293423
Philippines,PHL,2009,33.1,2256.72554835463,16.0,45.2781103872759,84.3866271972656,-1.6270742
Palau,PLW,2009,,13338.1300928439,,74.6998534994356,,1.5889495
Papua New Guinea,PNG,2009,47.0,2003.24109727039,28.8,,,-0.9272324
Poland,POL,2009,2.3,10446.5289138524,2.5,92.6632461184,99.1387176513672,0.9970056
Pre-demographic dividend,PRE,2009,38.3833648234853,1363.83802147483,19.0827722344887,,29.8313694000244,
Puerto Rico (US),PRI,2009,,28565.767919549,,78.8324544859335,90.4561462402344,0.4099989
"Korea, Dem. People's Rep.",PRK,2009,31.4,,42.0,68.0208733885564,,-0.2064539
Portugal,PRT,2009,4.2,19371.1318876855,2.5,94.0382676951915,107.557548522949,0.8872701
Paraguay,PRY,2009,12.8,4727.59685811389,2.9,56.558468912494,73.5109176635742,-0.4759748
West Bank and Gaza,PSE,2009,11.2,2840.01594969395,,78.1265756684074,91.1607971191406,-1.75952669999999
Pacific island small states,PSS,2009,18.2778882981764,3326.82305751956,8.3602982683321,,72.1379470825195,
Post-demographic dividend,PST,2009,3.98142025118831,37270.4347171871,2.5284063491376,,102.090309143066,
French Polynesia,PYF,2009,,20499.7723032831,5.1,90.448717948718,,
Qatar,QAT,2009,6.7,60781.8017337781,,96.6858383428072,99.5016098022461,1.3252517
Romania,ROU,2009,10.1,7924.87058070212,2.5,81.8484445439679,103.092918395996,0.3904071
Russian Federation,RUS,2009,,8381.8681640625,2.5,75.5329354081674,88.4459609985352,-0.6949206
Rwanda,RWA,2009,45.8,557.397804859216,36.0,,25.5202293395996,-0.219369099999999
South Asia,SAS,2009,44.3,1145.46231062146,15.1801091128215,53.8240460739803,57.7675285339355,
Saudi Arabia,SAU,2009,12.6,20577.5453445336,3.1,,106.745018005371,-0.7085467
Sudan,SDN,2009,37.0,1301.34729003906,,,36.356689453125,-2.43933719999999
Senegal,SEN,2009,19.2,1142.65317233964,10.3,22.6169579327567,,-0.0273215
Singapore,SGP,2009,3.6,43331.8746638962,,100.0,,1.2287248
Solomon Islands,SLB,2009,33.0,1930.46287614922,14.1,,,0.3268674
Sierra Leone,SLE,2009,35.9,872.23959352481,24.8,6.95493587940752,,-0.274347599999999
El Salvador,SLV,2009,18.6,3337.81150878211,9.5,,67.4736785888672,-0.1546506
San Marino,SMR,2009,,52873.2681862909,,99.9999973376988,64.4038314819336,1.5889495
"Somalia, Fed. Rep.",SOM,2009,31.6,317.03818481457,71.8,,,-2.88051999999999
Serbia,SRB,2009,6.9,5578.0119741931,2.5,74.6588894120187,93.3237915039062,-0.2142355
Sub-Saharan Africa (excluding high income),SSA,2009,37.5076037743151,1618.80132357247,18.2370622187939,23.7026139877256,32.9944610595703,
South Sudan,SSD,2009,32.9,2293.80166888543,,,,
Sub-Saharan Africa,SSF,2009,38.38,1495.15888390986,18.8496494384891,22.2734813638215,32.9982681274414,
Small states,SST,2009,23.0331289362133,9794.86691738103,9.78064884668459,,69.0761337280273,
Sao Tome and Principe,STP,2009,21.8,1225.60541902997,14.7,30.2528686679183,52.2087516784668,0.4775703
Suriname,SUR,2009,9.3,8276.69079768793,7.4,53.4825352502815,76.6016998291016,0.2538588
Slovak Republic,SVK,2009,,13680.7537106597,4.9,97.2888805741908,95.0532531738281,0.9286424
Slovenia,SVN,2009,,20307.6188322273,2.5,91.7943029085588,98.8639907836914,1.1668873
Sweden,SWE,2009,,45974.3911151254,2.5,99.5121591208695,101.153099060059,1.1691057
Eswatini,SWZ,2009,31.2,2973.83456912379,23.3,32.228164048978,57.9981803894043,0.0509459
Sint Maarten (Dutch part),SXM,2009,,37548.9474627441,,,,
Seychelles,SYC,2009,8.4,12116.3783687977,4.3,62.9804711079763,87.4722290039062,0.6419829
Syrian Arab Republic,SYR,2009,27.9,1484.40523742854,5.4,,69.3705520629883,-0.5265063
Turks and Caicos Islands,TCA,2009,4.6,29988.5997375172,,,107.745780944824,
Chad,TCD,2009,39.6,871.485311273077,24.1,5.78161926382731,13.3485803604126,-1.0699072
East Asia & Pacific (IDA & IBRD countries),TEA,2009,19.3084149175757,4448.74654682988,6.13022774206762,,82.3411712646484,
Europe & Central Asia (IDA & IBRD countries),TEC,2009,,6698.64285633553,3.430688171234,80.662482199147,89.4047393798828,
Togo,TGO,2009,27.9,625.711511370434,19.9,13.8974477840125,,-0.4185216
Thailand,THA,2009,15.6,4737.45679763314,10.4,,80.728889465332,-1.1126951
Tajikistan,TJK,2009,30.4,739.212878526331,26.6,46.5858978425593,74.3436737060547,-0.780627899999999
Turkmenistan,TKM,2009,15.5,3645.43522420841,4.6,80.5288592923225,,0.3231146
Latin America & the Caribbean (IDA & IBRD countries),TLA,2009,14.1276346855023,7519.31125343201,6.52944761681028,73.6405371978181,91.6688919067383,
Timor-Leste,TLS,2009,55.6,1120.09693594876,21.1,,66.6238479614258,-0.6476333
"Middle East, North Africa, Afghanistan & Pakistan (IDA & IBRD)",TMN,2009,33.1285841092132,2782.93412660241,10.4431059387859,62.3392130787549,,
Tonga,TON,2009,8.8,3630.76081551536,,29.3964687866668,119.411682128906,0.4609269
South Asia (IDA & IBRD),TSA,2009,44.3268937739981,1145.46231062146,15.1801091128215,53.8240460739803,57.7675285339355,
Sub-Saharan Africa (IDA & IBRD countries),TSS,2009,38.3728871633276,1495.15888390986,18.8496494384891,22.2734813638215,32.9982681274414,
Trinidad and Tobago,TTO,2009,8.1,17461.9640940055,8.8,69.2989872930129,,0.0338379
Tunisia,TUN,2009,9.7,3835.25011939301,3.4,79.0504165904685,91.7849884033203,-0.120559199999999
Turkiye,TUR,2009,11.9,7925.30110421185,2.5,,77.3252868652344,-0.552292999999999
Tuvalu,TUV,2009,9.0,2987.80397939993,,8.07693058029399,,1.5568619
Tanzania,TZA,2009,40.8,772.929565429688,24.6,9.08698844105162,,0.0190977
Uganda,UGA,2009,37.1,749.342865535423,18.7,7.67241611786508,,-0.6855047
Ukraine,UKR,2009,18.7,2188.17016601563,2.5,82.1398553373024,96.3311386108398,-0.2283028
Upper middle income,UMC,2009,15.34,5500.85154302411,5.19869604140219,74.7459874016265,87.9890213012695,
Uruguay,URY,2009,10.3,13691.71420689,2.5,,94.7426071166992,1.0283689
United States,USA,2009,2.5,51611.3217087719,2.5,95.3919740898134,,0.6411914
Uzbekistan,UZB,2009,16.6,2025.04298646098,4.8,65.6323531235185,89.0407485961914,-0.862932799999999
St. Vincent and the Grenadines,VCT,2009,,6955.82358345268,5.7,,116.112533569336,0.9800499
"Venezuela, RB",VEN,2009,14.0,4455.4532320933,2.5,,85.081657409668,-1.2678968
British Virgin Islands,VGB,2009,,,,,106.144073486328,
Virgin Islands (U.S.),VIR,2009,,46862.8076001874,,98.0214501502026,,0.6548975
Viet Nam,VNM,2009,28.5,1927.13427057454,11.3,50.6065902655669,,0.1922119
Vanuatu,VUT,2009,26.5,2888.13715784739,7.0,18.2073115909493,,1.3114121
World,WLD,2009,28.66,9005.17592406812,9.1,64.2906505441352,68.4285202026367,
Samoa,WSM,2009,4.8,3875.94291686166,4.3,60.5065014254509,87.5538177490234,0.9721693
Kosovo,XKX,2009,,2680.86121521141,,,,0.4121892
"Yemen, Rep.",YEM,2009,51.2,2257.46902086832,,,,-2.0874785
South Africa,ZAF,2009,23.8,5847.05811084505,4.0,68.1734096388476,88.9015884399414,-0.0633762
Zambia,ZMB,2009,45.0,1110.71918102486,44.9,,,0.3834137
Zimbabwe,ZWE,2009,33.5,896.915532877845,28.0,28.7072300022271,,-1.56337369999999
Aruba,ABW,2010,,25429.2180974853,,,97.9808731079102,1.2560673
Africa Eastern and Southern,AFE,2010,39.2984238297234,1449.48915951845,23.0488067147033,22.6131763242784,35.623420715332,
Afghanistan,AFG,2010,45.3,542.871030476037,17.7,19.2247217350889,,-2.53097419999999
Africa Western and Central,AFW,2010,35.0228235539673,1677.95238312056,12.4037786661332,23.3963133111716,33.9896202087402,
Angola,AGO,2010,30.8,3540.79159568381,16.2,,22.98756980896,-0.2720682
Albania,ALB,2010,19.3,3579.82413181046,5.4,62.3006301469639,,-0.1725061
Andorra,AND,2010,,36277.2814831059,,90.6399982263232,89.1314163208008,1.3332046
Arab World,ARB,2010,25.8384148918334,5948.12916468842,8.60180078406826,,63.3116188049316,
United Arab Emirates,ARE,2010,,42328.8508165469,5.6,98.419528993262,,0.8134966
Argentina,ARG,2010,7.0,13387.1553748458,3.7,,104.500671386719,-0.0975562
Armenia,ARM,2010,16.6,2796.08143428043,2.5,83.1498294127603,104.280326843262,0.0171223
American Samoa,ASM,2010,,12446.3086265015,,88.1740151274619,,0.9942908
Antigua and Barbuda,ATG,2010,,16135.397384487,,,117.978141784668,0.9357643
Australia,AUS,2010,3.2,53768.349733441,2.5,,,1.0028093
Austria,AUT,2010,,43035.4073531933,2.5,98.3995295373124,98.2814788818359,1.2601717
Azerbaijan,AZE,2010,19.3,5300.11048729062,2.5,52.3834114829109,,-0.3145012
Burundi,BDI,2010,56.8,253.308577749924,,,19.8866806030273,-1.6874837
Belgium,BEL,2010,3.0,39991.5646206286,2.5,99.7401516126768,171.341003417969,0.9164492
Benin,BEN,2010,34.9,928.246655329144,9.1,15.5929929291529,,0.3130091
Burkina Faso,BFA,2010,35.3,561.847221302489,15.0,,18.2026272062904,-0.3146407
Bangladesh,BGD,2010,41.3,943.66422864236,18.2,55.0003330600866,52.0766891151976,-1.4437712
Bulgaria,BGR,2010,7.7,6428.71742590538,5.3,94.9131884441698,92.1725463867188,0.3736482
Bahrain,BHR,2010,7.0,22224.0736166249,,98.9231616767098,92.0959724996516,-0.7371495
"Bahamas, The",BHS,2010,,30657.4319059659,,,93.3393819715002,0.9175646
Bosnia and Herzegovina,BIH,2010,9.9,3981.20985692032,2.5,88.3413118101289,86.8139724731445,-0.6337606
Belarus,BLR,2010,2.8,5616.0941173307,2.5,89.5180217084409,109.212499250285,-0.0852672
Belize,BLZ,2010,19.2,5937.75398343789,4.9,,78.3641404805915,0.0218801
Bermuda,BMU,2010,,118382.908990645,,,97.601318359375,0.959812
Bolivia,BOL,2010,22.6,2481.40700850945,19.9,,87.5005794020571,-0.2159855
Brazil,BRA,2010,6.7,8792.63334959864,3.0,79.2500382762913,,-0.1493446
Barbados,BRB,2010,7.8,21982.1839041348,2.5,,106.974426269531,1.1818697
Brunei Darussalam,BRN,2010,18.4,33121.3178241724,,,103.281120300293,1.2633781
Bhutan,BTN,2010,32.4,2378.72810760985,,32.0850118680958,67.4368286132812,0.7505364
Botswana,BWA,2010,26.2,5584.5034321846,23.3,68.816174318534,,1.2771925
Central African Republic,CAF,2010,40.8,519.141456408484,26.7,7.25241340379626,,-1.71672009999999
Canada,CAN,2010,,41164.3399119626,2.5,98.3876982516978,101.41626739502,1.0176806
Central Europe and the Baltics,CEB,2010,4.47896476916725,10998.6534832885,2.84594060164671,,99.8252182006836,
Switzerland,CHE,2010,,81315.4228307049,2.5,96.6999991311739,95.2613372802734,1.3107684
Channel Islands,CHI,2010,,64722.9832990297,,,,
Chile,CHL,2010,1.9,11649.2897090856,3.6,95.4638387534034,92.4085998535156,0.9018874
China,CHN,2010,8.8,5764.86534987407,2.5,,91.5306159985424,-0.6176124
Cote d'Ivoire,CIV,2010,30.1,1540.52927270246,16.9,30.2900223956178,,-1.84989379999999
Cameroon,CMR,2010,33.7,1290.9013745759,4.9,,,-0.6655279
"Congo, Dem. Rep.",COD,2010,43.6,400.619567973092,28.7,11.9890508232579,26.997859954834,-2.0298993
"Congo, Rep.",COG,2010,25.4,2332.28508055953,40.4,39.7738513632921,,-0.532351
Colombia,COL,2010,13.2,5214.24547620131,11.1,70.7393039027595,104.365089416504,-1.3306958
Comoros,COM,2010,35.0,1272.60650664705,15.6,,,-0.4825094
Cabo Verde,CPV,2010,9.5,3194.61667734233,14.7,,92.7251093032265,1.0110449
Costa Rica,CRI,2010,6.4,10285.0856660419,3.1,79.1867894271423,99.3017730712891,0.7938234
Caribbean small states,CSS,2010,11.7236259821753,13743.4073853565,7.41742731700499,,92.3794174194336,
Cuba,CUB,2010,7.4,6716.49048497058,,,91.8081243138248,0.4544143
Curacao,CUW,2010,,20706.437408421,,,,
Cayman Islands,CYM,2010,,79483.0963975025,,,,1.246168
Cyprus,CYP,2010,,26090.048828125,2.5,97.6852911529032,91.9940032958984,0.7665588
Czechia,CZE,2010,2.5,16665.9317825137,2.5,97.0914965657722,99.010498046875,1.0992694
Germany,DEU,2010,1.5,38526.7371042695,2.5,99.8815299511559,102.300201416016,0.9300893
Djibouti,DJI,2010,29.4,,19.5,,,0.3584284
Dominica,DMA,2010,,8574.27308682238,4.4,,109.529899597168,1.098788
Denmark,DNK,2010,,51209.4492757775,2.5,96.8662231774352,119.537956237793,1.1703202
Dominican Republic,DOM,2010,8.4,5666.45633430206,12.4,43.8326055152035,82.6135120660269,-0.0570436999999999
Algeria,DZA,2010,13.4,4456.6102741643,4.1,73.8080588022975,,-1.31766989999999
East Asia & Pacific (excluding high income),EAP,2010,18.5843619720769,4797.24821906567,5.96052468083913,,83.5061721801758,
Early-demographic dividend,EAR,2010,36.3470973836085,2766.88281699468,12.8816482642777,,62.7889289855957,
East Asia & Pacific,EAS,2010,17.57,7855.36234558956,5.80926719208834,74.6231621353595,85.2631530761719,
Europe & Central Asia (excluding high income),ECA,2010,14.2208689721344,5123.22527224197,3.87566339546601,78.6602140503302,88.9177322387695,
Europe & Central Asia,ECS,2010,7.35,21465.351630475,2.89409896037779,90.0217982847391,98.2913665771484,
Ecuador,ECU,2010,26.9,5022.20374387205,8.4,65.3643851830719,93.4168090820312,-0.6609602
"Egypt, Arab Rep.",EGY,2010,25.4,3233.84521246786,5.1,70.6605497530504,64.1232833862305,-1.0007352
Euro area,EMU,2010,,33252.3689886555,2.54520766638623,,108.396392822266,
Eritrea,ERI,2010,51.3,703.877374381654,,,44.5370407104492,-0.8910469
Spain,ESP,2010,,25766.2515825743,2.5,99.6579329509429,124.076477050781,0.0213027
Estonia,EST,2010,1.4,14657.939813612,2.5,95.1094876451163,110.668418884277,0.7732081
Ethiopia,ETH,2010,44.6,421.898622378633,22.4,7.71128636267882,30.1612491607666,-1.5760665
European Union,EUU,2010,,29352.9442515094,2.581711317361,,106.656219482422,
Fragile and conflict affected situations,FCS,2010,37.7399453262716,1676.97481416997,15.9029423844802,,38.7931785583496,
Finland,FIN,2010,1.7,43556.5385834368,2.5,97.7184645025344,111.196716308594,1.4608384
Fiji,FJI,2010,7.3,4272.359150902,7.0,40.3123124315809,,-0.177588399999999
France,FRA,2010,,35578.1968010183,2.5,98.2078511720882,106.964630126953,0.7401354
Faroe Islands,FRO,2010,,42333.5215714088,,,,
"Micronesia, Fed. Sts.",FSM,2010,,2884.91733583068,,,,1.2088755
Gabon,GAB,2010,19.0,6481.49612073562,14.0,,,-0.0009299999999999
United Kingdom,GBR,2010,2.9,42762.720840223,2.5,99.9491994380845,103.691650390625,0.5937485
Georgia,GEO,2010,10.4,3090.06513662318,8.0,61.1858049309986,,-0.5609883
Ghana,GHA,2010,24.5,1381.2279503506,6.9,24.626404798353,,-0.0543989999999999
Gibraltar,GIB,2010,,,,100.0,,
Guinea,GIN,2010,34.8,675.736917327708,18.1,,,-1.6907747
"Gambia, The",GMB,2010,24.0,701.014524591061,9.7,33.8191444704747,44.591251373291,0.0735716999999999
Guinea-Bissau,GNB,2010,28.7,625.904027290582,22.6,20.6518184583177,,-0.5652463
Equatorial Guinea,GNQ,2010,27.5,10984.3243932426,,,,0.1280299
Greece,GRC,2010,1.8,21547.724178239,2.5,99.3457532630483,104.387901306152,-0.0107333
Grenada,GRD,2010,,7670.71165827663,,87.7871404343158,121.271240234375,0.4428405
Greenland,GRL,2010,,43481.5161087805,,,,1.467415
Guatemala,GTM,2010,49.1,3546.6258162259,15.6,49.6705450878727,50.5112654099543,-0.811138399999999
Guam,GUM,2010,,32644.1484056205,,98.9793363908546,,0.4506688
Guyana,GUY,2010,16.5,4860.09110980566,9.7,64.5226872520881,95.4920425415039,-0.3589398
High income,HIC,2010,4.02,34192.5146608152,2.6641995276727,94.7286775868814,101.32447052002,
"Hong Kong SAR, China",HKG,2010,,38090.0213994329,2.5,99.2286175598686,87.7130156472262,0.9990971
Honduras,HND,2010,24.2,2108.47314459603,13.2,53.9343232985216,73.3693008422852,-0.6306269
Heavily indebted poor countries (HIPC),HPC,2010,38.9583810877124,829.378145273867,21.7505303186721,,30.9143104553223,
Croatia,HRV,2010,,11965.0049285028,2.7,86.1979892363159,102.289459228516,0.6992294
Haiti,HTI,2010,24.1,1317.58389339746,39.5,,,-1.30874809999999
Hungary,HUN,2010,,11287.3686666108,2.5,85.8135855994829,101.26692199707,0.7770358
IBRD only,IBD,2010,25.9449769620927,4532.44068726031,7.84007291354855,67.1814080424254,77.7592086791992,
IDA & IBRD total,IBT,2010,30.7714291429267,3719.8597539937,10.072301655912,59.9360017420802,65.5802993774414,
IDA total,IDA,2010,38.9227298086038,1216.18056240843,17.4391909902261,37.2260855314935,38.5313606262207,
IDA blend,IDB,2010,38.3589637739354,1720.09334929676,14.1101502204857,38.066075189118,37.729850769043,
Indonesia,IDN,2010,37.0,2670.8129098953,12.9,26.8247072998811,76.5413818359375,-0.778454699999999
IDA only,IDX,2010,39.242822140501,941.170103265961,19.4631123037411,33.3182637126351,38.6843795776367,
Isle of Man,IMN,2010,,70747.8417587183,,96.6672319093368,,
India,IND,2010,43.8,1235.15939133951,14.6,53.0798644691443,62.3437995910645,-0.942319199999999
Not classified,INX,2010,,,,,,
Ireland,IRL,2010,2.7,46991.6464673949,2.5,82.798592146753,121.657470703125,1.0812782
"Iran, Islamic Rep.",IRN,2010,6.1,5249.06133369759,9.4,92.3806825973406,77.7281036376953,-1.52478809999999
Iraq,IRQ,2010,22.6,3881.94327045302,13.4,54.9861405424043,,-2.187694
Iceland,ISL,2010,,49528.4864575422,2.5,95.5075778319983,109.966148376465,1.0867054
Israel,ISR,2010,,33344.7213294093,2.5,99.6447359356643,98.8364334106445,-0.756258099999999
Italy,ITA,2010,,31928.5543621096,2.5,95.9804978001552,101.048370361328,0.5591006
Jamaica,JAM,2010,6.1,5271.57221477938,8.2,,92.5638443679897,-0.412128599999999
Jordan,JOR,2010,8.2,4621.5742854131,8.4,63.7869293474391,90.1925506591797,-0.407725
Japan,JPN,2010,6.8,32942.2020783835,,98.1395050135691,,0.9967916
Kazakhstan,KAZ,2010,12.7,8704.70655484556,3.4,77.8838073910147,97.1018374439523,0.4331905
Kenya,KEN,2010,31.9,1340.16467408856,21.7,,,-1.3827355
Kyrgyz Republic,KGZ,2010,17.6,962.764789828724,7.7,58.2794802040483,87.3795815410487,-0.9344437
Cambodia,KHM,2010,37.6,1155.85236856699,10.0,22.0046525227563,,-0.3874276
Kiribati,KIR,2010,17.1,1328.78764145125,3.7,11.6171050166479,,1.5510465
St. Kitts and Nevis,KNA,2010,,17688.0690103409,,,107.334342956543,1.0581227
"Korea, Rep.",KOR,2010,2.0,26623.0487122927,2.5,97.8121822009765,97.3114166259766,0.5807388
Kuwait,KWT,2010,4.9,32568.4981754501,2.5,100.0,101.846071594242,0.576776
Latin America & Caribbean (excluding high income),LAC,2010,13.9116016863152,7849.05546645435,6.47520132564929,72.2955946315798,92.9224319458008,
Lao PDR,LAO,2010,42.8,1564.91068311647,,10.541621945848,42.871711730957,-0.2200354
Lebanon,LBN,2010,13.7,8955.54336184707,3.9,45.7929097492063,74.984394389501,-1.43369559999999
Liberia,LBR,2010,36.5,621.783295071575,35.2,,,-0.393152599999999
Libya,LBY,2010,27.7,12913.9334939386,7.1,,,-0.4787846
St. Lucia,LCA,2010,2.4,10191.3146827694,,,98.4699630737305,0.8287007
Latin America & Caribbean,LCN,2010,13.6,8060.79704671082,6.15952886780258,73.2465584109128,92.5485076904297,
Least developed countries: UN classification,LDC,2010,40.3139419029221,904.747247036902,20.5578105895757,,34.848518371582,
Low income,LIC,2010,41.24,853.991903353527,23.9010127939148,25.3190674656804,31.2394199371338,
Liechtenstein,LIE,2010,,,,100.0,100.0,1.644869
Sri Lanka,LKA,2010,17.2,2993.01411511147,11.0,46.6024525790276,92.7051773071289,-0.779023999999999
Lower middle income,LMC,2010,38.55,1531.26610674398,14.2446277353985,54.7856556670766,54.8984184265137,
Low & middle income,LMY,2010,31.01,3513.14255185016,10.3829577566373,,65.3059005737305,
Lesotho,LSO,2010,39.1,995.233432451681,,18.391221753646,62.8373908996582,0.5816165
Late-demographic dividend,LTE,2010,10.6340830289262,6525.60694866136,3.99631275097772,,90.2441329956055,
Lithuania,LTU,2010,2.0,10884.1161852582,2.5,82.4463730122301,104.120399475098,0.7159839
Luxembourg,LUX,2010,,106544.057363484,2.5,99.8229074762893,101.503318786621,1.4878051
Latvia,LVA,2010,2.3,10500.8666223014,2.5,93.7212884034687,102.114990234375,0.5895207
"Macao SAR, China",MAC,2010,,74195.0577762344,10.2,99.9862791306625,91.4267465854378,0.3473009
St. Martin (French part),MAF,2010,,,,96.6978902335304,,
Morocco,MAR,2010,16.6,2767.04223632813,4.7,52.7236461074909,59.2141571815954,-0.440469399999999
Monaco,MCO,2010,,141814.78664157,,100.0,,0.9409444
Moldova,MDA,2010,7.5,2269.51116145996,12.9,62.3286470555659,89.0274736504044,-0.0745102
Madagascar,MDG,2010,50.1,447.417143030687,28.1,13.3282583568259,,-1.1657418
Maldives,MDV,2010,17.9,8569.52494600725,,,79.9723518230517,-0.1410869
"Middle East, North Africa, Afghanistan & Pakistan",MEA,2010,31.13,4846.87350895943,10.0589495933977,63.7882572473169,52.1970100402832,
Mexico,MEX,2010,14.1,9389.06722084275,4.0,41.3894529576134,90.5796508789062,-0.8229063
Marshall Islands,MHL,2010,39.5,3441.31888402121,,,,1.3502698
Middle income,MIC,2010,29.19,3737.17369206799,9.46699363878511,,69.507698059082,
North Macedonia,MKD,2010,6.6,4582.36517512347,3.5,80.3535003936893,84.7018814086914,-0.453181499999999
Mali,MLI,2010,31.1,821.181286587872,6.2,,29.8736858622313,-0.130322
Malta,MLT,2010,5.5,20750.6479461598,2.5,99.9813815162564,99.7307586669922,1.2175773
Myanmar,MMR,2010,33.0,854.932478027749,9.2,43.7094949448561,53.1574516296387,-1.0884224
"Middle East, North Africa, Afghanistan & Pakistan (excluding high income)",MNA,2010,32.3983273666405,2855.29913107747,10.5950340121848,62.6047335158126,,
Montenegro,MNE,2010,8.6,5917.91788713074,2.5,84.3841802901866,99.5941162109375,0.5091882
Mongolia,MNG,2010,14.9,2611.67326563924,17.1,29.130397081474,94.4007186889648,0.6671331
Northern Mariana Islands,MNP,2010,,16293.3059496259,,80.7039742244223,,
Mozambique,MOZ,2010,43.6,494.162859074785,20.0,14.5163125982336,22.5305413242969,-0.0221082999999999
Mauritania,MRT,2010,26.6,1460.19179652873,7.0,,18.2780303955078,-0.815385999999999
Mauritius,MUS,2010,8.6,8114.82056038003,5.5,,88.7164688110352,0.502475
Malawi,MWI,2010,46.8,508.088650552846,14.1,11.0550652027482,31.2023279228704,-0.0357653
Malaysia,MYS,2010,17.8,8118.92270511981,3.5,93.3258601828587,81.1128234863281,0.1752999
North America,NAC,2010,2.53,51440.0804801458,2.5,95.5729337024223,96.5648193359375,
Namibia,NAM,2010,26.1,4165.12990200988,29.1,,71.5850049614779,0.7872857
New Caledonia,NCL,2010,,,8.1,92.4026339150797,,
Niger,NER,2010,46.0,441.079166112039,14.6,,10.5467544710513,-1.0817352
Nigeria,NGA,2010,38.0,2315.46676509663,10.4,21.1833429660027,39.0084915161133,-2.0245506
Nicaragua,NIC,2010,,1704.37875049059,18.3,,74.4894104003906,-0.5388003
Netherlands,NLD,2010,1.5,44659.272839058,2.5,99.9815775711198,123.655319213867,0.9924275
Norway,NOR,2010,,72804.3956188398,2.5,99.4541863638886,112.210998535156,1.4149557
Nepal,NPL,2010,42.8,721.265221364302,10.8,29.3454692018441,55.0515098571777,-1.5990906
Nauru,NRU,2010,22.3,4748.76539924078,,18.6543539625423,,1.5781203
New Zealand,NZL,2010,,35489.7631519026,2.5,89.2971432582876,121.578903198242,1.4165428
OECD members,OED,2010,6.19184991135843,33528.4100044688,3.00806689385282,,99.7328720092773,
Oman,OMN,2010,11.4,22766.0503620721,4.6,86.1146623783512,,0.5865685
Other small states,OSS,2010,26.9127027954182,9829.37376191878,10.8040699406927,,66.5085067749023,
Pakistan,PAK,2010,44.9,1256.69482201323,15.5,43.695400684781,25.4582159212789,-2.45869169999999
Panama,PAN,2010,21.2,10698.0717490512,8.9,,74.4197850576201,-0.0820154
Peru,PER,2010,21.1,5167.39259325937,8.5,48.5190810583611,93.7324676513672,-0.7755101
Philippines,PHL,2010,32.7,2373.14312064664,15.7,45.4229968618347,,-1.5826192
Palau,PLW,2010,,13206.5122645,,75.8554777752529,,1.5781203
Papua New Guinea,PNG,2010,47.3,2140.50939027384,29.9,,,-0.9409904
Poland,POL,2010,2.2,10808.3975674238,2.5,92.5556548838142,99.6203994750977,1.1015819
Pre-demographic dividend,PRE,2010,37.5555570574994,1412.49898242198,18.6304742064007,,31.8350296020508,
Puerto Rico (US),PRI,2010,,28569.5077088001,,81.6291143048325,89.8547134399414,0.4065467
"Korea, Dem. People's Rep.",PRK,2010,29.2,,42.9,67.8420008590283,,-0.0471047999999999
Portugal,PRT,2010,4.1,19698.6836791397,2.5,94.156957666363,109.032386779785,0.773195
Paraguay,PRY,2010,11.6,5191.05014254362,2.5,57.2441160582428,75.320072641356,-0.5333587
West Bank and Gaza,PSE,2010,11.1,2927.08101953403,,78.5194462308053,90.614418241199,-1.76941969999999
Pacific island small states,PSS,2010,18.2646118970982,3408.1961416575,8.66956269203504,,74.0303497314453,
Post-demographic dividend,PST,2010,3.95225882921553,38170.9680272624,2.52758638698666,,102.783782958984,
French Polynesia,PYF,2010,,19913.0252687915,4.8,90.448717948718,,
Qatar,QAT,2010,6.5,72333.8027430124,,97.0314980330812,99.4061618062088,1.1765666
Romania,ROU,2010,9.5,7660.70667630517,2.5,81.8855216428082,101.837959289551,0.1933713
Russian Federation,RUS,2010,,8755.1201171875,2.5,75.5583605375242,,-0.712889099999999
Rwanda,RWA,2010,44.4,583.371416419483,35.7,,32.039680480957,-0.2188587
South Asia,SAS,2010,43.2,1222.51823014544,14.85546216639,55.3436208870871,61.3690986633301,
Saudi Arabia,SAU,2010,12.7,21830.1424272816,3.2,,,-0.295186399999999
Sudan,SDN,2010,36.6,1311.22314453125,,,36.596378326416,-2.4305404
Senegal,SEN,2010,18.7,1153.53431121583,10.9,22.921692660595,34.5189208984375,-0.432497199999999
Singapore,SGP,2010,3.4,48752.0515441859,,100.0,,1.1901335
Solomon Islands,SLB,2010,32.7,2058.95691648883,14.8,,47.2111701965332,0.3572344
Sierra Leone,SLE,2010,35.1,902.769891411394,22.5,7.19037206125468,,-0.237476
El Salvador,SLV,2010,17.4,3398.49346060363,9.3,,68.8328162271063,0.0373531
San Marino,SMR,2010,,49672.6977770842,,99.9999986796045,66.8350219726562,1.5781203
"Somalia, Fed. Rep.",SOM,2010,30.8,329.970504936941,72.5,,,-2.9277889
Serbia,SRB,2010,6.5,5690.70327182682,2.5,74.6859466744481,93.4530868530273,-0.221943399999999
Sub-Saharan Africa (excluding high income),SSA,2010,36.7209177959899,1667.51820351409,17.9294589530393,24.366230281421,34.9302597045898,
South Sudan,SSD,2010,32.1,2295.07026096006,,,,
Sub-Saharan Africa,SSF,2010,37.51,1542.53215408965,18.4133759896181,22.93561238194,34.9334907531738,
Small states,SST,2010,22.4161573218414,9921.82379714538,9.75611483724816,,71.6559371948242,
Sao Tome and Principe,STP,2010,20.8,1216.3502521663,16.5,30.7472505242538,50.9835586547852,0.3709721
Suriname,SUR,2010,8.9,8603.90786745855,7.6,53.6764547513002,78.9992418498863,0.1307885
Slovak Republic,SVK,2010,,14596.1477776887,5.2,97.9330897527988,95.2302780151367,1.12655
Slovenia,SVN,2010,,20444.1201295876,2.5,92.3628182051427,98.0620422363281,1.0753011
Sweden,SWE,2010,,48205.5492512742,2.5,99.5313527629445,101.71981048584,1.0865676
Eswatini,SWZ,2010,30.2,3069.52175725884,24.9,32.7698414793853,62.7447319030762,-0.0016446
Sint Maarten (Dutch part),SXM,2010,,38403.0705201664,,,,
Seychelles,SYC,2010,8.2,12313.5566919249,4.9,63.0952551426482,77.6830291748047,0.8564804
Syrian Arab Republic,SYR,2010,27.2,1526.36894402751,5.5,,70.5109329223633,-1.1174939
Turks and Caicos Islands,TCA,2010,4.5,29111.8729223189,,,,
Chad,TCD,2010,38.9,956.953018715651,24.1,5.80736476361868,13.3503582919367,-1.08974669999999
East Asia & Pacific (IDA & IBRD countries),TEA,2010,18.4621851750183,4852.74429762631,5.4852338882653,,83.34423828125,
Europe & Central Asia (IDA & IBRD countries),TEC,2010,,6986.95355522259,3.26086748770235,81.2336438220009,90.8484420776367,
Togo,TGO,2010,27.4,644.5632812645,19.6,14.349356874294,,-0.3792993
Thailand,THA,2010,15.2,5059.35747831657,10.2,,86.182746887207,-1.2331956
Tajikistan,TJK,2010,28.8,770.604105393791,24.2,47.9637288148808,74.2631072998047,-0.8701472
Turkmenistan,TKM,2010,14.4,3900.14237925855,4.7,82.0193867825885,,0.3024549
Latin America & the Caribbean (IDA & IBRD countries),TLA,2010,13.6492109029096,7913.95492804608,6.15952886780258,73.9231256686952,92.5695877075195,
Timor-Leste,TLS,2010,54.7,1195.38066079604,19.0,,68.6269372897248,-0.591676099999999
"Middle East, North Africa, Afghanistan & Pakistan (IDA & IBRD)",TMN,2010,32.5675858163031,2854.82931988365,10.5950340121848,62.4932848537774,,
Tonga,TON,2010,8.3,3653.97801722796,,29.4280441821912,110.511276245117,0.7566171
South Asia (IDA & IBRD),TSA,2010,43.1683103145727,1222.51823014544,14.85546216639,55.3436208870872,61.3690986633301,
Sub-Saharan Africa (IDA & IBRD countries),TSS,2010,37.5100624185202,1542.53215408965,18.4133759896181,22.93561238194,34.9334907531738,
Trinidad and Tobago,TTO,2010,8.3,17938.0949459463,8.0,69.2920367647719,,0.0412562
Tunisia,TUN,2010,9.4,3906.90625867605,3.4,79.2789942255773,90.7552108764648,-0.255652
Turkiye,TUR,2010,10.8,8472.57809050119,2.5,,81.3065490722656,-0.5486911
Tuvalu,TUV,2010,8.6,2879.29645720352,,8.12761712933563,,1.5510465
Tanzania,TZA,2010,39.8,801.29931640625,23.7,10.9866691783431,28.6016407012939,-0.05765
Uganda,UGA,2010,35.9,768.624091660131,17.6,8.33386895954043,,-0.7511675
Ukraine,UKR,2010,18.3,2285.93383789063,2.5,84.6124160478826,96.942228683639,-0.0505126
Upper middle income,UMC,2010,14.58,5923.1985183612,4.72866891384668,75.2068330128189,88.9938888549805,
Uruguay,URY,2010,9.7,14722.3780081191,2.5,,106.562271118164,0.8893764
United States,USA,2010,2.5,52555.7695134023,2.5,95.5578903758392,,0.6163511
Uzbekistan,UZB,2010,15.4,2144.6400056546,3.6,66.9095666488988,89.7888793945312,-0.650179
St. Vincent and the Grenadines,VCT,2010,,6678.04200697308,5.5,,115.479309082031,0.8287007
"Venezuela, RB",VEN,2010,13.3,4332.02681796507,2.5,,85.0954513549805,-1.3612278
British Virgin Islands,VGB,2010,,,,,106.113990783691,
Virgin Islands (U.S.),VIR,2010,,47162.7375570431,,98.0945555352535,,0.6479444
Viet Nam,VNM,2010,27.4,2027.58184375924,10.4,51.1560028636444,,0.1198679
Vanuatu,VUT,2010,26.6,2856.77377649901,6.9,18.286526774602,54.8430037539749,1.34809
World,WLD,2010,27.88,9298.74987325048,8.7,64.8164573458294,69.7701110839844,
Samoa,WSM,2010,4.8,4081.15535978003,4.6,60.6053588668125,88.332774874133,0.8057585
Kosovo,XKX,2010,,2822.63359634011,,,,-0.7551692
"Yemen, Rep.",YEM,2010,50.2,2356.19960422096,,,29.9233703613281,-2.41400459999999
South Africa,ZAF,2010,23.1,5953.94506512821,4.5,68.4038447325703,89.7639740301445,-0.0522329999999999
Zambia,ZMB,2010,43.6,1183.41712409199,43.9,,,0.3740582
Zimbabwe,ZWE,2010,32.9,1056.20884563889,29.2,28.4671048782824,,-1.4606594
Aruba,ABW,2011,,26093.0542083227,,,97.4022598266602,1.251139
Africa Eastern and Southern,AFE,2011,38.385414452396,1468.63057193646,22.5897009939207,22.7875555884312,36.5236701965332,
Afghanistan,AFG,2011,44.3,525.42698276582,18.6,20.059192393487,,-2.5512555
Africa Western and Central,AFW,2011,34.2985557071093,1711.53923110365,12.6240135326754,24.220945100067,35.5903816223145,
Angola,AGO,2011,30.9,3528.16824373399,14.8,,22.3924407958984,-0.494662599999999
Albania,ALB,2011,17.8,3677.89457937717,4.9,64.3273993668121,,-0.348045
Andorra,AND,2011,,37637.5045137987,,90.6400022137299,87.0305709838867,1.3258412
Arab World,ARB,2011,25.0610812306329,6036.42083357432,8.57914749119964,,65.2037963867188,
United Arab Emirates,ARE,2011,,43687.7782783233,4.9,98.44524382535,,0.8143482
Argentina,ARG,2011,7.0,14040.6189124444,3.7,,106.733993530273,0.1203533
Armenia,ARM,2011,15.4,2943.83687119315,2.5,83.0838480780611,92.7371215820312,-0.142543
American Samoa,ASM,2011,,12521.8095058644,,88.3871532380708,,0.9847551
Antigua and Barbuda,ATG,2011,,15633.9091131821,,,116.915008544922,0.9304755
Australia,AUS,2011,3.3,54296.2321324814,2.5,,,0.9549761
Austria,AUT,2011,,44146.1956805294,2.5,98.5522309533408,97.5853881835938,1.2207577
Azerbaijan,AZE,2011,17.8,5149.20665913206,2.5,52.7476236661804,,-0.6570897
Burundi,BDI,2011,56.0,254.242110648215,,,22.7597904205322,-1.84318419999999
Belgium,BEL,2011,2.9,40236.9596308558,2.5,99.7263646665057,170.005645751953,0.9302398
Benin,BEN,2011,34.5,927.716412836707,9.6,15.738938220873,35.1887283325195,0.3444706
Burkina Faso,BFA,2011,33.7,581.603658737407,14.6,,20.1504937591634,-0.6837156
Bangladesh,BGD,2011,39.8,995.579947155662,18.0,54.9485696855787,52.972846971647,-1.4544464
Bulgaria,BGR,2011,7.4,6605.30851691027,5.2,95.4462376719039,94.100212097168,0.3085567
Bahrain,BHR,2011,6.7,23288.0449398313,,98.9212430653569,94.5355703439872,-1.1775267
"Bahamas, The",BHS,2011,,30492.6738528071,,,90.580026166594,0.9777309
Bosnia and Herzegovina,BIH,2011,9.6,4094.25329541877,2.5,88.4251154791548,89.1719207763672,-0.6699284
Belarus,BLR,2011,2.6,5941.68999156239,2.5,90.4892977378628,107.11359577607,-0.0818477
Belize,BLZ,2011,18.3,5802.24344531492,5.1,,78.6071233872433,0.0910169
Bermuda,BMU,2011,,113937.835700983,,,96.2374572753906,0.9534886
Bolivia,BOL,2011,21.2,2568.5205166368,18.8,,85.4463613535963,-0.2956719
Brazil,BRA,2011,6.6,9067.99212019529,2.7,79.479277019945,,-0.1721799
Barbados,BRB,2011,7.7,21842.8635599786,2.5,,108.517181396484,1.173978
Brunei Darussalam,BRN,2011,17.7,33754.3640783713,,,103.50959777832,0.9587232
Bhutan,BTN,2011,30.7,2552.48871073094,,34.8434070303716,72.9664916992188,0.7467369
Botswana,BWA,2011,25.4,5850.07858575461,22.0,70.5322558065773,,1.2314867
Central African Republic,CAF,2011,40.1,532.38295493852,26.3,7.13739941743518,11.4032897949219,-1.5684755
Canada,CAN,2011,,42043.6419795513,2.5,98.274899130016,102.087600708008,1.0765359
Central Europe and the Baltics,CEB,2011,4.20206766573012,11421.7332703753,2.88933745277302,,99.7757720947266,
Switzerland,CHE,2011,,81874.3362425008,2.5,96.6999978761196,95.6100234985352,1.3512353
Channel Islands,CHI,2011,,65006.4871287216,,,,
Chile,CHL,2011,1.9,12252.8441074615,3.7,95.8483430623179,92.4001922607422,0.5996883
China,CHN,2011,8.0,6275.90956436258,2.5,,93.0778922934558,-0.6326472
Cote d'Ivoire,CIV,2011,29.4,1426.46463864534,16.0,30.7696487964197,,-1.6395136
Cameroon,CMR,2011,32.9,1297.3064962694,4.3,,45.500515576506,-0.743046299999999
"Congo, Dem. Rep.",COD,2011,43.2,417.130434045991,29.6,11.9387257913049,28.7195892333984,-2.1644541
"Congo, Rep.",COG,2011,24.2,2307.49384399715,40.5,41.4800359417116,,-0.6251959
Colombia,COL,2011,12.9,5517.1011086899,10.0,71.0245706637519,105.441833496094,-1.1659142
Comoros,COM,2011,33.3,1299.11099021922,15.9,,,-0.5277008
Cabo Verde,CPV,2011,8.9,3309.20121643898,14.1,,95.5805200729927,1.0171202
Costa Rica,CRI,2011,6.5,10612.4694861141,3.1,79.3805198940251,101.516792297363,0.6316858
Caribbean small states,CSS,2011,11.3543291335557,13773.5645177114,7.11933786207462,,93.7695693969727,
Cuba,CUB,2011,7.3,6902.16397571139,,,91.5008008947274,0.2361692
Curacao,CUW,2011,,20518.0985782641,,,,
Cayman Islands,CYM,2011,,78233.0182694571,,,93.3884297520661,1.2412396
Cyprus,CYP,2011,,25538.78125,2.5,97.880227348176,93.5325469970703,0.7840771
Czechia,CZE,2011,2.5,16926.2846674435,2.5,97.362670224896,99.5668029785156,1.1297603
Germany,DEU,2011,1.5,40722.4849268242,2.5,99.8847067279778,102.559692382812,0.895856
Djibouti,DJI,2011,28.6,,18.8,,,0.1177782
Dominica,DMA,2011,,8553.8384670104,4.7,,109.063751220703,1.0934992
Denmark,DNK,2011,,51667.5313210425,2.5,97.1894198540281,122.875732421875,1.155094
Dominican Republic,DOM,2011,8.2,5773.57403459156,11.6,43.9823600766955,82.1754815446393,-0.0597805999999999
Algeria,DZA,2011,12.6,4501.3543013352,3.7,74.1574830850598,,-1.43622689999999
East Asia & Pacific (excluding high income),EAP,2011,17.7109138743482,5168.48039467882,5.57510908507033,,85.043327331543,
Early-demographic dividend,EAR,2011,35.3306974025141,2859.22240884783,12.4166515009491,,64.592170715332,
East Asia & Pacific,EAS,2011,16.8,8223.35669138572,5.44451348712646,75.1065954110948,86.7125930786133,
Europe & Central Asia (excluding high income),ECA,2011,13.3903962586432,5504.86405202366,3.62471314321393,79.5286317879808,89.6188507080078,
Europe & Central Asia,ECS,2011,7.02,21915.6417726438,2.83622850707881,90.3053869151768,98.4919281005859,
Ecuador,ECU,2011,25.6,5359.45724615639,8.0,65.7244032222106,97.6552200317383,-0.7429017
"Egypt, Arab Rep.",EGY,2011,24.7,3222.37650111856,5.2,71.2543983216064,72.4007186889648,-1.68884559999999
Euro area,EMU,2011,,33906.6275617053,2.56087060925556,,108.977081298828,
Eritrea,ERI,2011,51.4,751.374899794668,,,45.4227294921875,-0.8949954
Spain,ESP,2011,,25510.5579678829,2.5,99.6608518231807,127.101058959961,0.2026668
Estonia,EST,2011,1.3,15820.922342204,2.5,95.4681798403471,111.414039611816,0.7183725
Ethiopia,ETH,2011,43.2,455.909628648555,21.2,8.07924512922846,32.4362602233887,-1.5281949
European Union,EUU,2011,,29974.1521239011,2.5918839172139,,107.169059753418,
Fragile and conflict affected situations,FCS,2011,36.9659218819539,1643.76876493196,15.9967933737033,,39.6942291259766,
Finland,FIN,2011,1.7,44391.4535667984,2.5,98.0527428822286,111.733192443848,1.4052403
Fiji,FJI,2011,6.9,4375.5808542034,7.3,40.4426122628668,86.2617492675781,-0.1217703
France,FRA,2011,,36269.9561530888,2.5,98.3342597203444,107.088279724121,0.5880869
Faroe Islands,FRO,2011,,43946.251738291,,,,
"Micronesia, Fed. Sts.",FSM,2011,,2989.68205288365,,,,1.0812283
Gabon,GAB,2011,18.1,6699.23394606512,13.5,,,-0.0247919
United Kingdom,GBR,2011,2.9,42791.0934313474,2.5,99.9401799510742,94.7179718017578,0.4317992
Georgia,GEO,2011,9.5,3362.1030031968,8.1,61.3952844558824,,-0.622573199999999
Ghana,GHA,2011,23.3,1537.81834019283,7.3,25.8321174475712,52.0960388183594,0.0898514
Gibraltar,GIB,2011,,,,100.0,,
Guinea,GIN,2011,34.2,696.199991395571,17.2,,28.5025997161865,-1.53866069999999
"Gambia, The",GMB,2011,23.2,625.464360270983,9.5,34.9332671100038,,-0.0174454
Guinea-Bissau,GNB,2011,28.3,658.953470528116,23.7,20.9419974737055,,-0.6382914
Equatorial Guinea,GNQ,2011,26.2,11203.9073679091,,,,-0.0605353999999999
Greece,GRC,2011,1.8,19448.255802525,2.5,99.164531914388,103.346748352051,-0.0776492
Grenada,GRD,2011,,7695.37616017287,,88.7129774335157,113.734835355286,0.3304882
Greenland,GRL,2011,,42994.8790874739,,,,1.7538046
Guatemala,GTM,2011,48.3,3621.37409769184,15.0,49.6292857460703,50.796282162896,-0.7531567
Guam,GUM,2011,,32665.3787483379,,98.9211713180082,,0.7732445
Guyana,GUY,2011,15.7,5133.89539813637,8.9,64.7023100493849,103.002723693848,-0.4609717
High income,HIC,2011,3.97,34734.2754395528,2.66439339047778,94.8262631785297,101.351547241211,
"Hong Kong SAR, China",HKG,2011,,39656.3392885062,2.5,99.3149648506268,86.5290014684288,0.9128416
Honduras,HND,2011,22.9,2144.56265540491,12.9,55.5380407948122,72.8045272827148,-0.5252471
Heavily indebted poor countries (HIPC),HPC,2011,38.0358805232238,843.531584159094,21.4439854425296,,32.5410385131836,
Croatia,HRV,2011,,11993.0713179162,2.8,86.3093096605383,101.10627746582,0.6832234
Haiti,HTI,2011,23.6,1369.16921255852,39.7,,,-1.26130189999999
Hungary,HUN,2011,,11536.3578996772,2.5,86.0972847205232,102.006248474121,0.7163601
IBRD only,IBD,2011,25.0151181329159,4770.23592201554,7.5387454779773,68.0709683727514,79.2889175415039,
IDA & IBRD total,IBT,2011,29.8953898778196,3896.56523344649,9.81771552402725,60.5519958488483,66.7541427612305,
IDA total,IDA,2011,38.0405551900151,1238.54733221968,17.2461263515993,37.4401762021049,39.523380279541,
IDA blend,IDB,2011,37.7286071600078,1749.06036275665,14.0646171433081,38.3061133437931,38.071418762207,
Indonesia,IDN,2011,35.8,2799.62468790318,10.9,27.1294619950846,78.8347778320312,-0.7510901
IDA only,IDX,2011,38.2194958948896,959.3674453315,19.18536435134,33.6019815089835,40.0516700744629,
Isle of Man,IMN,2011,,71727.5055082703,,96.6672319093368,,
India,IND,2011,42.7,1281.61054354933,14.2,54.6875065992042,64.624397277832,-1.1659038
Not classified,INX,2011,,,,,,
Ireland,IRL,2011,2.6,47539.9181739968,2.5,83.9242978487205,118.078887939453,0.8737859
"Iran, Islamic Rep.",IRN,2011,5.8,5321.75870744453,9.5,92.5508566521201,79.6959381103516,-1.35645059999999
Iraq,IRQ,2011,21.2,4030.01686860986,13.6,55.4804510053607,,-1.91313499999999
Iceland,ISL,2011,,50058.8302502676,2.5,96.0427759555979,110.568481445312,1.2313176
Israel,ISR,2011,,34540.6749784398,2.5,99.6317352990447,98.8685913085938,-0.8097795
Italy,ITA,2011,,32039.5032494316,2.5,96.0536879979065,101.019592285156,0.4456142
Jamaica,JAM,2011,6.1,5339.62170188798,7.8,,94.7008819580078,-0.120367599999999
Jordan,JOR,2011,7.9,4631.67703841605,9.1,65.5161623543812,90.5657806396484,-0.6339348
Japan,JPN,2011,6.7,33011.1342301291,,98.184654522211,,0.9897212
Kazakhstan,KAZ,2011,11.9,9223.3021336315,3.0,79.5682380682781,97.7360563082277,-0.4304921
Kenya,KEN,2011,30.4,1370.58000874482,19.9,,,-1.4963456
Kyrgyz Republic,KGZ,2011,16.7,1005.4831781815,7.1,60.2419672955575,87.4421175040858,-0.997080699999999
Cambodia,KHM,2011,35.8,1221.38839852454,9.2,22.5637573389684,,-0.3236001
Kiribati,KIR,2011,16.7,1348.06011226744,3.4,11.884888747058,,1.5457577
St. Kitts and Nevis,KNA,2011,,17958.6813977053,,,109.34342956543,0.9304755
"Korea, Rep.",KOR,2011,2.0,27393.455357272,2.5,97.957918965868,97.4617385864258,0.5406915
Kuwait,KWT,2011,4.9,33545.346271839,2.5,100.0,98.8108291625977,0.326635
Latin America & Caribbean (excluding high income),LAC,2011,13.464020440682,8108.49237821588,6.1146930147172,72.5876221452302,93.2469711303711,
Lao PDR,LAO,2011,41.6,1666.40086189871,,10.8416869442677,42.4216904826615,-0.072408
Lebanon,LBN,2011,12.7,8936.20027462737,3.9,46.0288644031746,78.0964568809092,-1.4563703
Liberia,LBR,2011,35.5,646.908727016597,35.6,,38.8059883117676,-0.473186999999999
Libya,LBY,2011,26.8,6569.59477578957,8.1,,,-1.6341249
St. Lucia,LCA,2011,2.4,10576.8979743596,,,97.125129699707,0.8234119
Latin America & Caribbean,LCN,2011,13.15,8325.46913166974,5.83094543590231,73.5250368290662,92.8820495605469,
Least developed countries: UN classification,LDC,2011,39.3202079064077,913.190170022172,20.2016365489089,,36.1645698547363,
Low income,LIC,2011,40.33,829.42908079772,24.0454900493344,25.157609233065,32.5779609680176,
Liechtenstein,LIE,2011,,,,100.0,101.0673828125,1.6405927
Sri Lanka,LKA,2011,16.6,3232.37350382301,10.8,46.782396328447,95.112060546875,-0.7674257
Lower middle income,LMC,2011,37.56,1577.16915781801,13.8797837292862,55.9337615672343,56.6165008544922,
Low & middle income,LMY,2011,30.13,3685.31687703342,10.1273204454957,,66.4967269897461,
Lesotho,LSO,2011,38.3,1031.99721564343,,19.4343817707349,65.863037109375,0.6423581
Late-demographic dividend,LTE,2011,9.94928052704168,6949.99107912565,3.86668832264214,,91.5452575683594,
Lithuania,LTU,2011,1.9,11836.7200384033,2.5,84.1477506985052,104.555450439453,0.6843003
Luxembourg,LUX,2011,,105290.249021891,2.5,99.822189394375,101.81990814209,1.3788317
Latvia,LVA,2011,2.2,11018.5152421583,2.5,93.9864908524,103.978866577148,0.3810125
"Macao SAR, China",MAC,2011,,88168.9713699088,9.4,99.9879025923017,94.6152226550163,0.3423726
St. Martin (French part),MAF,2011,,,,96.6923203281963,,
Morocco,MAR,2011,16.1,2879.53930664063,4.5,54.6475131147437,61.6058418206276,-0.5060194
Monaco,MCO,2011,,148272.711991792,,100.0,,0.9310959
Moldova,MDA,2011,7.1,2402.94446306051,8.4,64.7951138260346,88.667058859956,0.1492997
Madagascar,MDG,2011,49.2,441.755158414121,27.4,14.0481291071758,33.6389503479004,-0.8035247
Maldives,MDV,2011,17.0,9005.81391375104,,,84.0012033694344,-0.2839227
"Middle East, North Africa, Afghanistan & Pakistan",MEA,2011,30.5,4921.0673637503,10.1196449042495,63.9277758122719,53.5247993469238,
Mexico,MEX,2011,13.6,9575.93437788582,3.9,41.5187146455795,91.5306701660156,-0.7251572
Marshall Islands,MHL,2011,38.8,3433.06297801838,,,,1.5682717
Middle income,MIC,2011,28.3,3929.35951257039,9.17000856740368,,70.79248046875,
North Macedonia,MKD,2011,6.1,4711.13027870081,3.7,80.3756344856881,,-0.679646499999999
Mali,MLI,2011,30.1,818.399030995547,5.8,,31.8513100718496,-0.7719954
Malta,MLT,2011,5.4,20867.9310851632,2.5,99.9703398497516,94.6769409179688,1.0020842
Myanmar,MMR,2011,32.0,895.512538762631,8.0,45.3476729820618,,-1.084601
"Middle East, North Africa, Afghanistan & Pakistan (excluding high income)",MNA,2011,31.7696639755878,2785.48050527274,10.6815568497208,62.7372953418052,,
Montenegro,MNE,2011,8.6,6110.66013917018,2.5,84.5059703400746,93.3568115234375,0.502446
Mongolia,MNG,2011,13.4,3010.81642672623,14.8,30.1662873308309,,0.5645353
Northern Mariana Islands,MNP,2011,,15226.1308805108,,80.7874567916743,,
Mozambique,MOZ,2011,43.0,514.869957191994,19.9,15.2516401554385,24.072161852572,-0.0890489999999999
Mauritania,MRT,2011,25.8,1472.55245572229,6.5,,20.1222400665283,-1.0034248
Mauritius,MUS,2011,8.4,8432.19129317694,6.1,,90.4235763549805,0.4718019
Malawi,MWI,2011,45.1,517.833736624232,13.9,11.5272410806069,32.4309158727431,-0.1906666
Malaysia,MYS,2011,17.8,8400.32248683558,3.4,93.4433265665142,81.9482421875,0.0582972
North America,NAC,2011,2.54,51885.5691627919,2.5,95.7236519918566,96.6986389160156,
Namibia,NAM,2011,25.1,4302.72451368462,27.6,,75.9020999319308,0.7152049
New Caledonia,NCL,2011,,,8.1,93.0823493215826,,
Niger,NER,2011,45.4,434.986264873953,14.8,,10.916829239485,-0.758722799999999
Nigeria,NGA,2011,37.4,2370.97657091803,11.1,22.2215349473265,39.6406402587891,-1.9456535
Nicaragua,NIC,2011,,1786.62863418308,17.2,,,-0.457223
Netherlands,NLD,2011,1.5,45239.7318887962,2.5,99.980003278869,128.919281005859,1.0827056
Norway,NOR,2011,,72660.6754124944,2.5,99.4262054232135,112.686630249023,1.3466634
Nepal,NPL,2011,41.2,742.617252662576,10.1,29.5923834904741,59.230411529541,-1.5205463
Nauru,NRU,2011,21.5,5417.44487923767,,18.6549831160097,,1.5682717
New Zealand,NZL,2011,,35957.523248516,2.5,90.2778561370619,121.213340759277,1.3902927
OECD members,OED,2011,5.98699978469753,33975.6013090401,2.96407650401924,,99.9333724975586,
Oman,OMN,2011,11.3,20993.9079436935,5.5,86.5685761942405,115.394191525237,0.3126716
Other small states,OSS,2011,26.0319761317554,10049.9562166758,10.6032399650958,,65.3746337890625,
Pakistan,PAK,2011,44.5,1261.83161907857,15.4,43.8042521362019,25.3949380688813,-2.7114561
Panama,PAN,2011,20.8,11761.4988389067,7.9,,74.7238313177595,-0.0424882
Peru,PER,2011,19.5,5453.45718713631,7.6,48.8015002867777,94.8989334106445,-0.675414699999999
Philippines,PHL,2011,32.3,2416.75212064542,14.9,45.6326736610431,,-1.3804409
Palau,PLW,2011,,14123.1262308557,,77.0231402896948,,1.5682717
Papua New Guinea,PNG,2011,47.5,2102.03192060639,30.1,,,-0.9018493
Poland,POL,2011,2.0,11370.313427173,2.5,92.441156144805,99.9345169067383,1.0564513
Pre-demographic dividend,PRE,2011,36.7563003679777,1431.26652210403,18.5640224890636,,32.9029388427734,
Puerto Rico (US),PRI,2011,,28706.0207514856,,84.4337801957985,85.3739318847656,0.5022146
"Korea, Dem. People's Rep.",PRK,2011,27.3,,43.4,67.6636213053331,,-0.0333117999999999
Portugal,PRT,2011,3.9,19389.6395896162,2.5,94.274324168074,109.955856323242,0.7839002
Paraguay,PRY,2011,10.4,5342.19015717538,2.5,57.9235805996781,78.1639709472656,-0.5668194
West Bank and Gaza,PSE,2011,10.7,3128.10811061384,,78.9117451361923,90.4789097664676,-1.8788223
Pacific island small states,PSS,2011,18.1213997803939,3492.05482608666,9.1431703302812,,74.1887435913086,
Post-demographic dividend,PST,2011,3.9369083029574,38689.210554622,2.52664729538961,,102.406517028809,
French Polynesia,PYF,2011,,19241.6437951625,4.4,90.448717948718,,
Qatar,QAT,2011,6.4,81608.4080652473,,97.1447607701717,96.5915891409608,1.0908808
Romania,ROU,2011,9.1,8044.57194920892,2.5,81.9226047635378,99.8830795288086,0.1207194
Russian Federation,RUS,2011,,9120.8203125,2.5,75.5838342286374,93.4703613490167,-0.940576499999999
Rwanda,RWA,2011,42.9,614.539650123021,35.3,,36.7639312744141,-0.3008288
South Asia,SAS,2011,42.06,1272.07513809819,14.4730907865719,56.873835758716,63.5410003662109,
Saudi Arabia,SAU,2011,12.6,23314.5576023168,3.1,,,-0.512941299999999
Sudan,SDN,2011,36.1,1388.21813964844,,,33.5257797241211,-2.3438684
Senegal,SEN,2011,18.4,1139.74447892639,11.1,23.2254177089302,40.7124286126975,-0.333963
Singapore,SGP,2011,3.3,50713.5326393594,,100.0,,1.1188701
Solomon Islands,SLB,2011,32.3,2132.02844199392,15.8,,47.1220817565918,0.3523933
Sierra Leone,SLE,2011,34.3,950.760763054593,21.6,7.43020620088938,34.7692489624023,-0.2639912
El Salvador,SLV,2011,16.3,3514.069144355,9.0,,70.2541252159409,0.0229262
San Marino,SMR,2011,,46450.0251706982,,100.0,67.8209533691406,1.5682717
"Somalia, Fed. Rep.",SOM,2011,30.1,349.577449077722,71.5,,,-3.01651169999999
Serbia,SRB,2011,6.2,5737.00120175811,2.5,74.7132926545317,95.416130065918,-0.196118699999999
Sub-Saharan Africa (excluding high income),SSA,2011,35.9568545967859,1691.66660971882,17.8878500804304,24.7575682168587,36.127140045166,
South Sudan,SSD,2011,31.3,2073.23981819145,,,7.3020601272583,-1.51136989999999
Sub-Saharan Africa,SSF,2011,36.69,1567.63762624075,18.2465101877143,23.3717627087886,36.1298713684082,
Small states,SST,2011,21.7573604173474,10072.3942172806,9.6236156314997,,70.9572906494141,
Sao Tome and Principe,STP,2011,19.7,1214.96130276731,17.6,31.2431560628081,52.2642288208008,0.288448
Suriname,SUR,2011,8.6,9003.28597674886,8.2,53.8710131700458,77.7834641191857,0.079854
Slovak Republic,SVK,2011,,14950.8735178599,6.1,98.5790404429813,95.2902526855469,0.9502652
Slovenia,SVN,2011,,20535.4155754108,2.5,92.9312761660896,97.9105606079102,1.1136359
Sweden,SWE,2011,,49356.5905257047,2.5,99.5510464230032,101.528671264648,1.1573733
Eswatini,SWZ,2011,29.0,3108.70225253092,24.0,33.3122803531529,64.7975387573242,-0.539824699999999
Sint Maarten (Dutch part),SXM,2011,,39615.1371367338,,,,
Seychelles,SYC,2011,8.0,13843.7116081878,5.2,63.2100391773202,76.9048643994834,0.7752841
Syrian Arab Republic,SYR,2011,26.6,1542.71957174916,6.3,,71.8534393310547,-2.13376019999999
Turks and Caicos Islands,TCA,2011,4.4,29363.9475927366,,,,
Chad,TCD,2011,38.1,965.286963557057,24.0,5.83446357706745,13.9537990672367,-1.1533318
East Asia & Pacific (IDA & IBRD countries),TEA,2011,17.602214706039,5228.04137782468,5.09009284565243,,84.9011993408203,
Europe & Central Asia (IDA & IBRD countries),TEC,2011,,7364.90946811375,3.13204355527281,81.7972999528117,91.8245391845703,
Togo,TGO,2011,26.8,663.96334052788,20.1,14.8107744821214,,-0.3850113
Thailand,THA,2011,14.6,5070.23740191942,9.4,,89.8197708129883,-1.1386768
Tajikistan,TJK,2011,27.2,809.368229154093,22.5,49.3703711308922,75.5782928466797,-0.9993314
Turkmenistan,TKM,2011,13.4,4379.74943394339,4.7,83.6168007990939,,0.2327283
Latin America & the Caribbean (IDA & IBRD countries),TLA,2011,13.2021928495409,8184.33972606365,5.83094543590231,74.2003537388886,92.9363327026367,
Timor-Leste,TLS,2011,53.7,1237.48380284894,17.6,,71.4300991899046,-0.5916549
"Middle East, North Africa, Afghanistan & Pakistan (IDA & IBRD)",TMN,2011,31.9364691053192,2783.21080824354,10.6815568497208,62.623644369179,,
Tonga,TON,2011,7.7,3892.76791192676,,29.4596644292537,106.433456420898,0.9020811
South Asia (IDA & IBRD),TSA,2011,42.0231919557259,1272.07513809819,14.4730907865719,56.873835758716,63.5410003662109,
Sub-Saharan Africa (IDA & IBRD countries),TSS,2011,36.6701201666634,1567.63762624075,18.2465101877143,23.3717627087886,36.1298713684082,
Trinidad and Tobago,TTO,2011,8.4,17746.509252615,7.4,69.285019022829,,0.1409464
Tunisia,TUN,2011,9.1,3784.7412903401,3.4,79.5052815552135,90.9749908447266,-0.3780941
Turkiye,TUR,2011,9.9,9265.85910238578,2.5,,84.8130187988281,-0.6966163
Tuvalu,TUV,2011,8.2,3028.2511217061,,8.17804308386143,,1.5457577
Tanzania,TZA,2011,38.7,838.999267578125,22.7,12.9938971930298,,-0.159101
Uganda,UGA,2011,34.6,816.516366587228,17.7,9.01557010215086,,-0.8769625
Ukraine,UKR,2011,18.0,2418.12084960938,2.5,87.0777751740758,94.7154860488778,-0.1696208
Upper middle income,UMC,2011,13.87,6280.70261021177,4.45825381536651,75.6408982609177,90.385612487793,
Uruguay,URY,2011,9.3,15443.9961926395,2.5,,,0.9289706
United States,USA,2011,2.5,52956.6630340962,2.5,95.7230928938337,,0.6245434
Uzbekistan,UZB,2011,14.3,2271.00936223002,2.8,68.0666913492941,89.2128524780273,-0.611603999999999
St. Vincent and the Grenadines,VCT,2011,,6674.58198966102,5.3,,108.105308532715,0.8234119
"Venezuela, RB",VEN,2011,12.7,4455.41063337951,2.5,,85.9672698974609,-1.26001909999999
British Virgin Islands,VGB,2011,,,,,97.9529170931423,
Virgin Islands (U.S.),VIR,2011,,43320.176769501,,98.1676871495902,,0.8218651
Viet Nam,VNM,2011,26.4,2132.90453762087,9.3,51.7038442970064,,0.125534
Vanuatu,VUT,2011,26.7,2883.22689591881,7.1,18.3459667633623,,1.3432489
World,WLD,2011,27.11,9492.82945551876,8.4,65.3227715045301,70.7247619628906,
Samoa,WSM,2011,4.9,4201.45663738908,4.7,60.7035466301643,87.1387577185788,0.9610651
Kosovo,XKX,2011,,2995.64952029477,,,,-0.810254199999999
"Yemen, Rep.",YEM,2011,49.3,1994.83663337222,,,31.534610748291,-2.4714962
South Africa,ZAF,2011,22.5,6067.12482726885,5.0,68.6179387859651,92.0261077880859,-0.0426331999999999
Zambia,ZMB,2011,42.1,1208.46424569634,42.8,,,0.3931833
Zimbabwe,ZWE,2011,32.1,1184.93421020563,29.9,28.2231227734127,,-1.2521569
Aruba,ABW,2012,,25444.7336646687,,,108.883651733398,1.3159088
Africa Eastern and Southern,AFE,2012,37.6528048796514,1456.72281306529,22.3719965919962,23.3806780962982,37.6529693603516,
Afghanistan,AFG,2012,43.5,568.929021458341,19.7,20.8930797693099,,-2.5040196
Africa Western and Central,AFW,2012,33.6676082283541,1749.98138710355,12.7749556565497,25.0831106257487,37.8155899047852,
Angola,AGO,2012,31.4,3682.35229322763,14.0,,,-0.4414594
Albania,ALB,2012,16.5,3771.84781862015,4.6,66.3808528531398,,-0.3697641
Andorra,AND,2012,,36206.9954432018,,90.6399984429497,88.2096099853516,1.3250639
Arab World,ARB,2012,24.2624520502393,6218.04632240872,8.60342812867047,,65.3947219848633,
United Arab Emirates,ARE,2012,,43958.5681120856,3.9,98.4710656093792,,0.8029803
Argentina,ARG,2012,7.0,13754.4254235596,3.6,,107.975830078125,0.0804879
Armenia,ARM,2012,14.2,3159.75860786889,2.5,83.017966415385,,0.0562514
American Samoa,ASM,2012,,12068.2667374983,,88.6002913486798,,0.9837485
Antigua and Barbuda,ATG,2012,,15989.3900199779,,,126.204559326172,0.9299172
Australia,AUS,2012,3.4,55465.4462872577,2.5,,,0.9876022
Austria,AUT,2012,,44221.4599530893,2.5,98.7049275287129,98.1663970947266,1.3019271
Azerbaijan,AZE,2012,16.4,5193.17501119552,2.5,53.1177181049527,,-0.683856599999999
Burundi,BDI,2012,55.4,256.180393931874,,,25.6550006866455,-1.9079102
Belgium,BEL,2012,2.8,40074.492800399,2.5,99.7125788497521,171.274078369141,0.9449853
Benin,BEN,2012,34.2,943.918771531001,9.4,15.8851130365245,,0.3524209
Burkina Faso,BFA,2012,32.0,600.731343697818,14.1,,22.4369517647316,-0.6478491
Bangladesh,BGD,2012,38.3,1050.39140404066,17.3,55.2966533276478,54.6677284240723,-1.4690337
Bulgaria,BGR,2012,7.2,6693.4277325127,4.8,95.9795754144839,93.2204132080078,0.3911291
Bahrain,BHR,2012,6.5,23894.8804447088,,98.919324454004,99.2605924989055,-1.0354447
"Bahamas, The",BHS,2012,,31553.4919490645,,,95.0642702131211,0.9992333
Bosnia and Herzegovina,BIH,2012,9.2,4139.91732773657,2.5,88.5083222000788,92.2725219726562,-0.590616799999999
Belarus,BLR,2012,2.4,6052.6373706236,2.5,91.4380467362848,105.727632878972,0.0036241999999999
Belize,BLZ,2012,17.5,5902.74234696881,5.5,,80.2218941529101,0.0905854
Bermuda,BMU,2012,,108040.575659203,,,94.1572113037109,0.9528211
Bolivia,BOL,2012,20.0,2657.23884915853,18.1,,86.9054153516049,-0.381218399999999
Brazil,BRA,2012,6.6,9167.49818450433,2.5,79.7038711835706,97.6602020263672,-0.0995934
Barbados,BRB,2012,7.5,21036.3003366556,2.5,,,1.2347483
Brunei Darussalam,BRN,2012,17.1,33544.5389457877,,,107.718727111816,0.901649
Bhutan,BTN,2012,29.1,2654.74798946027,,37.5892670074526,79.2052764892578,0.7756826
Botswana,BWA,2012,24.7,5742.91924452636,21.3,70.4469825607601,,1.2248637
Central African Republic,CAF,2012,39.6,553.729578314912,28.7,7.02456206889273,10.7241497039795,-1.8710274
Canada,CAN,2012,,42320.6431330726,2.5,98.1599248386033,111.17195892334,1.0932951
Central Europe and the Baltics,CEB,2012,4.03043398075912,11544.5427262519,2.83338518034159,,98.8466262817383,
Switzerland,CHE,2012,,81964.8864937809,2.5,96.7000032583964,96.7207107543945,1.3809599
Channel Islands,CHI,2012,,60861.9006460501,,,,
Chile,CHL,2012,1.8,12882.834417927,3.5,96.2333346354702,91.1228790283203,0.592861
China,CHN,2012,7.5,6723.19443752823,2.5,,93.6776786470658,-0.6177714
Cote d'Ivoire,CIV,2012,28.7,1503.43433046682,15.1,31.899410503068,,-1.5191192
Cameroon,CMR,2012,32.3,1319.66961634054,4.1,,48.7718363160742,-0.7987418
"Congo, Dem. Rep.",COD,2012,42.9,438.406058243633,30.5,11.8823062312137,28.7509708404541,-2.21679669999999
"Congo, Rep.",COG,2012,23.1,2467.06102906839,37.4,42.4718074743635,46.8735198974609,-0.668392299999999
Colombia,COL,2012,12.7,5675.75617978305,8.6,71.3061928280866,101.408042907715,-1.3314327
Comoros,COM,2012,31.6,1313.5812493744,15.6,,,-0.3950629
Cabo Verde,CPV,2012,8.4,3341.7421054836,14.6,,99.6213363546916,0.8408258
Costa Rica,CRI,2012,6.7,11001.5192856576,3.1,79.5623207855867,105.142471313477,0.655542
Caribbean small states,CSS,2012,10.9798920707422,14236.6654344554,6.71751065513536,,92.6677703857422,
Cuba,CUB,2012,7.2,7109.24834185635,,,90.8615314533005,0.2398598
Curacao,CUW,2012,,20277.5112566223,,,,
Cayman Islands,CYM,2012,,77074.3886285602,,,91.0924369747899,1.2407194
Cyprus,CYP,2012,,24285.49609375,2.5,98.0751046717901,96.1862869262695,0.7933209
Czechia,CZE,2012,2.4,16772.3539223328,2.5,97.6355756543746,99.93798828125,1.1228486
Germany,DEU,2012,1.5,40834.5088218456,2.5,99.8877144013261,101.587738037109,0.9668035
Djibouti,DJI,2012,27.8,,17.4,,,0.1173704
Dominica,DMA,2012,,8532.34388117289,4.7,,99.9667110519308,1.092941
Denmark,DNK,2012,,51470.689845427,2.5,97.5126213303266,125.330131530762,1.0433934
Dominican Republic,DOM,2012,8.0,5860.29893321013,10.4,44.1182120498298,82.4110479058614,0.0313944
Algeria,DZA,2012,12.0,4518.43978956464,3.1,74.4919930611057,,-1.2861441
East Asia & Pacific (excluding high income),EAP,2012,17.007053422058,5511.82607552871,5.33075432959219,,85.8580169677734,
Early-demographic dividend,EAR,2012,34.3754760186498,2935.95209151149,11.8043600115578,,66.4391098022461,
East Asia & Pacific,EAS,2012,16.12,8581.48213952296,5.21257445273978,75.5702217994596,87.5260620117188,
Europe & Central Asia (excluding high income),ECA,2012,12.6908540225475,5682.17981048522,3.46898363222932,79.7255412411624,90.1093521118164,
Europe & Central Asia,ECS,2012,6.76,21898.7575895315,2.79024281104164,90.5745110635602,98.2450714111328,
Ecuador,ECU,2012,24.3,5579.85624282158,8.5,66.0792100373453,100.79842376709,-0.660745199999999
"Egypt, Arab Rep.",EGY,2012,23.5,3220.99194203067,5.7,71.8455158941173,72.635009765625,-1.58945659999999
Euro area,EMU,2012,,33522.1754688076,2.55231596664843,,107.805709838867,
Eritrea,ERI,2012,51.5,,,,46.2857704162598,-0.9125405
Spain,ESP,2012,,24763.568274484,2.5,99.6499203114074,128.53596496582,0.1447381
Estonia,EST,2012,1.3,16460.6843479001,2.5,95.8422445867478,111.909286499023,0.704313
Ethiopia,ETH,2012,42.1,481.639999909808,19.8,8.46331926714929,34.5193099975586,-1.613535
European Union,EUU,2012,,29700.9011811145,2.57837800737182,,106.137130737305,
Fragile and conflict affected situations,FCS,2012,36.3375821097127,1694.3739229428,16.101431003919,,41.1292495727539,
Finland,FIN,2012,1.6,43507.9345371578,2.5,98.3870132965886,112.473762512207,1.3727278
Fiji,FJI,2012,7.0,4427.97844455038,7.3,40.5733094716821,85.2120971679688,-0.1223286
France,FRA,2012,,36161.2918253465,2.5,98.4614933135481,106.117530822754,0.6152427
Faroe Islands,FRO,2012,,47303.8655939098,,,,
"Micronesia, Fed. Sts.",FSM,2012,,2933.79998441501,,,,1.08067
Gabon,GAB,2012,17.2,6803.22668079211,13.0,,,0.0644217
United Kingdom,GBR,2012,2.8,43136.7006795996,2.5,99.931161213636,92.7410583496094,0.4684142
Georgia,GEO,2012,8.9,3609.780798626,7.8,61.6043075877248,,-0.5006273
Ghana,GHA,2012,22.3,1640.54072088003,7.7,27.0555218868952,53.1241347690324,0.0333979
Gibraltar,GIB,2012,,,,100.0,,
Guinea,GIN,2012,33.6,719.505916794546,15.5,,,-1.48727869999999
"Gambia, The",GMB,2012,22.5,639.139881889048,10.2,36.0624139591835,,-0.221411399999999
Guinea-Bissau,GNB,2012,28.0,630.66862302825,25.1,21.2305029374142,,-1.038788
Equatorial Guinea,GNQ,2012,24.9,11650.7196270884,,,,-0.0777002
Greece,GRC,2012,1.8,17924.6620496886,2.5,98.9829314520553,103.870376586914,-0.1628976
Grenada,GRD,2012,,7559.5628483956,,89.4848444655286,,0.3758143
Greenland,GRL,2012,,43655.7004664255,,,,1.7528896
Guatemala,GTM,2012,47.7,3655.57315791242,15.4,49.5841552284631,51.2024295698266,-0.7159854
Guam,GUM,2012,,33404.9317636913,,98.8630031541884,,0.772577
Guyana,GUY,2012,14.8,5403.79899428921,8.0,64.9168923039481,103.891082763672,-0.4771909
High income,HIC,2012,3.94,35042.7341400385,2.65406184663914,94.9345962171626,101.291976928711,
"Hong Kong SAR, China",HKG,2012,,39887.8339456509,2.5,99.401345030543,107.646090534979,0.9387575
Honduras,HND,2012,21.8,2188.39378817891,13.0,57.174671475674,71.1991729736328,-0.511655899999999
Heavily indebted poor countries (HIPC),HPC,2012,37.2517240912756,853.586116932267,21.3143522516257,,33.8987503051758,
Croatia,HRV,2012,,11780.4742767284,2.5,86.4238871036953,101.08341217041,0.6651026
Haiti,HTI,2012,23.1,1354.88546124499,39.8,,,-1.12059439999999
Hungary,HUN,2012,,11440.7622718825,2.5,86.365350094773,100.345176696777,0.712188
IBRD only,IBD,2012,24.2035617853579,4976.44743175893,7.18959274482533,68.9565226750101,80.5427322387695,
IDA & IBRD total,IBT,2012,29.1150592867863,4047.32325168606,9.52811249617085,61.2312840993101,67.8149795532227,
IDA total,IDA,2012,37.2422620529959,1252.842684541,17.0657708066731,37.7589007103074,40.8463287353516,
IDA blend,IDB,2012,37.0760972652264,1786.6430670936,13.9074599237884,38.5354503116991,39.3498802185059,
Indonesia,IDN,2012,34.6,2930.518445323,9.5,27.4321575752598,81.492919921875,-0.5992727
IDA only,IDX,2012,37.3382015508033,960.714392094918,18.9931255796781,34.1904352791216,41.4108810424805,
Isle of Man,IMN,2012,,77009.2978612012,,96.6672319093368,,
India,IND,2012,41.7,1333.09626557668,13.4,56.3075690119533,67.4936981201172,-1.15725679999999
Not classified,INX,2012,,,,,,
Ireland,IRL,2012,2.5,47147.1604669421,2.5,85.0395080293154,119.381332397461,0.9454027
"Iran, Islamic Rep.",IRN,2012,5.6,5058.64637811835,9.2,92.715901082364,80.8130187988281,-1.2630067
Iraq,IRQ,2012,19.8,4387.90469058707,14.2,55.9719076225608,,-1.97642609999999
Iceland,ISL,2012,,50375.4116888351,2.5,96.5779673042334,113.343231201172,1.2316756
Israel,ISR,2012,,34738.6587001,2.5,99.6187296906115,98.8610000610352,-0.776944
Italy,ITA,2012,,30953.4147447427,2.5,96.1269031588739,99.9755325317383,0.4718772
Jamaica,JAM,2012,6.1,5284.00852557589,7.7,,,0.0478137
Jordan,JOR,2012,7.8,4677.47613977192,9.1,67.2655612808715,89.996940612793,-0.5975891
Japan,JPN,2012,6.6,33518.4449368599,,98.229811410107,,0.9655197
Kazakhstan,KAZ,2012,11.2,9531.91477617058,2.6,81.268439553072,98.2057617758137,-0.3923638
Kenya,KEN,2012,29.0,1396.30178709756,19.1,,,-1.4931583
Kyrgyz Republic,KGZ,2012,15.9,985.8472865972,6.4,62.2431193822583,87.004163224052,-0.8759479
Cambodia,KHM,2012,34.0,1295.25271477893,8.5,23.1249922249663,,-0.377158799999999
Kiribati,KIR,2012,16.3,1405.50280446236,3.2,12.1548918365676,,1.5451994
St. Kitts and Nevis,KNA,2012,,17770.4963640576,,,92.7716827392578,0.9299172
"Korea, Rep.",KOR,2012,1.9,27944.0564190045,2.5,98.1037641130347,97.2857513427734,0.4992315
Kuwait,KWT,2012,4.9,33578.3309651964,2.5,100.0,103.851159711408,0.0971713999999999
Latin America & Caribbean (excluding high income),LAC,2012,13.1144314864984,8210.27585605715,5.8370535382688,72.8585408131262,93.0461883544922,
Lao PDR,LAO,2012,40.5,1774.63585203672,,11.1420369613344,45.525951385498,-0.0728091
Lebanon,LBN,2012,11.4,8920.8056984673,4.4,46.2648190571428,76.1323848482182,-1.5792359
Liberia,LBR,2012,34.6,674.360011422232,36.5,,,-0.3877254
Libya,LBY,2012,25.8,12599.258882136,9.0,,,-1.5745603
St. Lucia,LCA,2012,2.3,10517.2777635533,,,94.1647262573242,0.8228537
Latin America & Caribbean,LCN,2012,12.8,8455.4532805586,5.57000152108009,73.7840455938117,92.7997589111328,
Least developed countries: UN classification,LDC,2012,38.4679475188303,921.298988545369,19.9389366681924,,37.6930084228516,
Low income,LIC,2012,39.56,771.968149923314,24.6318344059035,25.508255677028,33.6832504272461,
Liechtenstein,LIE,2012,,,,100.0,101.465690612793,1.6401413
Sri Lanka,LKA,2012,15.9,3484.79049033884,10.0,46.9622718929128,97.1849975585938,-0.9606693
Lower middle income,LMC,2012,36.6,1631.61006000183,13.3175667504911,57.0845818355195,58.6043815612793,
Low & middle income,LMY,2012,29.31,3833.91840392667,9.83937041766957,,67.5718078613281,
Lesotho,LSO,2012,37.5,1086.39034816283,,20.4290055242704,68.1460800170898,0.2654833
Late-demographic dividend,LTE,2012,9.48309837021594,7305.27620420521,3.77569743681368,,91.7002334594727,
Lithuania,LTU,2012,1.9,12516.6184065667,2.5,85.8756741088272,104.154022216797,0.7176973
Luxembourg,LUX,2012,,104487.744312565,2.5,99.7892480220872,102.334587097168,1.3639242
Latvia,LVA,2012,2.1,11971.0107466522,2.5,94.2517441535365,104.845741271973,0.4809516
"Macao SAR, China",MAC,2012,,93192.885853941,8.4,99.9895260539408,96.9751489935905,0.3418523
St. Martin (French part),MAF,2012,,,,96.6867504228623,,
Morocco,MAR,2012,15.6,2927.45043945313,4.3,56.6048221314557,63.780614962939,-0.5760215
Monaco,MCO,2012,,146472.677860476,,100.0,,0.9300563
Moldova,MDA,2012,6.8,2389.08666147529,5.7,67.2929387456271,88.9615898046282,0.1385944
Madagascar,MDG,2012,48.2,442.641500123543,28.6,14.7853236280992,34.9519919864486,-0.6903891
Maldives,MDV,2012,16.3,8907.66134868182,,,79.41343067531,-0.3264349
"Middle East, North Africa, Afghanistan & Pakistan",MEA,2012,29.8,5018.45851427188,10.116921137602,64.0752567167458,53.5537109375,
Mexico,MEX,2012,13.2,9782.51776305354,3.8,41.6465626229776,93.8122711181641,-0.8010179
Marshall Islands,MHL,2012,37.8,3420.91444796671,,,,1.5672321
Middle income,MIC,2012,27.45,4098.86423214222,8.80800313467259,,71.9878921508789,
North Macedonia,MKD,2012,5.7,4708.05168535923,3.8,80.4007922764846,85.5202713012695,-0.399539
Mali,MLI,2012,29.2,786.323471336853,5.4,,,-1.9634653
Malta,MLT,2012,5.2,21529.3982167566,2.5,99.9592942585388,96.5823593139648,1.0126603
Myanmar,MMR,2012,31.2,953.123081936485,7.4,46.7963103868158,,-1.05965779999999
"Middle East, North Africa, Afghanistan & Pakistan (excluding high income)",MNA,2012,31.0281865855521,2827.37154127985,10.6943772392109,62.8785418013848,,
Montenegro,MNE,2012,8.5,5948.3791195297,2.5,84.626838885314,92.932731628418,0.6136633
Mongolia,MNG,2012,12.3,3318.16496597089,13.0,31.0986033550596,,0.604855
Northern Mariana Islands,MNP,2012,,15457.4258192247,,80.8706642415462,,
Mozambique,MOZ,2012,42.6,540.2945177803,21.6,16.019884662547,24.0955956725326,0.0409192
Mauritania,MRT,2012,25.2,1488.97177557214,6.2,,23.9687918780301,-1.0990669
Mauritius,MUS,2012,8.2,8702.82242878289,6.5,,94.0829963073677,1.0701031
Malawi,MWI,2012,43.5,512.74031797451,14.2,12.0129566459126,32.3157881419039,-0.0861299
Malaysia,MYS,2012,18.1,8710.52671359902,3.5,93.5559775283087,84.8274688720703,-0.0196796999999999
North America,NAC,2012,2.58,52612.779441209,2.5,95.8732229739341,97.5537719726562,
Namibia,NAM,2012,24.0,4420.96741373862,25.1,,77.4235835218031,0.843349
New Caledonia,NCL,2012,,,8.3,93.7642606126034,,
Niger,NER,2012,45.0,463.066265496402,15.0,,12.1001362710247,-0.883146299999999
Nigeria,NGA,2012,36.9,2403.65387896924,11.7,23.1894232525249,42.4270210266113,-2.08835269999999
Nicaragua,NIC,2012,,1876.1759720149,17.0,,,-0.4628059
Netherlands,NLD,2012,1.5,44631.8745388789,2.5,99.9784257359746,110.343353271484,1.1275327
Norway,NOR,2012,,73661.6785830334,2.5,99.3982297830925,111.270492553711,1.3326311
Nepal,NPL,2012,39.7,775.310578479839,9.4,29.838949622684,64.4251327514648,-1.4781419
Nauru,NRU,2012,20.9,6626.18317072945,,18.6556122694771,81.6326522827148,1.5672321
New Zealand,NZL,2012,,36607.1493914827,2.5,91.2585694286852,120.056953430176,1.4088511
OECD members,OED,2012,5.82719175430046,34230.3149071274,2.89733139609373,,99.7415237426758,
Oman,OMN,2012,11.2,19824.1215485946,6.5,87.0961642683361,111.024270475116,0.3876466
Other small states,OSS,2012,25.2325492572934,10063.1293120612,10.0356972930316,,67.0391082763672,
Pakistan,PAK,2012,43.9,1275.48806898966,15.0,43.9125979462166,25.7528705596924,-2.6807174
Panama,PAN,2012,20.2,12668.2945402358,7.3,,,-0.0613991
Peru,PER,2012,18.1,5740.04346272472,6.7,49.0829918622414,92.8410034179688,-0.698579899999999
Philippines,PHL,2012,31.9,2533.74141964959,14.3,45.8419044881395,,-1.1706826
Palau,PLW,2012,,14609.8376964301,,78.2032286906461,,1.5672321
Papua New Guinea,PNG,2012,47.7,2139.48096660428,28.6,,32.6879479913319,-0.879075899999999
Poland,POL,2012,1.9,11542.2353368014,2.5,92.3181254054963,99.8879928588867,1.0636907
Pre-demographic dividend,PRE,2012,36.0718582203021,1449.44384186057,18.7211456589964,,34.4295501708984,
Puerto Rico (US),PRI,2012,,28968.6942131352,,87.2464521588333,88.7678070068359,0.5744011
"Korea, Dem. People's Rep.",PRK,2012,25.8,,43.7,67.4865152209698,,-0.269017499999999
Portugal,PRT,2012,3.8,18679.7626789594,2.5,94.3903192109704,110.881690979004,0.8412014
Paraguay,PRY,2012,9.4,5230.26244858989,2.5,58.5971721928883,85.5904312133789,-0.5745262
West Bank and Gaza,PSE,2012,10.3,3237.91619995789,,79.3034392460179,89.7635136812524,-1.9475989
Pacific island small states,PSS,2012,18.1766898437607,3481.4413131175,9.68354154968089,,73.3126983642578,
Post-demographic dividend,PST,2012,3.9222757251791,38998.3256159869,2.52144374935792,,102.461280822754,
French Polynesia,PYF,2012,,18968.4422157904,4.5,90.448717948718,,
Qatar,QAT,2012,6.3,80621.7554942834,,96.9953943626159,102.69592476489,1.1565419
Romania,ROU,2012,8.8,8234.28553425194,2.5,81.9265649123088,96.6138229370117,0.0478106
Russian Federation,RUS,2012,,9464.0107421875,2.5,75.6131524134284,94.4915054288516,-0.9015976
Rwanda,RWA,2012,41.3,651.852818665834,35.5,,31.5941295623779,-0.2583623
South Asia,SAS,2012,40.94,1326.51107396561,13.6851076721982,58.4168751999494,66.3012619018555,
Saudi Arabia,SAU,2012,12.5,23643.0358324647,3.2,,,-0.5972185
Sudan,SDN,2012,35.9,1288.25854492188,,,36.8792190551758,-2.3155934
Senegal,SEN,2012,18.2,1154.05677992367,11.3,23.5278306759544,44.9835760823554,-0.1570391
Singapore,SGP,2012,3.2,51679.352717333,,100.0,,1.256811
Solomon Islands,SLB,2012,31.9,2105.91423758379,17.4,,47.6625213623047,0.3518822
Sierra Leone,SLE,2012,33.3,1025.04366004502,21.9,7.67430968162427,41.3290214538574,-0.2587444
El Salvador,SLV,2012,15.5,3601.44222914588,9.1,,71.454258159429,0.1962335
San Marino,SMR,2012,,42082.5554467713,,99.9999971732007,64.1434326171875,1.5672321
"Somalia, Fed. Rep.",SOM,2012,29.4,369.617204753385,67.4,,,-2.90139839999999
Serbia,SRB,2012,5.9,5739.3075023532,2.5,74.7284510084725,96.4776000976562,-0.1119391
Sub-Saharan Africa (excluding high income),SSA,2012,35.3175042587896,1698.5158646606,17.9921726748827,25.4592739306434,37.7186889648438,
South Sudan,SSD,2012,31.0,1069.19619080938,,,,-1.4983578
Sub-Saharan Africa,SSF,2012,35.97,1576.31411158834,18.187533460429,24.0748999934765,37.7216110229492,
Small states,SST,2012,21.1918072353567,10183.7115546246,9.24309126359098,,71.8961410522461,
Sao Tome and Principe,STP,2012,18.6,1225.6945255615,17.4,31.740715327225,59.7818183898926,0.2880403
Suriname,SUR,2012,8.3,9140.92898611536,8.2,54.0662109652906,77.8469800143941,0.0654961999999999
Slovak Republic,SVK,2012,,15159.6570420004,5.8,98.8778303602984,95.3833312988281,1.0152253
Slovenia,SVN,2012,,19894.8697964548,2.5,93.4996767913996,97.7083282470703,0.9825256
Sweden,SWE,2012,,48789.7906883637,2.5,99.5710984005091,102.479888916016,1.1548415
Eswatini,SWZ,2012,27.9,3218.50138205493,20.4,33.6921980759207,66.9680328369141,-0.5257872
Sint Maarten (Dutch part),SXM,2012,,39298.9873567827,,,121.167315175097,
Seychelles,SYC,2012,7.8,14135.0010570653,5.5,63.3248232119922,84.1715316772461,0.7257334
Syrian Arab Republic,SYR,2012,26.5,1142.29080150598,7.5,,72.8255767822266,-2.4554347
Turks and Caicos Islands,TCA,2012,4.1,27441.3335987017,,,,
Chad,TCD,2012,37.4,1016.42152061894,23.5,5.86313005659813,13.9380247654593,-1.1726684
East Asia & Pacific (IDA & IBRD countries),TEA,2012,16.9091077653999,5575.0423073001,4.84084470190362,,85.726921081543,
Europe & Central Asia (IDA & IBRD countries),TEC,2012,,7583.64863478186,3.04292352476577,82.3525930914772,92.2141799926758,
Togo,TGO,2012,26.4,687.495464571464,19.9,15.2799041486039,,-0.6511156
Thailand,THA,2012,14.1,5403.87846036273,9.3,,88.4013214111328,-1.22129129999999
Tajikistan,TJK,2012,25.7,849.519080831738,21.4,50.8172219192873,78.0864105224609,-1.0705181
Turkmenistan,TKM,2012,12.6,4761.0792759807,4.6,85.2235519245126,,0.232102
Latin America & the Caribbean (IDA & IBRD countries),TLA,2012,12.8485092926429,8315.26653499428,5.57000152108009,74.4570713783341,92.8396377563477,
Timor-Leste,TLS,2012,52.7,1269.41625561248,16.7,,71.6261633919338,-0.4206058
"Middle East, North Africa, Afghanistan & Pakistan (IDA & IBRD)",TMN,2012,31.1919154829173,2824.63821117317,10.6943772392109,62.7626823934846,,
Tonga,TON,2012,7.1,3932.59350453286,,29.4744305402053,97.7831802368164,0.9015228
South Asia (IDA & IBRD),TSA,2012,40.9673733821049,1326.51107396561,13.6851076721982,58.4168751999494,66.3012619018555,
Sub-Saharan Africa (IDA & IBRD countries),TSS,2012,35.9743554343958,1576.31411158834,18.187533460429,24.0748999934765,37.7216110229492,
Trinidad and Tobago,TTO,2012,8.5,18835.6674122954,6.8,69.2799357571835,,0.1326034
Tunisia,TUN,2012,8.9,3900.04620132702,3.2,79.5019649942484,,-0.673659999999999
Turkiye,TUR,2012,9.2,9588.32066531438,2.5,,83.5451507568359,-0.9196869
Tuvalu,TUV,2012,7.9,2922.07629963849,,8.22820885465106,,1.5451994
Tanzania,TZA,2012,37.7,851.910705566406,21.7,15.1094149785771,,-0.1246002
Uganda,UGA,2012,33.4,823.580468285493,19.6,9.71789056876129,,-0.860416499999999
Ukraine,UKR,2012,18.0,2426.92944335938,2.5,89.3866042211989,98.4852773037302,-0.2458009
Upper middle income,UMC,2012,13.28,6583.74590160709,4.26276239548687,76.0549749013027,90.9012832641602,
Uruguay,URY,2012,9.0,15949.3176985435,2.5,,,0.8849499
United States,USA,2012,2.5,53738.1476714593,2.5,95.8873856789804,,0.6207484
Uzbekistan,UZB,2012,13.2,2395.84036755728,2.5,69.117262636418,91.5890082905573,-0.561242799999999
St. Vincent and the Grenadines,VCT,2012,,6790.68325958275,5.0,,107.489356994629,0.8687381
"Venezuela, RB",VEN,2012,12.2,4647.37303726595,2.5,,88.2607498168945,-1.2182009
British Virgin Islands,VGB,2012,,,,,97.4103585657371,
Virgin Islands (U.S.),VIR,2012,,36938.1682086351,,98.2408449932128,,0.8211976
Viet Nam,VNM,2012,25.5,2224.11404253256,8.8,52.2503650158694,,0.1055642
Vanuatu,VUT,2012,26.9,2849.05448321427,7.6,18.4056781374295,,1.4555456
World,WLD,2012,26.4,9630.06477941676,8.1,65.8869865001761,71.6249618530273,
Samoa,WSM,2012,5.0,4007.91092846814,4.6,60.7971168768778,85.6477162580853,0.9605068
Kosovo,XKX,2012,,3021.35142613995,,,,-0.7614632
"Yemen, Rep.",YEM,2012,48.5,1981.45800046603,,,32.4077186584473,-2.36775559999999
South Africa,ZAF,2012,22.3,6121.55783860713,5.2,68.8160339814044,95.4333724975586,-0.1220725
Zambia,ZMB,2012,40.8,1258.78938578996,41.1,,,0.4568964
Zimbabwe,ZWE,2012,31.0,1360.15230034275,29.6,27.9748723703249,73.0986641244537,-1.2758713
Aruba,ABW,2013,,26680.1411206342,,,,1.3143193
Africa Eastern and Southern,AFE,2013,37.0439900845627,1478.97797685759,21.3665223347147,24.0060723321218,38.6157493591309,
Afghanistan,AFG,2013,42.9,580.603833333096,19.4,21.7263800393035,,-2.699732
Africa Western and Central,AFW,2013,33.1305278849677,1805.79842409374,12.5855251034772,25.6284575327577,42.5206108093262,
Angola,AGO,2013,32.3,3716.29718727282,13.5,,,-0.6100776
Albania,ALB,2013,15.5,3895.89975621942,4.6,68.4598318259799,,-0.1931708
Andorra,AND,2013,,35684.1861967511,,90.6400037430118,87.4892501831055,1.3226889
Arab World,ARB,2013,23.4764813973553,6220.63858713989,8.65321480914556,,63.5361595153809,
United Arab Emirates,ARE,2013,,44312.6337162614,3.5,98.4969991964186,,0.7738837
Argentina,ARG,2013,7.2,13946.0950832252,3.2,,109.241096496582,0.0324742
Armenia,ARM,2013,13.2,3266.29882999873,2.5,82.9525634585465,86.4559326171875,-0.0281785
American Samoa,ASM,2013,,11871.7937192729,,88.8134294592888,,0.9806728
Antigua and Barbuda,ATG,2013,,15748.1952024226,,,,0.9282114
Australia,AUS,2013,3.4,55966.1509270561,2.5,,,0.9563371
Austria,AUT,2013,,43851.3675497404,2.5,98.857622685021,99.4306716918945,1.287147
Azerbaijan,AZE,2013,15.1,5425.99559780578,2.5,53.4940479787568,,-0.483763999999999
Burundi,BDI,2013,54.9,259.311117203355,,,30.7229452018777,-1.67571539999999
Belgium,BEL,2013,2.7,40007.8997891411,2.5,99.6987896332682,172.689697265625,0.9488863
Benin,BEN,2013,34.0,982.399206290516,9.2,16.0310769426454,41.857421875,0.3313874
Burkina Faso,BFA,2013,30.4,616.741331164082,13.5,,25.1246647585712,-0.7949543
Bangladesh,BGD,2013,36.9,1103.15695907123,16.7,55.6606745928765,57.4183984304764,-1.771799
Bulgaria,BGR,2013,7.0,6792.73549964735,4.2,96.5132193478484,97.8538284301758,0.1704694
Bahrain,BHR,2013,6.2,24271.6278814506,,98.917405842651,107.770879230923,-1.2920542
"Bahamas, The",BHS,2013,,30368.2631244189,,,87.4039501394502,0.9869744
Bosnia and Herzegovina,BIH,2013,9.0,4306.73175072214,2.5,88.5908813209363,94.078239440918,-0.4534621
Belarus,BLR,2013,2.2,6115.43288098707,2.5,92.3654900678202,103.164486990226,0.0177012
Belize,BLZ,2013,16.8,6013.07879895362,6.0,,82.749944824542,0.0892671
Bermuda,BMU,2013,,107860.394791964,,,92.5261001586914,0.9507816
Bolivia,BOL,2013,18.9,2793.51457098676,18.0,,88.5871712557106,-0.256508
Brazil,BRA,2013,6.7,9366.73824670239,2.5,80.4663380845948,106.981796264648,-0.3656427
Barbados,BRB,2013,7.3,20609.6076272963,2.5,,,1.216274
Brunei Darussalam,BRN,2013,16.4,32381.0739795231,,,105.909843444824,0.9634698
Bhutan,BTN,2013,27.6,2671.07460201171,,40.3213572914567,84.4945220947266,0.7771733
Botswana,BWA,2013,23.7,6284.97678002618,20.8,69.8754371820694,,1.187303
Central African Republic,CAF,2013,39.6,349.821171688973,30.1,6.91376369319154,,-2.14915889999999
Canada,CAN,2013,,42851.170527104,2.5,98.0449025123796,111.877288818359,1.0153332
Central Europe and the Baltics,CEB,2013,3.84042462520139,11661.9769238564,2.77955498182477,,103.632446289062,
Switzerland,CHE,2013,,82479.9215677304,2.5,96.7000017740141,99.7940216064453,1.3427758
Channel Islands,CHI,2013,,60780.669022098,,,,
Chile,CHL,2013,1.8,13182.7329619856,3.4,96.6190335809213,99.6723937988281,0.574319
China,CHN,2013,7.0,7198.06876478162,2.5,,,-0.5627312
Cote d'Ivoire,CIV,2013,28.0,1632.32712787006,15.5,33.0374498665528,,-1.2086343
Cameroon,CMR,2013,31.7,1347.2130636706,4.2,,50.4201711277728,-0.831334199999999
"Congo, Dem. Rep.",COD,2013,42.7,464.526715460494,30.8,11.8195825997917,29.3779392242432,-2.2257153
"Congo, Rep.",COG,2013,22.3,2390.65754938662,32.7,43.0059990785023,,-0.5775904
Colombia,COL,2013,12.6,5910.80592301166,7.0,71.5837364884687,102.072303771973,-1.29909379999999
Comoros,COM,2013,30.0,1343.5451171047,15.0,,60.1044710048694,-0.2395935
Cabo Verde,CPV,2013,7.9,3361.09387702205,15.3,,103.923782348633,0.8049926
Costa Rica,CRI,2013,6.9,11151.1437869768,2.9,79.7329671076377,111.334037780762,0.6591343
Caribbean small states,CSS,2013,10.6906816363687,14333.3457750583,6.4161303135324,,90.9500732421875,
Cuba,CUB,2013,7.2,7307.82004410741,,,90.8856536605418,0.3041157
Curacao,CUW,2013,,19921.4771792975,,,90.2323376007587,
Cayman Islands,CYM,2013,,76038.8787807923,,,91.1194833153929,1.2391298
Cyprus,CYP,2013,,22711.71875,2.5,98.2699165126514,98.834846496582,0.7163623
Czechia,CZE,2013,2.4,16759.7808635642,2.5,97.9071084983914,107.348907470703,1.1188359
Germany,DEU,2013,1.6,40884.8926759028,2.5,99.8907314326926,101.26392364502,0.9567087
Djibouti,DJI,2013,27.2,2140.13769442336,15.7,,,-0.2955231
Dominica,DMA,2013,,8459.6586988024,4.6,,,1.0912351
Denmark,DNK,2013,,51970.3909324806,2.5,97.8358114903989,133.14208984375,1.0203721
Dominican Republic,DOM,2013,7.9,6075.03399972737,9.1,44.2488556156278,83.5120440264172,-0.0097174
Algeria,DZA,2013,11.6,4543.23444006767,2.9,74.8117876947041,,-1.3382043
East Asia & Pacific (excluding high income),EAP,2013,16.3376375772535,5864.64068313952,5.08990705740116,,86.7732620239258,
Early-demographic dividend,EAR,2013,33.4217969519142,3010.19886929379,11.2566710337252,,67.96826171875,
East Asia & Pacific,EAS,2013,15.5,8962.78821401788,4.98184859445185,76.0196704444075,88.3574523925781,
Europe & Central Asia (excluding high income),ECA,2013,11.9761557785549,6000.41396490137,3.39122037350288,79.9146669694894,96.7680206298828,
Europe & Central Asia,ECS,2013,6.51,22004.7529248863,2.76470189672072,90.8504097109291,104.177047729492,
Ecuador,ECU,2013,23.1,5893.32172683036,8.5,66.4334435113853,102.665153503418,-0.2633528
"Egypt, Arab Rep.",EGY,2013,22.0,3216.3783902629,6.1,72.435799507062,73.2182236825859,-1.8070331
Euro area,EMU,2013,,33413.4989986022,2.54912054029579,,108.607147216797,
Eritrea,ERI,2013,51.7,,,,45.141300201416,-0.983509699999999
Spain,ESP,2013,,24498.5559507945,2.5,99.6233302994593,127.453941345215,0.0980042
Estonia,EST,2013,1.3,16809.5326683781,2.5,96.2281327787838,109.79280090332,0.8630858
Ethiopia,ETH,2013,41.2,518.324662208106,17.7,8.85663171996232,,-1.3952471
European Union,EUU,2013,,29667.2033330658,2.56544268137418,,108.645858764648,
Fragile and conflict affected situations,FCS,2013,35.813683774618,1708.69932882823,15.5584500461447,,42.6944198608398,
Finland,FIN,2013,1.6,42883.6384986417,2.5,98.7212879711156,152.21354675293,1.3332335
Fiji,FJI,2013,6.9,4630.35126544718,7.2,40.7033914771435,,-0.124034399999999
France,FRA,2013,,36256.086680981,2.5,98.5895521201792,104.996017456055,0.4916417
Faroe Islands,FRO,2013,,50120.7530887167,,,,
"Micronesia, Fed. Sts.",FSM,2013,,2819.90328917215,,,,1.0789642
Gabon,GAB,2013,16.7,6938.25753862236,13.1,,,-0.0012508
United Kingdom,GBR,2013,2.8,43585.1936238647,2.5,99.9221456444707,129.011032104492,0.4599947
Georgia,GEO,2013,8.5,3806.50600649051,7.4,62.6342790626579,104.884443945013,-0.225994399999999
Ghana,GHA,2013,21.3,1718.59704769958,8.0,28.2956613769924,64.3019790649414,0.0303364
Gibraltar,GIB,2013,,,,100.0,,
Guinea,GIN,2013,33.0,729.833143236326,14.2,,,-1.4036079
"Gambia, The",GMB,2013,21.7,638.522368532214,11.1,37.2039689411142,,-0.2420331
Guinea-Bissau,GNB,2013,27.9,634.095456089352,29.1,21.5167736918646,,-0.960841
Equatorial Guinea,GNQ,2013,23.8,10731.6455729191,,,,-0.1980612
Greece,GRC,2013,1.8,17644.8766635021,2.5,98.8009522381221,105.128707885742,-0.152352
Grenada,GRD,2013,,7688.75297701343,,89.775986534973,107.174295774648,0.3741085
Greenland,GRL,2013,,43338.3839246907,,,,1.7500938
Guatemala,GTM,2013,47.2,3717.30462628413,15.8,49.5365886372236,51.3257665612677,-0.733731999999999
Guam,GUM,2013,,34044.3190415455,,98.8048318993953,,0.7705375
Guyana,GUY,2013,13.9,5573.3421790463,6.9,65.1314736718243,,-0.5088822
High income,HIC,2013,3.92,35404.6810437336,2.6329386504611,95.0219626552906,104.252471923828,
"Hong Kong SAR, China",HKG,2013,,40959.9813033996,2.5,99.4877580996171,101.180897250362,0.8557967
Honduras,HND,2013,21.2,2205.40126728067,13.7,58.8431825731568,68.2308197021484,-0.535936499999999
Heavily indebted poor countries (HIPC),HPC,2013,36.5758313356712,877.826285990185,20.4856621354889,,35.0838508605957,
Croatia,HRV,2013,,11838.2152450357,2.5,86.5414063204522,103.140029907227,0.6983074
Haiti,HTI,2013,22.8,1392.38204736859,39.0,,,-0.915407899999999
Hungary,HUN,2013,,11729.5720798501,2.5,87.7143283335481,107.611831665039,0.8127253
IBRD only,IBD,2013,23.3864781489349,5178.96430999103,6.89538344469825,69.8788833154027,82.6154632568359,
IDA & IBRD total,IBT,2013,28.3697317358215,4201.8456378006,9.26227590425906,61.9329099229401,69.4584884643555,
IDA total,IDA,2013,36.5531600785982,1291.78901874009,16.6257256421585,38.0370707201605,42.2208595275879,
IDA blend,IDB,2013,36.4731461175202,1848.24174811877,13.659635386735,38.7639866918154,42.0797996520996,
Indonesia,IDN,2013,33.5,3055.24246006469,8.3,27.7325593380907,80.8373400803378,-0.6180612
IDA only,IDX,2013,36.5994566019407,987.02078318094,18.3646391189581,34.7441488503454,42.0606002807617,
Isle of Man,IMN,2013,,80383.8273088527,,96.6672319093368,,
India,IND,2013,40.6,1399.4537980287,12.8,57.9390790581161,69.2553634643555,-1.17090389999999
Not classified,INX,2013,,,,,,
Ireland,IRL,2013,2.5,47928.0346487005,2.5,86.1441410605135,,0.8948024
"Iran, Islamic Rep.",IRN,2013,5.5,4916.97291948475,8.0,92.8763929555836,79.7113418579102,-1.1808701
Iraq,IRQ,2013,18.5,4504.82687537354,14.9,56.4605410514352,,-2.1039641
Iceland,ISL,2013,,51696.0876528983,2.5,97.1131673147905,123.816963195801,1.2538154
Israel,ISR,2013,,35489.5086561247,2.5,99.6057136543251,99.4867477416992,-0.8855141
Italy,ITA,2013,,30330.0221599668,2.5,96.2001432830576,100.541206359863,0.3827968
Jamaica,JAM,2013,6.2,5289.88438546111,7.7,,88.0026753615918,0.1274496
Jordan,JOR,2013,7.7,4556.52023716712,8.2,69.0333202375385,90.0058657097509,-0.6862202
Japan,JPN,2013,6.5,34239.8862473488,,98.2749756772571,101.316276550293,1.0478848
Kazakhstan,KAZ,2013,10.4,9959.72586930534,2.5,82.9843222511527,97.505296092687,-0.4514259
Kenya,KEN,2013,27.7,1413.94142522583,18.9,,,-1.1667366
Kyrgyz Republic,KGZ,2013,15.1,1069.78404438716,6.1,64.2807542269669,87.8419677828729,-0.816344899999999
Cambodia,KHM,2013,32.3,1376.29557595926,8.4,23.6879957096216,,-0.3707293
Kiribati,KIR,2013,16.1,1493.49134858915,3.1,12.4266053085506,,1.5434936
St. Kitts and Nevis,KNA,2013,,18773.8926898397,,,128.944717407227,0.9282114
"Korea, Rep.",KOR,2013,1.9,28732.711152033,2.5,98.2497176424765,97.6339797973633,0.5061279
Kuwait,KWT,2013,5.0,32311.1800008536,2.5,100.0,99.4679336547852,0.1094954
Latin America & Caribbean (excluding high income),LAC,2013,12.8826119967584,8349.88402062256,5.57594544592975,73.3516851372379,97.587532043457,
Lao PDR,LAO,2013,39.4,1890.27861294875,,11.4421929569921,49.4297722584981,-0.0505462999999999
Lebanon,LBN,2013,10.5,8443.53856528784,4.8,46.5007737111111,74.7805921960167,-1.6105378
Liberia,LBR,2013,33.6,717.007280358975,36.4,,,-0.364639999999999
Libya,LBY,2013,24.5,10126.314927806,9.8,,,-1.9032456
St. Lucia,LCA,2013,2.3,10279.4155096001,,,92.7354431152344,0.8211478
Latin America & Caribbean,LCN,2013,12.55,8595.42651886992,5.32877132896898,74.2585126478819,97.5087127685547,
Least developed countries: UN classification,LDC,2013,37.7476364310305,951.753124130944,19.1553595918194,,39.0613098144531,
Low income,LIC,2013,38.96,772.184540301734,23.7437437434467,25.7645924427546,33.1779518127441,
Liechtenstein,LIE,2013,,,,100.0,,1.638762
Sri Lanka,LKA,2013,15.3,3728.93586647848,8.8,47.1509931517514,97.8860232469157,-0.8585581
Lower middle income,LMC,2013,35.69,1696.68881831092,12.8443045616228,58.2500776874891,60.5203018188477,
Low & middle income,LMY,2013,28.56,3994.67974612361,9.5858278239359,,69.1495895385742,
Lesotho,LSO,2013,36.7,1093.95323489272,,21.3453502832481,65.9366836547852,0.3249377
Late-demographic dividend,LTE,2013,9.04240326318464,7662.87637611851,3.68725249150029,,93.9377288818359,
Lithuania,LTU,2013,1.8,13145.8069309969,2.5,87.6146305997588,106.272689819336,0.9839797
Luxembourg,LUX,2013,,105338.955521681,2.5,99.7582946033604,104.802833557129,1.316509
Latvia,LVA,2013,2.1,12353.5386135301,2.5,94.5170525443219,112.935676574707,0.6227437
"Macao SAR, China",MAC,2013,,99054.4980289716,7.6,99.99114951558,97.0595238095238,0.7532928
St. Martin (French part),MAF,2013,,,,96.6811805175282,,
Morocco,MAR,2013,15.3,3008.185546875,4.1,58.5934607352905,,-0.6954656
Monaco,MCO,2013,,157167.975027858,,100.0,,0.9268798
Moldova,MDA,2013,6.5,2605.85029986142,4.4,69.8221672130125,88.9174917032512,0.1501042
Madagascar,MDG,2013,47.4,440.674658903628,30.1,15.5395287894646,,-0.6021042
Maldives,MDV,2013,15.9,9213.32791442475,,,75.8327847267939,-0.0388545999999999
"Middle East, North Africa, Afghanistan & Pakistan",MEA,2013,29.05,5030.48983466441,9.93945297848607,64.2673494485519,52.0718307495117,
Mexico,MEX,2013,12.9,9738.71059803658,3.7,41.7730851603868,96.0909271240234,-0.804453299999999
Marshall Islands,MHL,2013,37.0,3602.92811901896,,,,1.5640556
Middle income,MIC,2013,26.65,4276.8418859906,8.48630018346249,,74.0031890869141,
North Macedonia,MKD,2013,5.4,4863.68088666968,3.8,80.4290241604962,83.0644989013672,-0.4044213
Mali,MLI,2013,28.5,788.819448205749,5.2,,34.540257437417,-1.6463052
Malta,MLT,2013,5.0,22626.4981391343,2.5,99.9482495236864,98.3424301147461,0.9719428
Myanmar,MMR,2013,30.5,1024.69060474658,6.4,48.2659911329201,,-1.2724274
"Middle East, North Africa, Afghanistan & Pakistan (excluding high income)",MNA,2013,30.2533930284914,2804.95389859493,10.5390567413321,63.0722771354693,,
Montenegro,MNE,2013,8.5,6138.25153608056,2.5,84.7468562440821,,0.5891056
Mongolia,MNG,2013,11.3,3628.90708069575,11.9,32.0426962176353,,0.643466
Northern Mariana Islands,MNP,2013,,16015.0349164338,,80.9535965740379,,
Mozambique,MOZ,2013,42.3,559.393953685688,26.4,16.8203090357194,32.5833282470703,-0.495572499999999
Mauritania,MRT,2013,24.7,1502.90142381083,6.1,,27.9143759343964,-1.1394547
Mauritius,MUS,2013,8.1,8973.51550099533,6.7,,95.0431976318359,1.0531756
Malawi,MWI,2013,41.9,525.357645516557,14.9,12.5130902540341,35.4070171986027,-0.203203
Malaysia,MYS,2013,18.5,8964.80724896203,3.7,93.6661210303101,85.4070587158203,-0.0428372
North America,NAC,2013,2.64,53314.6283485468,2.5,96.0219600722807,97.6731033325195,
Namibia,NAM,2013,23.1,4549.26759093897,23.3,,79.1245312674155,0.8788275
New Caledonia,NCL,2013,,,8.2,94.4483677881421,,
Niger,NER,2013,44.8,469.690214200878,14.5,,13.1905159332884,-0.934017
Nigeria,NGA,2013,36.5,2495.34106573749,11.4,23.7745364291365,50.3317909240723,-1.98930569999999
Nicaragua,NIC,2013,,1941.45628552626,17.3,,,-0.3620672
Netherlands,NLD,2013,1.5,44487.03063469,2.5,99.9768499665449,,1.0569335
Norway,NOR,2013,,73515.9144917472,2.5,99.3702485826898,112.620422363281,1.3123527
Nepal,NPL,2013,38.4,801.039060847856,8.7,28.4066669049933,67.1050796508789,-1.2264145
Nauru,NRU,2013,20.3,6735.42128061862,,18.6562414229445,,1.5640556
New Zealand,NZL,2013,,37267.6586997514,2.5,92.239285987318,119.244888305664,1.3788423
OECD members,OED,2013,5.74816172039316,34581.5357525872,2.823473235638,,104.245811462402,
Oman,OMN,2013,11.3,19299.9400516869,6.9,87.6055359989164,110.312770028392,0.3339536
Other small states,OSS,2013,24.5665161637783,10036.2011169509,9.42773693207934,,68.0531921386719,
Pakistan,PAK,2013,43.3,1309.70080446386,14.7,44.0203991690231,26.3995425354199,-2.6678365
Panama,PAN,2013,19.6,13236.8306490828,7.1,,79.2133026123047,-0.0995914
Peru,PER,2013,16.9,6021.46142765232,5.6,49.3627748732011,98.5790786743164,-0.7062488
Philippines,PHL,2013,31.6,2654.41506933978,13.7,46.0509688561872,,-1.0944308
Palau,PLW,2013,,14331.3395472642,,79.3941654402122,109.33332824707,1.5640556
Papua New Guinea,PNG,2013,47.9,2162.10592595591,27.3,,,-0.7908101
Poland,POL,2013,1.7,11628.2286809525,2.5,92.1882023770909,109.392158508301,0.9461127
Pre-demographic dividend,PRE,2013,35.493715928466,1490.0962045902,18.316114602938,,37.1601486206055,
Puerto Rico (US),PRI,2013,,29115.3549161996,,90.0671301939352,90.6086273193359,0.0987437999999999
"Korea, Dem. People's Rep.",PRK,2013,24.5,,43.7,67.3101581651526,,-0.5030753
Portugal,PRT,2013,3.7,18597.7214623964,2.5,94.4710642260588,119.206550598145,0.7633997
Paraguay,PRY,2013,8.5,5583.12274473566,2.5,59.2558255493223,,-0.6183216
West Bank and Gaza,PSE,2013,10.0,3309.63120243098,,79.6944832492158,89.3845067710673,-1.8005748
Pacific island small states,PSS,2013,18.2067939424877,3547.56315600397,10.0594532421188,,73.6747207641602,
Post-demographic dividend,PST,2013,3.93410459703567,39436.9871067886,2.51608853915192,,105.584037780762,
French Polynesia,PYF,2013,,18930.1268887012,4.7,90.448717948718,,
Qatar,QAT,2013,6.3,76486.9151226864,,96.8460088458427,100.272006631781,1.1121079
Romania,ROU,2013,8.5,8287.95844089676,2.5,81.9160915763475,94.7376480102539,0.143861
Russian Federation,RUS,2013,,9601.537109375,2.5,75.6460661455122,95.1585451333232,-0.8279576
Rwanda,RWA,2013,39.8,666.408788783175,35.7,,31.6404940535794,-0.309006499999999
South Asia,SAS,2013,39.86,1392.20217841536,13.0765786272885,59.9705807877529,68.1774368286133,
Saudi Arabia,SAU,2013,12.4,23057.3494468535,2.8,,93.2386305984536,-0.660277
Sudan,SDN,2013,35.8,1283.45922851563,8.7,,39.7228088378906,-2.2572174
Senegal,SEN,2013,18.2,1147.3859217191,11.2,23.8292288902426,48.301600402966,-0.0972566
Singapore,SGP,2013,3.1,53298.9728558286,,100.0,,1.232658
Solomon Islands,SLB,2013,31.5,2136.72116177034,18.8,,,0.3503208
Sierra Leone,SLE,2013,32.4,1146.81973456475,23.2,7.92242664066615,36.7521209716797,-0.10195
El Salvador,SLV,2013,14.6,3665.1547327058,9.2,,73.3605507980312,-0.1174817
San Marino,SMR,2013,,42293.4870685544,,99.9999985958692,,1.5640556
"Somalia, Fed. Rep.",SOM,2013,28.8,397.108796344858,63.3,,,-2.85136569999999
Serbia,SRB,2013,5.8,5793.33614525565,2.5,74.7394297105426,96.5699691772461,-0.0234258
Sub-Saharan Africa (excluding high income),SSA,2013,34.7801023750369,1734.35144843299,17.6922884399245,26.1867777271173,40.247688293457,
South Sudan,SSD,2013,30.8,1165.16202707495,,,,-2.0671128
Sub-Saharan Africa,SSF,2013,35.39,1612.24237571721,17.6919019134649,24.8047438261228,40.2503395080566,
Small states,SST,2013,20.7216699278452,10192.7078437938,8.8381875198132,,72.3302307128906,
Sao Tome and Principe,STP,2013,17.6,1263.70423995281,17.4,32.2350294493077,66.1306762695312,0.393194
Suriname,SUR,2013,8.3,9303.46008775809,7.8,54.2620491189961,77.4462459869965,0.0569667
Slovak Republic,SVK,2013,,15249.8824513785,5.6,98.9356455924198,94.3745574951172,1.0379263
Slovenia,SVN,2013,,19704.2186005128,2.5,94.0680200810727,110.404258728027,0.8890197
Sweden,SWE,2013,,48928.4994141291,2.5,99.5908553281454,141.469116210938,1.0499372
Eswatini,SWZ,2013,27.0,3332.11983927912,17.5,34.0698474900492,69.7378005981445,-0.547354999999999
Sint Maarten (Dutch part),SXM,2013,,38889.7715088035,,,,
Seychelles,SYC,2013,7.7,14050.3135581314,5.2,63.4396072466641,89.2255892255892,0.7331354
Syrian Arab Republic,SYR,2013,26.8,884.329813332104,8.7,,47.3244400024414,-2.46599079999999
Turks and Caicos Islands,TCA,2013,4.0,26477.5410719582,,,,
Chad,TCD,2013,36.7,1008.61711429294,23.8,5.89331097314809,15.5360282192823,-1.18913009999999
East Asia & Pacific (IDA & IBRD countries),TEA,2013,16.247954626839,5931.59468379823,4.59886642301384,,86.6558074951172,
Europe & Central Asia (IDA & IBRD countries),TEC,2013,,7799.56084853446,2.99360600098609,82.8988013890206,97.1514587402344,
Togo,TGO,2013,26.0,709.09186114976,19.6,15.7536504094529,,-0.5059279
Thailand,THA,2013,13.6,5516.61164164135,8.7,,87.5384979248047,-1.3578088
Tajikistan,TJK,2013,24.3,889.882383099979,20.3,52.3020237768025,79.1657104492188,-1.0538059
Turkmenistan,TKM,2013,11.8,5131.16736462999,4.1,86.8389174321863,,0.2343309
Latin America & the Caribbean (IDA & IBRD countries),TLA,2013,12.6098141624682,8457.50619153367,5.32877132896898,74.9345866480685,97.6307601928711,
Timor-Leste,TLS,2013,51.8,1281.92864043187,15.4,,69.9035409795258,-0.5293114
"Middle East, North Africa, Afghanistan & Pakistan (IDA & IBRD)",TMN,2013,30.4131434698662,2801.57595101198,10.5390567413321,62.9545096714623,,
Tonga,TON,2013,6.4,3962.16964095596,,29.4769061953483,98.4293899536133,0.899817
South Asia (IDA & IBRD),TSA,2013,39.8523033124558,1392.20217841536,13.0765786272885,59.9705807877529,68.1774368286133,
Sub-Saharan Africa (IDA & IBRD countries),TSS,2013,35.3917310997918,1612.24237571721,17.6919019134649,24.8047438261228,40.2503395080566,
Trinidad and Tobago,TTO,2013,8.6,19392.1974593783,6.7,69.2767875362099,,0.0741233999999999
Tunisia,TUN,2013,8.8,3947.58763533174,3.1,79.4963915596913,,-0.8919899
Turkiye,TUR,2013,8.6,10269.4489140773,2.5,,101.523071289062,-1.0321782
Tuvalu,TUV,2013,7.6,3030.55285189857,,8.27781106494515,,1.5434936
Tanzania,TZA,2013,36.7,882.8115234375,21.2,17.3326681741849,31.0077818769829,-0.4223495
Uganda,UGA,2013,32.3,828.988669729986,21.3,10.440122154268,,-0.8925868
Ukraine,UKR,2013,17.4,2432.41625976563,2.5,89.0511820060876,98.0469615030478,-0.961241199999999
Upper middle income,UMC,2013,12.75,6893.44299401399,4.06348765678702,76.4989475042391,93.5033798217773,
Uruguay,URY,2013,8.7,16639.4054750651,2.5,,,0.9211706
United States,USA,2013,2.6,54462.6252412407,2.5,96.050805552546,96.3090591430664,0.5795227
Uzbekistan,UZB,2013,12.3,2530.68447898703,2.5,70.1788928674112,91.6004685595298,-0.5624156
St. Vincent and the Grenadines,VCT,2013,,6996.57386151332,4.8,,110.041656494141,0.8211478
"Venezuela, RB",VEN,2013,11.8,4653.3645655649,2.5,,96.2343673706055,-1.3240347
British Virgin Islands,VGB,2013,,,,,98.6381322957199,
Virgin Islands (U.S.),VIR,2013,,34663.6460602129,,98.2845088675983,,0.819158
Viet Nam,VNM,2013,24.6,2320.08431444934,8.4,52.794184640231,,0.1154209
Vanuatu,VUT,2013,27.2,2799.28262661802,7.6,18.4654024209726,,1.4539841
World,WLD,2013,25.76,9786.8793911809,7.8,66.4713029467872,73.3740463256836,
Samoa,WSM,2013,5.2,3976.39289268132,4.2,60.8878299748997,,0.958801
Kosovo,XKX,2013,,3163.47189486431,,,,-0.7879954
"Yemen, Rep.",YEM,2013,47.8,2014.7289059487,,,34.822811126709,-2.41980069999999
South Africa,ZAF,2013,22.2,6170.87670863373,5.6,68.9967114621755,,-0.2582732
Zambia,ZMB,2013,39.6,1280.77012176778,39.1,,,0.3124934
Zimbabwe,ZWE,2013,29.7,1367.81831689463,31.1,27.722735063514,50.8856201171875,-1.0050314
Aruba,ABW,2014,,26773.8226808518,,,,1.2105482
Africa Eastern and Southern,AFE,2014,36.5091962351721,1495.95557383523,21.565451461899,24.6699799185021,39.738208770752,
Afghanistan,AFG,2014,42.5,575.146245808546,19.3,22.5590889812061,,-2.3186705
Africa Western and Central,AFW,2014,32.6679898887003,1857.17116320705,12.4209077117429,26.1317891560102,38.7878112792969,
Angola,AGO,2014,33.5,3746.81619978613,13.2,,,-0.5090269
Albania,ALB,2014,14.6,4045.11934884933,4.6,70.5632573542744,,0.2608816
Andorra,AND,2014,,37300.6419409868,,90.6400040889424,89.3149490356445,1.3308928
Arab World,ARB,2014,22.7420129969421,6238.07256611906,8.70089887104271,,63.9555587768555,
United Arab Emirates,ARE,2014,,44257.6514761082,3.5,98.523036217534,,0.8984847
Argentina,ARG,2014,7.5,13456.1319159151,2.9,,110.363609313965,-0.0132091
Armenia,ARM,2014,12.3,3393.09252326884,2.5,82.8874967183402,86.6189804077148,-0.2358315
American Samoa,ASM,2014,,12203.0894714284,,89.0265675698977,,1.2631079
Antigua and Barbuda,ATG,2014,,15967.284996712,,,115.915657043457,0.93921
Australia,AUS,2014,3.5,56571.8062524437,2.5,,,1.0196126
Austria,AUT,2014,,43838.8345892137,2.5,98.9110306048435,99.4170379638672,1.3377971
Azerbaijan,AZE,2014,14.0,5508.60265612676,2.5,53.8759808908443,,-0.433564
Burundi,BDI,2014,54.5,261.296721752002,,,37.6532236992696,-1.06174299999999
Belgium,BEL,2014,2.7,40533.9135027898,2.5,99.6850059237278,172.866333007812,0.786586
Benin,BEN,2014,33.9,1014.4330062135,9.2,16.1783692307569,43.0372085571289,0.1371161
Burkina Faso,BFA,2014,28.7,624.576885187665,13.4,,27.3772509415436,-0.699829399999999
Bangladesh,BGD,2014,35.6,1159.40753475981,15.6,56.040232268799,,-1.0510112
Bulgaria,BGR,2014,6.8,6941.01853946718,4.2,97.0368223392722,102.488342285156,0.242071
Bahrain,BHR,2014,6.1,24135.4991304849,,98.9154872312981,104.944132738695,-1.0441426
"Bahamas, The",BHS,2014,,30658.5344563722,,,93.3709696193691,0.8227482
Bosnia and Herzegovina,BIH,2014,8.8,4412.67617817734,2.5,88.672846865724,92.1992111206055,-0.0605189
Belarus,BLR,2014,2.0,6212.91667418659,2.5,92.4630578705328,102.551671847254,0.1349975
Belize,BLZ,2014,16.1,6116.49578852783,6.4,,82.7300117898782,0.032488
Bermuda,BMU,2014,,103941.982606956,,,91.6382293701172,0.8176369
Bolivia,BOL,2014,17.8,2900.90241586338,17.2,,89.1304081626405,-0.2978539
Brazil,BRA,2014,6.8,9338.34170840985,2.5,81.2277724120926,105.905128479004,-0.2414052
Barbados,BRB,2014,7.1,20713.7670210437,2.5,,109.352897644043,1.3382083
Brunei Darussalam,BRN,2014,15.8,31148.7297405401,,,98.996940612793,1.2566861
Bhutan,BTN,2014,26.3,2797.81883971908,,43.7053982606253,92.2578125,1.1573285
Botswana,BWA,2014,23.2,6547.12254115892,20.1,69.3003607315322,,1.1504977
Central African Republic,CAF,2014,39.7,351.561554911625,30.9,6.8047619896695,,-2.4862537
Canada,CAN,2014,,43643.2356440047,2.5,97.929818567383,112.173736572266,1.1626133
Central Europe and the Baltics,CEB,2014,3.73065076655804,12076.1572564969,2.78432042307163,,102.559707641602,
Switzerland,CHE,2014,,83394.3712888211,2.5,96.6999983857969,,1.422405
Channel Islands,CHI,2014,,61892.8083445708,,,,
Chile,CHL,2014,1.8,13285.9540361192,3.3,96.9192034984467,100.32071685791,0.7184817
China,CHN,2014,6.6,7686.57792954381,2.5,,,-0.523856099999999
Cote d'Ivoire,CIV,2014,27.2,1742.53693001178,14.6,34.1836861214288,34.3625665088411,-1.0370019
Cameroon,CMR,2014,31.2,1381.81938454907,4.5,,54.1409312621764,-0.9216987
"Congo, Dem. Rep.",COD,2014,42.6,481.830241883776,31.1,11.7506129327268,31.4399604797363,-2.2481931
"Congo, Rep.",COG,2014,21.6,2488.68118548992,29.6,43.5403232188879,,-0.474273699999999
Colombia,COL,2014,12.4,6121.83982019825,5.8,71.857228156969,101.245910644531,-0.995331299999999
Comoros,COM,2014,28.5,1342.32802421364,14.5,,63.5484732484643,-0.0153216999999999
Cabo Verde,CPV,2014,7.5,3383.8422809791,16.3,,104.643058776855,0.6455106
Costa Rica,CRI,2014,7.1,11422.6735793176,2.7,79.8932159964358,117.044647216797,0.6803966
Caribbean small states,CSS,2014,10.3529404034885,14605.7774648313,6.22080328172214,,91.1048202514648,
Cuba,CUB,2014,7.2,7392.48324633027,,,96.875305891987,0.5757986
Curacao,CUW,2014,,19529.5285930905,,,,
Cayman Islands,CYM,2014,,76104.621790038,,,,1.2758384
Cyprus,CYP,2014,,22373.578125,2.5,98.4646684001904,98.3846588134766,0.7031147
Czechia,CZE,2014,2.4,17118.0425571578,2.5,98.1117280972776,106.452461242676,1.1241036
Germany,DEU,2014,1.6,41602.4661281668,2.5,99.893751672633,100.556137084961,1.067265
Djibouti,DJI,2014,26.5,2253.14082249768,14.1,,,-0.3843552
Dominica,DMA,2014,,8576.26367623609,4.4,,89.9837875366211,1.1473784
Denmark,DNK,2014,,52368.3625969272,2.5,98.1590119827748,134.744125366211,1.1307994
Dominican Republic,DOM,2014,7.7,6430.27811051339,8.4,44.3746075148443,84.1616453624047,0.0549569
Algeria,DZA,2014,11.2,4634.10149179952,2.7,75.117657205013,,-1.1769102
East Asia & Pacific (excluding high income),EAP,2014,15.7623822204833,6225.65318734608,4.95835258908247,,86.4382019042969,
Early-demographic dividend,EAR,2014,32.5016346701095,3087.28170907983,10.9446784939031,,71.2105178833008,
East Asia & Pacific,EAS,2014,14.98,9321.66592840668,4.85382740029331,76.4548822679164,88.063102722168,
Europe & Central Asia (excluding high income),ECA,2014,11.3028420980554,6136.90314013434,3.29797312914534,80.0980392119274,98.4281234741211,
Europe & Central Asia,ECS,2014,6.28,22338.7450304311,2.74172107886812,91.0074039369026,104.560272216797,
Ecuador,ECU,2014,22.1,6055.04172761485,8.5,66.7869149451336,104.573356628418,-0.0167487
"Egypt, Arab Rep.",EGY,2014,20.5,3235.66246235257,6.4,73.0251404028068,73.200144841154,-1.5091298
Euro area,EMU,2014,,33841.6103940756,2.55066694798353,,107.928291320801,
Eritrea,ERI,2014,51.5,,,,45.0337791442871,-0.651784799999999
Spain,ESP,2014,,24947.8512505913,2.5,99.5965946448038,126.035743713379,0.4826214
Estonia,EST,2014,1.3,17413.6867560212,2.5,96.6129585009952,107.761253356934,1.024732
Ethiopia,ETH,2014,40.4,556.362532243867,15.2,9.2652522863261,,-1.1765231
European Union,EUU,2014,,30117.8841825355,2.56629796555126,,107.979553222656,
Fragile and conflict affected situations,FCS,2014,35.3811355951098,1697.58810951134,15.4828246572001,,40.790111541748,
Finland,FIN,2014,1.6,42502.4880199858,2.5,99.0555650648406,154.411575317383,1.3181701
Fiji,FJI,2014,6.8,4883.24300436251,7.0,40.8336197279159,89.439954928784,0.3275632
France,FRA,2014,,36444.3949089146,2.5,98.7184468015388,104.223556518555,0.3877863
Faroe Islands,FRO,2014,,52644.7898999399,,,,
"Micronesia, Fed. Sts.",FSM,2014,,2740.01667828088,,,,1.0732124
Gabon,GAB,2014,16.3,6998.60545439576,13.3,,,-0.0865664999999999
United Kingdom,GBR,2014,2.8,44627.8818268644,2.5,99.9131285784121,131.405410766602,0.5436244
Georgia,GEO,2014,8.0,3960.35080091901,6.6,63.6755752816678,103.98407296803,-0.0248029
Ghana,GHA,2014,20.5,1726.36930134647,8.7,29.5523279662211,61.2572744110292,-0.0929878
Gibraltar,GIB,2014,,,,100.0,,
Guinea,GIN,2014,32.5,738.272274481308,13.6,,30.6022090911865,-1.168846
"Gambia, The",GMB,2014,21.1,611.879472952196,11.9,38.3572634081328,,-0.3503537
Guinea-Bissau,GNB,2014,27.8,623.610159103365,30.1,21.8008348391465,,-0.881487399999999
Equatorial Guinea,GNQ,2014,22.9,10363.4872473549,,,,-0.5596512
Greece,GRC,2014,1.8,17903.5252440012,2.5,98.6186033224029,100.458488464355,-0.0700276
Grenada,GRD,2014,,8206.62862112333,,89.9176799999318,107.422493776873,0.5970391
Greenland,GRL,2014,,45545.1429414917,,,,1.7597512
Guatemala,GTM,2014,46.8,3809.61587570091,15.9,49.4863540023,51.2191175132007,-0.730266499999999
Guam,GUM,2014,,34755.2691107298,,98.7466575536287,,0.8176369
Guyana,GUY,2014,13.0,5635.71704117947,5.7,65.3480220188267,,-0.218368099999999
High income,HIC,2014,3.92,35972.696456563,2.62291773287328,95.1107560589317,104.591819763184,
"Hong Kong SAR, China",HKG,2014,,41796.8681867763,2.6,99.5742040578491,103.578616352201,1.025742
Honduras,HND,2014,20.8,2229.24772232218,14.2,60.5445335990096,53.6911043455277,-0.6895701
Heavily indebted poor countries (HIPC),HPC,2014,35.9577550061587,899.664821616374,20.4921863217554,,35.7731018066406,
Croatia,HRV,2014,,11862.7609491821,2.5,86.5901030014101,103.976387023926,0.6331008
Haiti,HTI,2014,22.5,1411.76834802154,37.8,,,-0.9222469
Hungary,HUN,2014,,12287.3779441033,2.5,89.0651218119411,106.39575958252,0.805848
IBRD only,IBD,2014,22.6445016409882,5369.52452689677,6.79140689605828,70.8048795224762,84.5967178344727,
IDA & IBRD total,IBT,2014,27.6968585451909,4347.00390778605,9.14424078272682,62.6373308681341,70.5867614746094,
IDA total,IDA,2014,35.9071327766628,1333.06862092098,16.3890389520192,38.3255154899198,42.069408416748,
IDA blend,IDB,2014,35.8690537479066,1914.26316168169,13.3721295536765,39.000784323666,40.2113990783691,
Indonesia,IDN,2014,32.2,3170.72103011429,7.8,28.031022243733,83.3549900998268,-0.385008199999999
IDA only,IDX,2014,35.9291344924273,1014.81643854082,18.1575686477097,35.3121558169785,42.9096488952637,
Isle of Man,IMN,2014,,84778.5806639347,,97.0030652101286,,
India,IND,2014,39.6,1484.31640682913,12.6,59.5816046729688,74.7539901733398,-0.817516599999999
Not classified,INX,2014,,,,,,
Ireland,IRL,2014,2.4,52044.6201181887,2.5,87.2383031069559,118.297927856445,1.1679817
"Iran, Islamic Rep.",IRN,2014,5.5,5093.20319702187,7.6,93.0335304550058,80.5690994262695,-0.726596199999999
Iraq,IRQ,2014,17.3,4446.97343234862,15.3,56.9465871735704,,-2.2538271
Iceland,ISL,2014,,52102.5757919438,2.5,97.6483633719147,122.319847106934,1.2726864
Israel,ISR,2014,,36129.3146105805,2.5,99.5926946912221,99.0864105224609,-0.592453
Italy,ITA,2014,,30325.0287793923,2.5,96.2734083704574,100.533279418945,0.4893962
Jamaica,JAM,2014,6.3,5307.19165380801,7.5,,89.161127286711,0.0349026
Jordan,JOR,2014,7.7,4282.11872849239,7.6,70.8175817249303,91.9826453827636,-0.609596
Japan,JPN,2014,6.4,34386.9058552671,,98.3201473236613,101.236053466797,1.2105334
Kazakhstan,KAZ,2014,9.7,10226.7100539683,2.5,84.7156001776453,98.8825340771977,0.0295973
Kenya,KEN,2014,26.5,1450.59338202277,19.0,,,-1.26316649999999
Kyrgyz Republic,KGZ,2014,14.4,1088.58214229508,5.9,66.3539256239209,89.5127032733476,-0.7066273
Cambodia,KHM,2014,30.6,1464.53115866927,8.1,24.2535087884141,,-0.2628078
Kiribati,KIR,2014,16.0,1492.8506819325,3.0,12.7004135804741,,1.281381
St. Kitts and Nevis,KNA,2014,,20187.8061975481,,,112.262702941895,0.6712051
"Korea, Rep.",KOR,2014,1.8,29470.6732991655,2.5,98.3957795541934,98.3530578613281,0.5969209
Kuwait,KWT,2014,5.0,31073.1537300624,2.5,100.0,96.9901733398438,0.0855674
Latin America & Caribbean (excluding high income),LAC,2014,12.6918436312357,8370.00694208678,5.40482248802554,73.8420397739503,97.7162780761719,
Lao PDR,LAO,2014,38.3,2006.31195444447,,11.742497203708,55.2351608276367,0.3772453
Lebanon,LBN,2014,10.1,7830.4151113336,5.3,46.7367283650794,62.1051842337746,-1.49478389999999
Liberia,LBR,2014,32.7,707.157694930142,36.6,,31.7852096557617,-0.510413
Libya,LBY,2014,23.1,7644.24843947404,10.2,,,-2.26526939999999
St. Lucia,LCA,2014,2.3,10369.9382566513,,,91.8217620849609,0.7556725
Latin America & Caribbean,LCN,2014,12.38,8610.67003577239,5.24052896006188,74.7307997203692,97.6046905517578,
Least developed countries: UN classification,LDC,2014,37.1104452492635,979.192124616686,18.9242237923971,,40.3128509521484,
Low income,LIC,2014,38.44,775.290079464044,24.6465025146241,26.0406767855116,33.6816101074219,
Liechtenstein,LIE,2014,,,,100.0,103.274223327637,1.6435264
Sri Lanka,LKA,2014,14.6,3929.92062032185,6.1,47.3492388322291,96.1411697667469,-0.553597999999999
Lower middle income,LMC,2014,34.81,1771.90910691003,12.5308530854355,59.4280431435746,62.8911285400391,
Low & middle income,LMY,2014,27.88,4145.78134336883,9.49467629464789,,70.3158111572266,
Lesotho,LSO,2014,36.0,1100.04993684215,,22.2002990885685,66.7313219029994,-0.172191999999999
Late-demographic dividend,LTE,2014,8.73053277504757,8010.29794417952,3.62019060578115,,93.0754318237305,
Lithuania,LTU,2014,1.8,13753.1895982305,2.5,89.3646361500565,105.459228515625,0.936572
Luxembourg,LUX,2014,,105583.937273429,2.5,99.7291892552816,105.43293762207,1.4310289
Latvia,LVA,2014,2.0,12731.6771959342,2.5,94.7823036111497,112.199729919434,0.720197
"Macao SAR, China",MAC,2014,,92383.8434915276,6.7,99.9927729772192,100.927631578947,1.1417297
St. Martin (French part),MAF,2014,,,,96.6756106121942,,
Morocco,MAR,2014,15.1,3051.458984375,3.9,60.6123924939222,,-0.4094598
Monaco,MCO,2014,,165288.200345355,,100.0,,0.9378524
Moldova,MDA,2014,6.2,2737.80185056647,3.8,72.382839803598,105.129838400056,-0.0788413999999999
Madagascar,MDG,2014,46.5,443.343869908205,32.1,16.3053653155261,35.8271514538676,-0.5624437
Maldives,MDV,2014,15.7,9612.07861806739,,,79.8635047566524,0.4805132
"Middle East, North Africa, Afghanistan & Pakistan",MEA,2014,28.28,5086.55092778754,9.78403169402835,64.4766253668384,53.0181198120117,
Mexico,MEX,2014,12.7,9862.48125444199,3.7,41.8982843760022,100.276077270508,-0.959658599999999
Marshall Islands,MHL,2014,36.3,3620.77275283155,,,,1.5750282
Middle income,MIC,2014,25.92,4444.30945842191,8.30415951186864,,75.2885513305664,
North Macedonia,MKD,2014,5.1,5053.75001236367,3.6,80.4602891566784,82.9123382568359,0.2261526
Mali,MLI,2014,27.8,813.975661285204,5.0,,35.12660954853,-1.59000419999999
Malta,MLT,2014,4.6,23866.0667851301,2.5,99.9372033577367,98.7345886230469,1.0486158
Myanmar,MMR,2014,29.9,1099.24387751605,5.5,49.7571140487274,58.9736404418945,-1.1507422
"Middle East, North Africa, Afghanistan & Pakistan (excluding high income)",MNA,2014,29.457779741337,2819.68602311378,10.3818926642901,63.2805250553789,,
Montenegro,MNE,2014,8.4,6272.09116381077,2.5,84.866016651392,,0.3043294
Mongolia,MNG,2014,10.6,3830.35892049593,10.6,32.9981563212651,,0.887271
Northern Mariana Islands,MNP,2014,,16869.5270385638,,81.0362537891496,,
Mozambique,MOZ,2014,41.9,585.266716133984,32.6,17.652166122593,32.2183418273926,-0.6196453
Mauritania,MRT,2014,24.4,1520.64621634902,6.3,,28.0396485304939,-0.7612141
Mauritius,MUS,2014,8.1,9300.07878638583,6.8,,97.9171913191615,0.8096197
Malawi,MWI,2014,40.5,539.562601918057,15.5,13.0269460794323,37.2084539407515,-0.0287147
Malaysia,MYS,2014,19.0,9341.73055971278,3.8,93.7741172154169,88.8742599487305,0.0879800999999999
North America,NAC,2014,2.72,54229.3963287835,2.5,96.1698109887409,98.7799606323242,
Namibia,NAM,2014,22.2,4701.95694189098,22.5,,79.8738123230912,0.6369054
New Caledonia,NCL,2014,,,7.9,95.1346708481986,,
Niger,NER,2014,44.7,482.74524741946,13.7,,15.0409626668381,-0.9806619
Nigeria,NGA,2014,36.2,2583.6155695814,11.1,24.3574947102823,40.3631896972656,-2.18554969999999
Nicaragua,NIC,2014,,2006.64869646533,17.7,,,-0.1441664
Netherlands,NLD,2014,1.5,45042.0669545832,2.5,99.9752740874202,,1.0691945
Norway,NOR,2014,,74180.3238731011,2.5,99.342271774705,111.358840942383,1.1999067
Nepal,NPL,2014,37.0,846.665541773599,8.2,26.9495541768107,69.3774108886719,-0.8435975
Nauru,NRU,2014,19.7,7638.99065218892,,18.6568705764119,84.7058792114258,1.4041403
New Zealand,NZL,2014,,38056.2646732554,2.5,93.2200019221513,119.416603088379,1.4958227
OECD members,OED,2014,5.67731420527463,35120.4008452828,2.77587023768826,,105.319473266602,
Oman,OMN,2014,11.4,18726.2026946971,6.8,88.0987179993942,,0.5698008
Other small states,OSS,2014,23.9029343315522,10136.6802416118,9.10891632338803,,69.3246002197266,
Pakistan,PAK,2014,42.6,1343.30778121043,14.2,44.1276903720851,28.5600893522118,-2.46216149999999
Panama,PAN,2014,19.0,13611.5490656071,7.1,,79.2297592163086,0.2814967
Peru,PER,2014,15.8,6103.91864749969,5.3,49.6412563318218,97.2061767578125,-0.4040664
Philippines,PHL,2014,31.3,2776.92005909479,12.9,46.2593041926377,85.4555672434059,-0.805762
Palau,PLW,2014,,15015.0026129107,,80.5960679192687,112.464589235128,1.5750282
Papua New Guinea,PNG,2014,47.9,2391.3578028163,27.6,,,-0.669148299999999
Poland,POL,2014,1.6,12093.1622787394,2.5,92.0510987542381,107.965179443359,1.0543362
Pre-demographic dividend,PRE,2014,34.9958197797932,1522.21824259319,18.5523703975791,,35.9321403503418,
Puerto Rico (US),PRI,2014,,29141.2038639816,,92.8958143011051,92.2278671264648,0.6356965
"Korea, Dem. People's Rep.",PRK,2014,23.4,,44.5,67.1348051825258,,-1.00560579999999
Portugal,PRT,2014,3.6,18836.8967978906,2.5,94.5497390805673,114.940048217773,0.9403714
Paraguay,PRY,2014,7.7,5794.47644689985,2.5,59.9057582359398,,0.0107526
West Bank and Gaza,PSE,2014,9.5,3227.84934482645,,80.0848507798057,89.2406335817968,-1.67333699999999
Pacific island small states,PSS,2014,18.2748813679365,3626.36793557544,10.0925568315375,,74.1507873535156,
Post-demographic dividend,PST,2014,3.91320208743858,40062.2985082838,2.51618619247293,,105.992668151855,
French Polynesia,PYF,2014,,18928.1858620128,5.0,90.448717948718,,
Qatar,QAT,2014,6.3,71756.0265797248,,96.6966042198523,97.8229904174805,1.1056965
Romania,ROU,2014,8.3,8661.47397274241,2.5,81.9056219409423,92.9854202270508,0.2061238
Russian Federation,RUS,2014,,9493.8125,2.5,75.6831424044109,94.7123193518247,-0.6996599
Rwanda,RWA,2014,38.4,690.610394944356,37.1,,43.2179310615644,-0.1267104
South Asia,SAS,2014,38.83,1475.2167650201,12.7429383238736,61.5347356742574,73.1499404907227,
Saudi Arabia,SAU,2014,12.4,23404.7306039825,2.7,,98.8259666809098,-0.308626499999999
Sudan,SDN,2014,35.6,1307.3896484375,8.4,,40.006519317627,-2.2236606
Senegal,SEN,2014,18.2,1180.7987108505,11.1,24.1296059215729,50.5133794878854,-0.0890915999999999
Singapore,SGP,2014,3.1,54681.9336458253,,100.0,,1.0665318
Solomon Islands,SLB,2014,31.2,2085.16067273086,19.0,,,0.5553271
Sierra Leone,SLE,2014,31.5,1032.23789355905,23.2,8.17456211803624,,-0.1346918
El Salvador,SLV,2014,13.9,3713.94992016222,9.4,,72.7385537934052,-0.1004167
San Marino,SMR,2014,,42492.8509160139,,99.9999972428986,,1.5750282
"Somalia, Fed. Rep.",SOM,2014,28.3,417.516796906395,61.4,,,-2.4369844
Serbia,SRB,2014,5.7,5716.54047153506,2.5,74.7506247296983,95.795036315918,0.1732464
Sub-Saharan Africa (excluding high income),SSA,2014,34.3117563648629,1764.52518975731,18.0363291948576,26.9483090264934,39.3362312316895,
South Sudan,SSD,2014,30.6,1197.09491969479,,,,-2.5030889
Sub-Saharan Africa,SSF,2014,34.87,1643.26781016129,17.7392260277329,25.56843630039,39.3387718200684,
Small states,SST,2014,20.2525814633279,10324.6794019847,8.59718818275654,,73.2717437744141,
Sao Tome and Principe,STP,2014,16.7,1301.32146445028,18.1,32.7267326295219,77.0031433105469,0.4791965
Suriname,SUR,2014,8.2,9224.24378410547,8.0,54.4628425618764,76.9391174316406,0.2245948
Slovak Republic,SVK,2014,,15647.6491763517,5.7,98.9934533589813,93.4395599365234,1.1421663
Slovenia,SVN,2014,,20228.7081986391,2.5,94.6363060351086,110.249092102051,1.054531
Sweden,SWE,2014,,49557.6183647959,2.5,99.6103261265067,142.575439453125,1.0182733
Eswatini,SWZ,2014,26.0,3381.79292071291,16.2,34.4446049566522,73.5833206176758,-0.3976089
Sint Maarten (Dutch part),SXM,2014,,38623.1999405819,,,106.940063091483,
Seychelles,SYC,2014,7.5,14395.6158118771,4.9,63.5543912813361,90.5354919053549,0.4579186
Syrian Arab Republic,SYR,2014,27.1,847.659877206276,9.7,,,-2.34971829999999
Turks and Caicos Islands,TCA,2014,3.8,27636.8210228067,,,70.3932189941406,
Chad,TCD,2014,36.1,993.321157708395,25.2,5.92508768112979,14.2828502655029,-1.3290695
East Asia & Pacific (IDA & IBRD countries),TEA,2014,15.6788152329544,6296.46330191384,4.45715333666804,,86.3143920898438,
Europe & Central Asia (IDA & IBRD countries),TEC,2014,10.265355137061,7935.99050423519,2.94592264519406,83.1843099627656,97.9911727905273,
Togo,TGO,2014,25.7,730.291049611232,20.0,16.2325567508779,,-0.3001357
Thailand,THA,2014,13.3,5541.46599361845,8.2,,126.830101013184,-1.1368246
Tajikistan,TJK,2014,22.9,925.970961482804,18.5,53.8248694633002,,-0.6152413
Turkmenistan,TKM,2014,11.1,5533.03528846527,3.6,88.4618812272337,,0.0147681
Latin America & the Caribbean (IDA & IBRD countries),TLA,2014,12.4139264580231,8473.88677256195,5.24052896006188,75.4092917145515,97.6352081298828,
Timor-Leste,TLS,2014,50.9,1312.96494988639,14.8,,72.1954898017811,-0.3601212
"Middle East, North Africa, Afghanistan & Pakistan (IDA & IBRD)",TMN,2014,29.6152011753777,2816.94028870906,10.3818926642901,63.1609134508754,,
Tonga,TON,2014,5.7,4058.815614369,,29.4790633950499,102.685864599197,0.93921
South Asia (IDA & IBRD),TSA,2014,38.8156189814622,1475.2167650201,12.7429383238736,61.5347356742574,73.1499404907227,
Sub-Saharan Africa (IDA & IBRD countries),TSS,2014,34.8843800422188,1643.26781016129,17.7392260277329,25.56843630039,39.3387718200684,
Trinidad and Tobago,TTO,2014,8.6,20032.5402001718,6.7,69.2755708039339,,0.1740197
Tunisia,TUN,2014,8.7,4021.59954703591,2.9,78.4387815336686,,-0.6013407
Turkiye,TUR,2014,8.1,10597.9801881716,2.5,,105.464340209961,-0.7998074
Tuvalu,TUV,2014,7.3,3035.24325598472,,8.32594065435149,86.5306091308594,1.549386
Tanzania,TZA,2014,35.8,913.811218261719,21.1,19.6031058852784,29.0062999725342,-0.5068917
Uganda,UGA,2014,31.1,845.978664791099,23.8,11.1834474802514,,-0.9764218
Ukraine,UKR,2014,16.7,2308.6435546875,2.5,88.6131133324757,97.3614608821971,-1.99283679999999
Upper middle income,UMC,2014,12.29,7174.24712646659,3.98343371657438,76.9331818938215,93.6200866699219,
Uruguay,URY,2014,8.4,17122.0364563225,2.5,,,1.1017263
United States,USA,2014,2.7,55394.4510435329,2.5,96.2132629086569,97.5130462646484,0.6681229
Uzbekistan,UZB,2014,11.5,2659.99075095273,2.5,71.2516260080062,91.3187707069968,-0.2604881
St. Vincent and the Grenadines,VCT,2014,,7116.22071347207,4.6,,113.528747558594,0.7556725
"Venezuela, RB",VEN,2014,11.5,4421.60786723331,3.9,,94.9835891723633,-1.1741498
British Virgin Islands,VGB,2014,,,,,99.0403071017274,
Virgin Islands (U.S.),VIR,2014,,34098.7109972738,,98.3281727419839,,1.2267455
Viet Nam,VNM,2014,24.3,2439.28655744423,8.3,53.3365325126258,,-0.0126942
Vanuatu,VUT,2014,27.6,2807.83422956759,7.4,18.5251407994356,,1.1753946
World,WLD,2014,25.17,9972.48234099611,7.7,67.0612035289485,74.414909362793,
Samoa,WSM,2014,5.4,3967.23730470679,4.4,61.0764077642479,91.6336007221516,1.0732124
Kosovo,XKX,2014,,3279.02499043758,,,,-0.301981899999999
"Yemen, Rep.",YEM,2014,47.3,1950.1625450589,,,,-2.52247629999999
South Africa,ZAF,2014,22.2,6155.00589462516,6.4,69.1612184461082,106.209579467773,-0.2307109
Zambia,ZMB,2014,38.6,1299.01241762504,37.3,,,-0.0580544
Zimbabwe,ZWE,2014,28.5,1381.25404125871,33.4,27.478417703354,,-0.976551899999999
Aruba,ABW,2015,,27458.2201537506,,,,1.209329
Africa Eastern and Southern,AFE,2015,36.0001760605827,1498.8752400759,22.4137570934751,25.3847010445391,39.6892509460449,
Afghanistan,AFG,2015,42.2,565.569730408751,19.9,23.391308180882,,-2.48125299999999
Africa Western and Central,AFW,2015,32.1874186085191,1860.72768628324,12.148140967411,26.5735283083885,40.3699607849121,
Angola,AGO,2015,34.8,3641.72893919944,14.2,,,-0.5591026
Albania,ALB,2015,13.7,4199.53912925398,4.5,70.5919729029531,,0.1252711
Andorra,AND,2015,,38654.95287916,,90.6400009293963,90.8539199829102,1.3290711
Arab World,ARB,2015,22.1367592007137,6290.55879501691,8.86615607238631,,64.5253677368164,
United Arab Emirates,ARE,2015,,44910.334995523,3.6,98.5491640499512,,0.8382509
Argentina,ARG,2015,7.6,13679.6264980954,2.9,,111.491546630859,-0.0308863
Armenia,ARM,2015,11.4,3512.39350276709,2.5,82.8226401766753,86.1423797607422,-0.139264399999999
American Samoa,ASM,2015,,12727.4102651386,,89.2397056805067,,1.2607488
Antigua and Barbuda,ATG,2015,,16077.6340769406,,,119.018043518066,0.9161633
Australia,AUS,2015,3.5,56970.3613028094,2.5,,147.584396362305,0.8032474
Austria,AUT,2015,,43915.228020857,2.5,98.9094260145633,99.7147521972656,1.1389655
Azerbaijan,AZE,2015,12.9,5500.50364628486,2.5,54.2633986935659,,-0.4941808
Burundi,BDI,2015,54.2,254.402585226788,,,42.5848131340896,-2.03645089999999
Belgium,BEL,2015,2.7,40893.804537772,2.5,99.6712131462434,174.837173461914,0.6581707
Benin,BEN,2015,33.8,1002.41886879614,9.1,16.3265464367095,46.0378799438477,0.117506
Burkina Faso,BFA,2015,27.1,630.124750752312,13.6,,31.3499100869596,-0.6795154
Bangladesh,BGD,2015,34.2,1224.38647668165,15.2,56.4360346070219,62.5832710266113,-1.331635
Bulgaria,BGR,2015,6.7,7268.65445473873,4.1,96.9512288264069,101.624610900879,0.1823906
Bahrain,BHR,2015,5.9,23734.0551143019,,98.9135686199451,100.792652804599,-0.9584379
"Bahamas, The",BHS,2015,,30719.405417469,,,77.0907578997387,0.7437356
Bosnia and Herzegovina,BIH,2015,8.7,4662.25869219448,2.5,88.7433093712061,87.665657043457,-0.2551002
Belarus,BLR,2015,1.9,5967.05595058777,2.5,92.5380888055014,102.211121335612,0.1165415
Belize,BLZ,2015,15.4,6154.62264230369,6.5,,82.8789389276581,0.0315234
Bermuda,BMU,2015,,104855.366822135,,,92.7939910888672,0.8160725
Bolivia,BOL,2015,16.8,2996.01289811344,16.1,,89.9740673277194,-0.175327899999999
Brazil,BRA,2015,6.9,8936.1955889444,2.5,81.9877409568831,103.670433044434,-0.4959054
Barbados,BRB,2015,7.0,20424.2087530019,2.5,,109.521759033203,1.1290517
Brunei Darussalam,BRN,2015,15.0,30625.1287744656,,,95.8460998535156,1.2031979
Bhutan,BTN,2015,24.9,2954.04081911097,,47.1015350934665,92.4895401000977,0.9981818
Botswana,BWA,2015,22.9,6141.20394726616,20.3,68.7216153031372,,1.1318799
Central African Republic,CAF,2015,39.7,366.322853938121,28.6,6.6975311719299,,-1.8904664
Canada,CAN,2015,,43594.1941045394,2.5,97.8147000459502,112.104141235352,1.1827978
Central Europe and the Baltics,CEB,2015,3.630556796649,12596.8862547468,2.7770714355129,,101.608428955078,
Switzerland,CHE,2015,,83806.4476003837,2.5,96.700000957567,102.201698303223,1.2751929
Channel Islands,CHI,2015,,61847.8212238857,,,,
Chile,CHL,2015,1.8,13433.9202987032,3.3,96.9898438113558,101.253883361816,0.6780588
China,CHN,2015,6.3,8175.33285077393,2.5,,,-0.5462433
Cote d'Ivoire,CIV,2015,26.5,1814.71855088017,13.5,35.3400557938247,37.982068610823,-0.7838544
Cameroon,CMR,2015,30.7,1415.00009710569,4.8,,55.5473133749889,-1.0831153
"Congo, Dem. Rep.",COD,2015,42.5,495.826633014883,31.7,11.6749054930842,32.7438697814941,-2.01074219999999
"Congo, Rep.",COG,2015,20.9,2439.35189403696,29.4,44.0745229382792,,-0.7582165
Colombia,COL,2015,12.3,6248.51490534512,5.0,72.1271721906119,101.232261657715,-0.9555119
Comoros,COM,2015,27.0,1329.37048235986,14.0,,,-0.0966781999999999
Cabo Verde,CPV,2015,7.2,3415.06266730931,16.6,,105.428949752596,0.8435225
Costa Rica,CRI,2015,7.4,11714.7105980732,2.5,80.0438509218204,117.688652038574,0.7458992
Caribbean small states,CSS,2015,10.0395885563112,14497.5393236017,6.17469815300357,,89.8365783691406,
Cuba,CUB,2015,7.2,7727.91997207998,,,97.5443944674153,0.5847166
Curacao,CUW,2015,,19361.8129630226,,,,
Cayman Islands,CYM,2015,,76379.2098777987,,,,1.2746191
Cyprus,CYP,2015,,23088.44140625,2.5,98.6593729158753,99.2361526489258,0.6831374
Czechia,CZE,2015,2.4,17931.5987670768,2.5,98.1442329323917,105.372566223145,1.100576
Germany,DEU,2015,1.7,41929.7549110722,2.5,99.896777531568,99.435302734375,0.8311441
Djibouti,DJI,2015,25.9,2376.12554719873,13.1,,,-0.493180099999999
Dominica,DMA,2015,,8282.59874702141,4.6,,92.5211486816406,1.1120789
Denmark,DNK,2015,,53094.0133607574,2.5,98.482205812779,136.163803100586,1.0198991
Dominican Republic,DOM,2015,7.5,6800.95309395474,7.4,44.4956592094362,83.8323050910617,0.1170524
Algeria,DZA,2015,10.8,4685.05902729002,2.6,75.4096148173154,,-1.049624
East Asia & Pacific (excluding high income),EAP,2015,15.2338967216999,6589.77076427462,4.7488218463717,,86.6689224243164,
Early-demographic dividend,EAR,2015,31.6223371316214,3174.36962020929,10.5344118698112,,71.9440231323242,
East Asia & Pacific,EAS,2015,14.5,9691.70576095155,4.65458058070434,65.1389750479152,88.283332824707,
Europe & Central Asia (excluding high income),ECA,2015,10.6393401669058,6291.45594655745,3.21104880228236,80.2822779256725,98.3324584960938,
Europe & Central Asia,ECS,2015,6.04,22702.8228380066,2.71870958830235,91.1611974987203,104.293327331543,
Ecuador,ECU,2015,21.5,5976.1596805651,8.8,67.1395948583111,102.632553100586,-0.1822625
"Egypt, Arab Rep.",EGY,2015,19.2,3306.98159414141,6.5,73.6135834054601,,-1.5178167
Euro area,EMU,2015,,34471.1747135027,2.55057444729622,,107.714622497559,
Eritrea,ERI,2015,51.5,,,,41.9455795288086,-0.7893504
Spain,ESP,2015,,25982.4416197775,2.5,99.5993507355325,125.209602355957,0.4353383
Estonia,EST,2015,1.3,17722.1557669523,2.5,96.9967757831111,108.522552490234,0.8918499
Ethiopia,ETH,2015,39.6,597.912113218663,13.6,9.6885727559841,33.3210265952712,-1.26354339999999
European Union,EUU,2015,,30771.6568591261,2.56428877694116,,107.710403442383,
Fragile and conflict affected situations,FCS,2015,34.9910399261473,1663.16200127279,15.852848757979,,41.4105987548828,
Finland,FIN,2015,1.6,42560.3456767103,2.5,99.3898472833595,157.990310668945,1.1347824
Fiji,FJI,2015,6.7,5097.53106864695,7.2,40.9639924448811,89.4052671769281,0.3263655
France,FRA,2015,,36702.4323733379,2.5,98.8481955920205,103.941093444824,0.1735665
Faroe Islands,FRO,2015,,52637.1903526574,,,,
"Micronesia, Fed. Sts.",FSM,2015,,2853.07643587028,,,,1.071904
Gabon,GAB,2015,16.0,7047.12654634355,14.1,,,-0.1148078
United Kingdom,GBR,2015,2.9,45255.3449216209,2.5,99.9041100356484,128.079116821289,0.537112
Georgia,GEO,2015,7.4,4086.6223465965,6.5,64.7277869833089,104.703674077125,-0.090598
Ghana,GHA,2015,19.8,1722.77282833606,9.4,30.8253097195667,64.5307806759859,-0.0228697
Gibraltar,GIB,2015,,,,100.0,,
Guinea,GIN,2015,31.9,747.356966759448,13.6,,,-0.7463171
"Gambia, The",GMB,2015,20.3,619.536364296461,12.6,39.5215844881929,,-0.210501599999999
Guinea-Bissau,GNB,2015,27.8,645.066837207039,28.0,22.0824071514525,,-0.5875693
Equatorial Guinea,GNQ,2015,22.1,9068.91003238645,,,,-0.5106021
Greece,GRC,2015,1.8,17980.7298238137,2.5,98.4358839950016,99.8590774536133,-0.1201405
Grenada,GRD,2015,,8694.12438005692,,89.9176799999318,105.264378478664,0.5941324
Greenland,GRL,2015,,44536.3549705377,,,,1.7576068
Guatemala,GTM,2015,46.7,3893.50533299068,15.4,49.433462841773,52.866427490626,-0.690917999999999
Guam,GUM,2015,,35165.7014644795,,98.6884801168887,,0.8160725
Guyana,GUY,2015,12.2,5640.41560569466,4.4,65.5662949413418,,-0.150202
High income,HIC,2015,3.9,36586.4346902662,2.61801990065072,95.1967860883533,104.697738647461,
"Hong Kong SAR, China",HKG,2015,,42432.1619740441,2.5,99.6606829052392,105.413190529876,0.8753195
Honduras,HND,2015,20.5,2271.20265980349,14.2,61.9111432090562,55.1216519478842,-0.6604916
Heavily indebted poor countries (HIPC),HPC,2015,35.3715668189928,917.296109229181,20.9308407697162,,36.3251991271973,
Croatia,HRV,2015,,12283.7840620053,2.5,86.6421632350238,104.907768249512,0.611397
Haiti,HTI,2015,22.3,1411.12684746796,37.9,,,-0.925938199999999
Hungary,HUN,2015,,12782.9412577973,2.5,90.417634731759,104.925148010254,0.843542
IBRD only,IBD,2015,21.9831135140224,5546.04775275527,6.62149292687062,71.7323495142211,84.4134674072266,
IDA & IBRD total,IBT,2015,27.0778601973809,4474.43525326247,9.04095636126962,63.3361647784193,70.6143493652344,
IDA total,IDA,2015,35.2531945081406,1350.30758062231,16.4082883988784,38.6127355064783,43.1467514038086,
IDA blend,IDB,2015,35.1860031170209,1947.85246838642,13.0226405218959,39.1731172196577,41.6168518066406,
Indonesia,IDN,2015,31.0,3288.22269725538,7.1,28.3272011924668,88.012649448813,-0.5390218
IDA only,IDX,2015,35.2918643797276,1023.43894668408,18.3904050135442,35.9244919554335,43.8637504577637,
Isle of Man,IMN,2015,,84753.5187422732,,97.3394568379347,,
India,IND,2015,38.7,1583.99815907985,12.1,61.2343987010564,74.3924407958984,-0.7619187
Not classified,INX,2015,,,,,,
Ireland,IRL,2015,2.3,64250.1385181257,2.5,88.3219797181514,118.652038574219,0.951695
"Iran, Islamic Rep.",IRN,2015,5.4,4952.73355532178,7.4,93.1871450951894,80.8046798706055,-0.7896962
Iraq,IRQ,2015,16.3,4440.14189252367,15.7,57.4300481493403,,-2.2449091
Iceland,ISL,2015,,53505.6964079339,2.5,98.1835633167054,120.264518737793,1.2622879
Israel,ISR,2015,,36213.1041481958,2.5,99.5796709386405,98.7219314575195,-0.6113908
Italy,ITA,2015,,30639.8829751432,2.5,96.3219111162616,100.56990814209,0.394629
Jamaica,JAM,2015,6.4,5339.30718256806,8.0,,87.8180659010758,0.0607252
Jordan,JOR,2015,7.8,4042.75678097555,7.4,72.6112808414425,,-0.6404285
Japan,JPN,2015,6.2,34960.6393843385,,98.3653263493196,101.829078674316,1.2226375
Kazakhstan,KAZ,2015,8.9,10196.1226255982,2.5,86.4625773996487,99.2999761450382,0.0342151
Kenya,KEN,2015,25.4,1489.11959777284,20.8,,70.187444140127,-1.2308131
Kyrgyz Republic,KGZ,2015,13.7,1105.65193844261,6.1,68.4612016111649,89.3803392348644,-0.7293545
Cambodia,KHM,2015,29.1,1547.32010444393,7.5,24.8211701889101,,-0.1585169
Kiribati,KIR,2015,15.8,1639.85274740652,3.0,12.9761873399856,,0.9559309
St. Kitts and Nevis,KNA,2015,,20328.8003530109,,,115.620048522949,0.663933
"Korea, Rep.",KOR,2015,1.8,30171.7906545222,2.5,98.5241495202176,98.3732299804688,0.667684
Kuwait,KWT,2015,5.0,29882.2126495698,2.5,100.0,99.7793273925781,-0.1466244
Latin America & Caribbean (excluding high income),LAC,2015,12.5848170623231,8308.73911709951,5.31660577619269,74.3285563455108,97.8051376342773,
Lao PDR,LAO,2015,37.3,2121.01339097363,,12.0428221416587,59.772232688381,0.4046383
Lebanon,LBN,2015,9.9,7714.1099998804,5.6,46.9726830190476,60.3778897955521,-1.3952938
Liberia,LBR,2015,32.2,692.590082351257,35.7,,31.3665904998779,-0.5851773
Libya,LBY,2015,21.8,7458.48917756374,10.7,,,-2.2100778
St. Lucia,LCA,2015,2.4,10334.9860823918,,,91.9546737670898,0.7434287
Latin America & Caribbean,LCN,2015,12.28,8547.23733917891,5.53387601928329,75.1997125597017,97.6465072631836,
Least developed countries: UN classification,LDC,2015,36.5081025826443,982.894810600519,19.1898927891192,,41.3441314697266,
Low income,LIC,2015,37.95,740.889503942237,26.0366161302008,26.4397685805674,34.0883712768555,
Liechtenstein,LIE,2015,,167187.15730982,,100.0,101.72176361084,1.5056039
Sri Lanka,LKA,2015,14.0,4057.7158346231,4.5,47.5571738423438,97.2124296159383,-0.0885947
Lower middle income,LMC,2015,33.93,1848.28029294397,12.0751157982331,60.6030422145429,63.3554496765137,
Low & middle income,LMY,2015,27.24,4284.85686298442,9.37258201973126,,70.3628463745117,
Lesotho,LSO,2015,35.3,1121.19851342518,,23.0645991689769,67.8270774378415,-0.208938699999999
Late-demographic dividend,LTE,2015,8.47234717558645,8331.63270803563,3.56744765050803,,92.0840072631836,
Lithuania,LTU,2015,1.8,14269.8039878287,2.5,91.1255965365764,104.869941711426,0.9444776
Luxembourg,LUX,2015,,105462.012584423,2.5,99.7017872281283,106.386573791504,1.4125194
Latvia,LVA,2015,2.0,13321.9753140616,2.5,95.0477150987941,111.17414855957,0.7167386
"Macao SAR, China",MAC,2015,,69902.9605741233,6.2,99.9943964388583,101.774647887324,1.1400764
St. Martin (French part),MAF,2015,,,,96.6700407068601,,
Morocco,MAR,2015,14.9,3146.24780273438,3.7,62.6595549218595,,-0.4546654
Monaco,MCO,2015,,170437.101188261,,100.0,,1.2059066
Moldova,MDA,2015,6.0,2749.55137054338,3.3,72.6987229878019,105.821275331092,-0.1714471
Madagascar,MDG,2015,45.6,445.320069480568,33.3,16.8525364579628,36.2567596435547,-0.526357699999999
Maldives,MDV,2015,15.5,9644.90655028145,,,80.7421762848119,0.0821002
"Middle East, North Africa, Afghanistan & Pakistan",MEA,2015,27.54,5125.68064083245,9.55010818101172,64.7101071513081,53.8907585144043,
Mexico,MEX,2015,12.7,10021.2386118827,3.7,42.0220908699648,104.495323181152,-0.892263399999999
Marshall Islands,MHL,2015,35.5,3764.34426229508,,,87.4442319949012,1.1425008
Middle income,MIC,2015,25.22,4602.51682691609,8.04557626384249,,75.4128112792969,
North Macedonia,MKD,2015,4.9,5262.68671928674,3.5,80.4943383528917,84.5505599975586,-0.2204312
Mali,MLI,2015,27.2,838.11986940103,4.9,,34.4988647258526,-1.5535933
Malta,MLT,2015,4.2,25529.6813337717,2.5,99.9261592845881,98.229377746582,0.9507103
Myanmar,MMR,2015,29.2,1166.73305547935,4.5,51.2731194542302,,-1.123947
"Middle East, North Africa, Afghanistan & Pakistan (excluding high income)",MNA,2015,28.6938845054435,2802.63134980954,10.1500138323535,63.5096606282176,,
Montenegro,MNE,2015,8.3,6421.00307345999,2.5,84.9843200456703,92.0022735595703,0.2272366
Mongolia,MNG,2015,10.0,3838.92126989984,8.9,33.9656650037175,,0.7608377
Northern Mariana Islands,MNP,2015,,17665.1007493109,,81.1186358868811,,
Mozambique,MOZ,2015,41.4,610.563774706589,39.9,18.5147009227224,32.985279083252,-0.6842917
Mauritania,MRT,2015,24.0,1554.94897871782,6.5,,28.8231465861958,-0.776510199999999
Mauritius,MUS,2015,8.0,9630.5437837507,7.1,,95.9186994275233,1.0248107
Malawi,MWI,2015,39.2,539.605363240686,16.3,13.5558082510564,37.6379016435624,-0.0522558
Malaysia,MYS,2015,19.5,9648.6797937523,3.7,93.8796547733253,87.3510665893555,0.0447869
North America,NAC,2015,2.81,55285.5686917861,2.5,96.3167444218406,99.368782043457,
Namibia,NAM,2015,21.3,4774.10650865775,21.7,,81.7415343444417,0.7175058
New Caledonia,NCL,2015,,30858.7237060533,7.8,95.5027748830163,,
Niger,NER,2015,44.7,485.662574175279,12.7,,16.6576291122559,-0.7994889
Nigeria,NGA,2015,35.8,2585.73360671797,10.7,24.9381317387031,41.8675918579102,-1.66777129999999
Nicaragua,NIC,2015,,2074.45620634731,17.2,,,-0.176230399999999
Netherlands,NLD,2015,1.5,45793.8135434697,2.5,99.9736931671475,114.759147644043,0.9118761
Norway,NOR,2015,,74809.9658049898,2.5,99.3142887046918,113.49649810791,1.1710873
Nepal,NPL,2015,35.7,875.543635474862,7.1,25.4676486548312,70.6879119873047,-1.0154123
Nauru,NRU,2015,19.4,7747.25584993607,,18.6574997298792,,1.0147322
New Zealand,NZL,2015,,38665.3723018158,2.5,94.2007153623472,118.08772277832,1.4661127
OECD members,OED,2015,5.63862246166952,35779.9123271942,2.74449773292738,,105.935737609863,
Oman,OMN,2015,11.6,18808.3077921839,7.2,88.5753591116236,101.587336228658,0.6155394
Other small states,OSS,2015,23.2293829485174,10359.1182462574,9.053351576276,,70.2543182373047,
Pakistan,PAK,2015,41.8,1380.47020838317,13.3,44.2344738807301,30.3251040463428,-2.4299435
Panama,PAN,2015,18.4,14082.6548434996,7.0,,79.0192337036133,0.4833108
Peru,PER,2015,14.9,6231.71150338894,5.7,49.9188248807685,98.0674209594727,-0.321351999999999
Philippines,PHL,2015,30.8,2909.85818010301,11.4,46.4674711942453,85.5248692113886,-0.926818599999999
Palau,PLW,2015,,16154.0532152373,,81.8084950324949,,0.9559309
Papua New Guinea,PNG,2015,47.8,2484.5963398603,27.8,,,-0.693792299999999
Poland,POL,2015,1.5,12637.5220324406,2.5,91.9069701338962,107.555976867676,1.0637346
Pre-demographic dividend,PRE,2015,34.5257148147673,1524.98608713796,19.2029408412655,,36.8539009094238,
Puerto Rico (US),PRI,2015,,29242.041465085,,95.7325044803439,99.7742919921875,0.642722
"Korea, Dem. People's Rep.",PRK,2015,22.4,,45.2,66.9601917858627,94.8986968994141,-1.0064947
Portugal,PRT,2015,3.6,19215.7813014347,2.5,94.6262957112792,116.3916015625,1.0004341
Paraguay,PRY,2015,6.9,5879.33792308762,2.5,60.5503943920399,,0.0826536
West Bank and Gaza,PSE,2015,9.0,3272.15432360708,,80.3581953913737,89.9287548247777,-1.7310474
Pacific island small states,PSS,2015,18.3205467206803,3722.7745565917,10.1828083004036,,74.3910293579102,
Post-demographic dividend,PST,2015,3.90653440679828,40775.9479386213,2.51420925175711,,105.723571777344,
French Polynesia,PYF,2015,,19166.9594761931,5.4,90.448717948718,,
Qatar,QAT,2015,6.3,68985.2433380102,,96.5471804846446,102.855682373047,0.9673463
Romania,ROU,2015,8.1,8977.01748158196,2.5,81.9019377187617,91.041862487793,0.3468551
Russian Federation,RUS,2015,,9277.7138671875,2.5,75.7238565068519,95.5388063257807,-0.7905888
Rwanda,RWA,2015,37.0,733.998629882494,35.8,,40.5258619158058,0.0986635999999999
South Asia,SAS,2015,37.8,1570.54142462917,12.2273255719391,63.108644558754,73.1828765869141,
Saudi Arabia,SAU,2015,12.3,23256.1549553531,2.5,,103.193475670071,-0.4683535
Sudan,SDN,2015,35.5,1292.37963867188,8.9,,42.1506309509277,-2.0365601
Senegal,SEN,2015,18.2,1218.00613555438,10.0,24.4313032650877,,-0.0746024
Singapore,SGP,2015,3.0,55645.6068614606,,100.0,,1.1123429
Solomon Islands,SLB,2015,30.9,2045.47721526649,18.7,,,0.6020153
Sierra Leone,SLE,2015,30.9,964.575980888989,24.1,8.43052650711605,37.5164985656738,-0.0242965
El Salvador,SLV,2015,13.1,3790.34089108162,9.1,,72.0438162131663,-0.1411131
San Marino,SMR,2015,,43146.8240435428,,100.0,,1.3290711
"Somalia, Fed. Rep.",SOM,2015,27.7,445.583080073396,60.7,,,-2.2815589
Serbia,SRB,2015,5.6,5820.3215576888,2.5,74.7617385185247,97.9315490722656,0.2787874
Sub-Saharan Africa (excluding high income),SSA,2015,33.8489938895525,1763.27463036367,18.6486359974861,27.7501655614631,39.9736595153809,
South Sudan,SSD,2015,30.6,1080.14718624765,,,8.0513801574707,-2.2792733
Sub-Saharan Africa,SSF,2015,34.39,1646.44941139316,18.1210256353166,26.3712135529902,39.976261138916,
Small states,SST,2015,19.7781841947906,10446.850341907,8.56661440540814,,73.7108535766602,
Sao Tome and Principe,STP,2015,15.7,1298.10946596396,18.5,33.2155492701388,85.4740676879883,0.3792166
Suriname,SUR,2015,8.2,8813.61705392067,8.6,54.6686121368596,78.6041488647461,0.2981115
Slovak Republic,SVK,2015,,16442.0760860018,5.7,99.0512654102279,92.5494537353516,0.944233
Slovenia,SVN,2015,,20697.2748530619,2.5,95.2045346535076,109.984649658203,1.0294179
Sweden,SWE,2015,,51188.1652120493,2.5,99.6295386039751,146.889114379883,0.9288589
Eswatini,SWZ,2015,25.1,3419.82276559528,16.2,34.8170255077812,76.7041397094727,-0.4462561
Sint Maarten (Dutch part),SXM,2015,,37839.6283815163,,,,
Seychelles,SYC,2015,7.4,15333.1051727105,4.3,63.6691753160081,94.5454545454545,0.7647495
Syrian Arab Republic,SYR,2015,27.4,847.731631942565,11.5,,,-2.4382136
Turks and Caicos Islands,TCA,2015,3.6,29457.0140691162,,,78.5111281657713,
Chad,TCD,2015,35.5,993.990730610869,25.9,5.95868392455192,13.880263310419,-1.1227573
East Asia & Pacific (IDA & IBRD countries),TEA,2015,15.1550663457248,6664.48834577557,4.23752730090732,,86.5495834350586,
Europe & Central Asia (IDA & IBRD countries),TEC,2015,9.70573352006673,8009.61874995559,2.89970055665918,83.5038117608402,97.9764862060547,
Togo,TGO,2015,25.4,751.051987587248,20.1,16.716712557756,,-0.411126999999999
Thailand,THA,2015,13.0,5688.85335397884,7.8,,121.944808959961,-1.156024
Tajikistan,TJK,2015,21.4,956.916310930656,16.1,55.3843908442754,,-0.744602299999999
Turkmenistan,TKM,2015,10.4,5759.497903834,3.4,90.0919952741528,,-0.126391199999999
Latin America & the Caribbean (IDA & IBRD countries),TLA,2015,12.3114016421127,8404.37747196218,5.53387601928329,75.8803546160284,97.6419296264648,
Timor-Leste,TLS,2015,50.0,1319.59295003154,14.9,,75.7349709712488,-0.427259699999999
"Middle East, North Africa, Afghanistan & Pakistan (IDA & IBRD)",TMN,2015,28.8496108407217,2799.45441811583,10.1500138323535,63.38894465422,,
Tonga,TON,2015,5.0,4123.90323993332,,29.481451604595,108.722566122679,0.9379016
South Asia (IDA & IBRD),TSA,2015,37.8542282856461,1570.54142462917,12.2273255719391,63.108644558754,73.1828765869141,
Sub-Saharan Africa (IDA & IBRD countries),TSS,2015,34.3859288262913,1646.44941139316,18.1210256353166,26.3712135529902,39.976261138916,
Trinidad and Tobago,TTO,2015,8.5,19887.2327716498,7.0,69.2762075351576,,0.0718896
Tunisia,TUN,2015,8.7,4014.94773686432,2.8,77.1450199273485,,-0.681206
Turkiye,TUR,2015,7.6,11064.6494504662,2.5,,106.707969665527,-1.10934889999999
Tuvalu,TUV,2015,7.1,3357.83417700071,,8.37255134893803,96.6386566162109,1.3290711
Tanzania,TZA,2015,34.9,939.127319335938,21.3,21.0391016808304,25.9106006622314,-0.476783499999999
Uganda,UGA,2015,29.9,862.934610355811,30.6,11.9474149178212,,-0.7914315
Ukraine,UKR,2015,16.3,2094.47387695313,2.5,88.5460827206253,89.8863449960325,-1.8064426
Upper middle income,UMC,2015,11.91,7435.76486473308,3.89770067057788,77.3599680448163,93.5445327758789,
Uruguay,URY,2015,8.1,17125.9016800298,2.5,,,1.0884414
United States,USA,2015,2.8,56572.9188996063,2.5,96.3747156560664,98.1735763549805,0.6658794
Uzbekistan,UZB,2015,10.7,2803.19018021751,2.5,72.3355124474969,91.938963197135,-0.3053458
St. Vincent and the Grenadines,VCT,2015,,7353.73556054184,4.7,,116.049102783203,0.9161633
"Venezuela, RB",VEN,2015,11.5,4103.1384987005,11.3,,92.9153289794922,-1.1927697
British Virgin Islands,VGB,2015,,,,,99.1428571428571,
Virgin Islands (U.S.),VIR,2015,,34007.3529411765,,98.3718366163694,,1.2251811
Viet Nam,VNM,2015,23.5,2577.56885340113,8.0,53.8770086573967,83.8337492903167,0.0681785999999999
Vanuatu,VUT,2015,28.0,2854.89412272653,7.4,18.5848935323805,56.5349197387695,0.6849315
World,WLD,2015,24.62,10161.9445773234,7.6,67.6504377531236,74.425422668457,
Samoa,WSM,2015,5.6,4084.36083819933,4.6,61.2626239445691,91.2186009453888,1.071904
Kosovo,XKX,2015,,3520.62850699375,,,,-0.2170007
"Yemen, Rep.",YEM,2015,47.0,1362.1738120601,,,,-2.52514609999999
South Africa,ZAF,2015,22.2,6112.27382485974,6.6,69.30901510818,104.541397395068,-0.3104761
Zambia,ZMB,2015,37.7,1295.87788680068,35.1,,,0.0822748
Zimbabwe,ZWE,2015,27.3,1387.12632595026,34.3,27.2426870223209,,-0.856518799999999
Aruba,ABW,2016,,27587.2498040483,,,,1.2062931
Africa Eastern and Southern,AFE,2016,35.5221794492937,1490.9075460241,23.0294393963669,26.0741688025955,40.2670402526855,
Afghanistan,AFG,2016,41.9,563.872336723147,20.4,24.2229225615761,,-2.4834928
Africa Western and Central,AFW,2016,31.6737713059127,1815.17120349953,12.0354556875194,27.0101501078905,39.0918617248535,
Angola,AGO,2016,36.3,3454.03317187119,15.2,,42.9851256990708,-0.434627999999999
Albania,ALB,2016,12.9,4431.55635814168,4.4,70.6165067300785,,0.1659701
Andorra,AND,2016,,40085.0394278177,,90.6400008909843,95.5604400634766,1.3245352
Arab World,ARB,2016,21.592989885196,6366.04865571626,9.19504467690292,,64.8255615234375,
United Arab Emirates,ARE,2016,,45168.4982473243,3.5,98.5753815845859,,0.6925969
Argentina,ARG,2016,7.9,13265.8860639123,3.2,,112.874443054199,0.1932708
Armenia,ARM,2016,10.6,3533.88503607007,2.5,82.7578335050178,,-0.3896011
American Samoa,ASM,2016,,12665.2829921268,,89.4528437911156,,1.2548748
Antigua and Barbuda,ATG,2016,,16635.895232831,,,,0.7403626
Australia,AUS,2016,3.4,57632.9995925594,2.5,,144.401290893555,0.9540785
Austria,AUT,2016,,44362.6702805116,2.5,98.9078106962811,99.1238174438477,0.8951862
Azerbaijan,AZE,2016,11.9,5272.71817141861,2.5,54.6561542161898,,-0.5043466
Burundi,BDI,2016,54.0,258.061970808946,,,47.4670778135604,-2.106715
Belgium,BEL,2016,2.6,41172.8862831209,2.5,99.6574264144783,170.400466918945,0.4864269
Benin,BEN,2016,33.7,1006.03926633023,9.7,16.4756055808428,47.7052116394043,0.2420032
Burkina Faso,BFA,2016,25.6,648.420480176012,14.0,,33.8377858408122,-0.9073878
Bangladesh,BGD,2016,32.8,1299.83091360792,14.4,56.8478479103071,66.9120125277375,-1.3416192
Bulgaria,BGR,2016,6.5,7586.50411050819,4.2,96.8662149670256,100.93839263916,0.2073039
Bahrain,BHR,2016,5.7,23715.2791328712,,98.9116500085922,100.962353094519,-0.909807199999999
"Bahamas, The",BHS,2016,,30152.1619246021,,,86.5407818532819,0.7974457
Bosnia and Herzegovina,BIH,2016,8.6,4876.53471495633,2.5,88.7624814191696,85.0680236816406,-0.3709896
Belarus,BLR,2016,1.8,5811.20159182547,2.5,92.5989487115088,102.01233919664,0.2027723
Belize,BLZ,2016,14.8,6012.21296983668,6.1,,88.9483912761822,0.02715
Bermuda,BMU,2016,,104190.876720334,,,,0.8121773
Bolivia,BOL,2016,15.8,3077.57057564766,14.9,,89.7963617272291,-0.2594315
Brazil,BRA,2016,7.1,8577.84277969667,2.5,82.7340763563796,104.728561401367,-0.5263958
Barbados,BRB,2016,6.7,20684.7801825176,2.5,,109.759788513184,0.839715
Brunei Darussalam,BRN,2016,14.2,29492.4145927789,,,93.33837890625,1.0333017
Bhutan,BTN,2016,23.6,3173.36773217431,,50.5087051958646,93.3539505004883,1.1113941
Botswana,BWA,2016,22.7,6490.83463593483,20.9,68.1393048314429,,0.9837653
Central African Republic,CAF,2016,39.5,376.858254120398,26.7,6.59203529384105,11.0433397293091,-1.698431
Canada,CAN,2016,,43551.3425975115,2.5,97.6995275096697,111.972282409668,1.1623092
Central Europe and the Baltics,CEB,2016,3.59072889507192,12991.54601565,2.7623167202607,,100.713256835938,
Switzerland,CHE,2016,,84611.0998672721,2.5,96.6999986018025,102.22403717041,1.2064894
Channel Islands,CHI,2016,,62434.1859444218,,,,
Chile,CHL,2016,1.7,13505.097711133,3.3,97.0602628271532,101.831230163574,0.5937207
China,CHN,2016,6.1,8679.37704460133,2.5,,,-0.501441799999999
Cote d'Ivoire,CIV,2016,25.6,1889.27777949938,11.5,36.5061772067666,40.5872787120579,-0.8652379
Cameroon,CMR,2016,30.1,1435.61830727839,5.4,,56.4790090222202,-1.1424059
"Congo, Dem. Rep.",COD,2016,42.5,480.461377880475,32.3,11.592245398216,,-2.2189353
"Congo, Rep.",COG,2016,20.3,2174.19310251224,29.6,44.6083368930544,,-0.760806
Colombia,COL,2016,12.1,6316.07067782542,4.4,72.3935750335875,101.674926757812,-0.873548099999999
Comoros,COM,2016,25.5,1345.62555739306,13.5,,,-0.2599683
Cabo Verde,CPV,2016,6.8,3560.1400729534,16.5,,107.346835625835,0.827822
Costa Rica,CRI,2016,7.7,12084.4351325634,2.5,80.1855789065264,120.720222473145,0.7331119
Caribbean small states,CSS,2016,9.68949907698276,13963.1395387692,6.04292364282882,,91.5283126831055,
Cuba,CUB,2016,7.2,7774.0698462623,,,99.2363989742163,0.6142617
Curacao,CUW,2016,,18953.0538552203,,,,
Cayman Islands,CYM,2016,,77031.864216869,,,,0.9743726
Cyprus,CYP,2016,,24477.986328125,2.5,98.8540163883847,99.3960037231445,0.7672285
Czechia,CZE,2016,2.4,18359.0978103904,2.5,98.1506848036568,103.56421661377,1.0617374
Germany,DEU,2016,1.8,42516.9337063103,2.5,99.8998389964241,98.584228515625,0.7945337
Djibouti,DJI,2016,25.1,2502.85181449431,12.7,,,-0.7074408
Dominica,DMA,2016,,8499.52291903149,4.9,,,0.9362782
Denmark,DNK,2016,,54300.2039621991,2.5,98.8053978494573,132.793762207031,0.9320841
Dominican Republic,DOM,2016,7.4,7177.75376475488,6.7,44.6119637650712,83.7006235554531,0.1555826
Algeria,DZA,2016,10.4,4768.73140081027,2.6,74.7814883554356,,-1.12458449999999
East Asia & Pacific (excluding high income),EAP,2016,14.7733502180538,6966.47191689918,4.57507644493851,,86.1764984130859,
Early-demographic dividend,EAR,2016,30.7146240985745,3261.99599812662,10.0810226109864,,73.3005599975586,
East Asia & Pacific,EAS,2016,14.04,10071.8615358636,4.48974199291015,65.876512349037,87.7668609619141,
Europe & Central Asia (excluding high income),ECA,2016,10.0837483608696,6409.4471148702,3.12182435307656,80.4906308482447,98.6367492675781,
Europe & Central Asia,ECS,2016,5.82,23032.6152966065,2.69405535931716,91.3683085773326,104.06916809082,
Ecuador,ECU,2016,21.1,5849.13587933672,9.5,67.4923977988136,99.4637598671025,-0.1672879
"Egypt, Arab Rep.",EGY,2016,18.1,3381.22246306207,6.6,74.2012015903636,74.7882619375541,-1.5399732
Euro area,EMU,2016,,34995.0723160118,2.54418708876017,,107.162811279297,
Eritrea,ERI,2016,51.2,,,,,-0.7487988
Spain,ESP,2016,,26719.2442268615,2.5,99.583883949636,124.175399780273,0.425985
Estonia,EST,2016,1.3,18264.9873304279,2.5,97.3795735563467,112.33544921875,0.8731492
Ethiopia,ETH,2016,38.8,636.835680951429,13.0,10.1266697265401,,-1.43965759999999
European Union,EUU,2016,,31300.1591558827,2.5605524724064,,107.008682250977,
Fragile and conflict affected situations,FCS,2016,34.616127358391,1634.41669597359,16.256583928171,,40.9391899108887,
Finland,FIN,2016,1.6,43529.6761616969,2.5,99.6318749145674,159.691635131836,1.0609919
Fiji,FJI,2016,6.6,5218.85823412748,7.5,41.0942560320017,90.7946273675174,0.7205988
France,FRA,2016,,36920.5342846914,2.5,98.9787947398291,103.741958618164,-0.0415329
Faroe Islands,FRO,2016,,52757.3960429144,,,,
"Micronesia, Fed. Sts.",FSM,2016,,2870.49424845266,,,,1.0686461
Gabon,GAB,2016,15.5,6991.3251446736,15.3,,,-0.534579199999999
United Kingdom,GBR,2016,2.9,45888.0105130748,2.5,99.8950910703317,,0.4498582
Georgia,GEO,2016,7.0,4225.09154904806,6.6,65.7948687359235,105.340707282856,-0.0614684
Ghana,GHA,2016,19.2,1740.81101902928,9.5,32.1143962958394,65.3783920673892,-0.128208
Gibraltar,GIB,2016,,,,100.0,131.354838709677,
Guinea,GIN,2016,31.2,807.236421043888,14.0,,,-0.577628599999999
"Gambia, The",GMB,2016,19.5,615.193365494386,12.8,40.6956610569338,,-0.446274
Guinea-Bissau,GNB,2016,27.8,663.242608032005,19.8,22.3609411618131,,-0.5084519
Equatorial Guinea,GNQ,2016,21.3,7971.83401904573,,,,-0.404997699999999
Greece,GRC,2016,1.9,18049.928997892,2.5,98.2515097574472,100.793319702148,-0.1537754
Grenada,GRD,2016,,8983.68397337899,,89.9176799999318,107.677725118483,0.9130972
Greenland,GRL,2016,,46561.7831434013,,,,1.7522673
Guatemala,GTM,2016,46.4,3924.77894837098,14.6,49.3772976676554,52.5401757423553,-0.6431273
Guam,GUM,2016,,35373.8483143417,,98.6302995891753,,0.6519602
Guyana,GUY,2016,11.3,5818.61682204646,3.4,65.7863458182367,,-0.0054002999999999
High income,HIC,2016,3.88,37037.6021898442,2.61527177769351,95.277741761888,104.505218505859,
"Hong Kong SAR, China",HKG,2016,,43087.5455578429,2.5,99.7471946417872,105.614832535885,0.6672047
Honduras,HND,2016,20.3,2315.72983058198,13.7,62.3414390743725,55.2523310583486,-0.7047922
Heavily indebted poor countries (HIPC),HPC,2016,34.7751221278983,929.831454420103,21.2294831553983,,36.8096504211426,
Croatia,HRV,2016,,12848.419539107,2.5,86.6978154816841,105.486587524414,0.6354526
Haiti,HTI,2016,22.0,1416.74881879698,38.7,,,-0.894686099999999
Hungary,HUN,2016,,13145.6559885563,2.5,91.772225962666,103.420066833496,0.6277681
IBRD only,IBD,2016,21.3602710515493,5737.4707664606,6.46841668890847,72.6594126875228,84.9050216674805,
IDA & IBRD total,IBT,2016,26.4648081033658,4610.83755480503,8.91158838296767,64.0296518882905,70.935188293457,
IDA total,IDA,2016,34.5487784445687,1364.45810556663,16.2625313947316,38.9107443657316,43.7213706970215,
IDA blend,IDB,2016,34.3817884070448,1953.37240963399,12.3882750086171,39.3421388653277,40.9479103088379,
Indonesia,IDN,2016,29.8,3416.81005170972,6.6,28.6211047796107,89.0999579586062,-0.463383
IDA only,IDX,2016,34.6441337525019,1043.11282497367,18.5239173986277,36.5601611346363,45.1659812927246,
Isle of Man,IMN,2016,,90783.7647245394,,97.676406792755,,
India,IND,2016,37.7,1694.46534973825,11.6,62.8967025513523,75.823371887207,-0.7362183
Not classified,INX,2016,,,,,,
Ireland,IRL,2016,2.3,64205.979777351,2.5,89.9270305647354,118.613380432129,0.8856802
"Iran, Islamic Rep.",IRN,2016,5.3,5312.61724954192,7.7,93.3373925481496,82.1195220947266,-0.6448832
Iraq,IRQ,2016,15.2,4932.9272911439,16.1,57.9129327058889,,-2.22917579999999
Iceland,ISL,2016,,56049.2928648152,2.5,98.7187629845527,116.968399047852,1.2205951
Israel,ISR,2016,,37093.7879065422,2.5,99.5666331914078,99.7816162109375,-0.354649699999999
Italy,ITA,2016,,31077.6792675211,2.5,96.3704138620658,100.321586608887,0.3518422
Jamaica,JAM,2016,6.4,5472.28314023034,7.6,,89.5799290253363,0.0960441
Jordan,JOR,2016,7.9,3933.14704611068,8.0,74.4099059069255,,-0.538077799999999
Japan,JPN,2016,6.0,35242.199377148,,98.410512754232,101.40486907959,1.1198832
Kazakhstan,KAZ,2016,8.1,10151.423313302,2.5,88.1463152163441,98.0107832338107,-0.0865605
Kenya,KEN,2016,24.3,1517.97796057742,22.2,,73.1205739030308,-1.17914689999999
Kyrgyz Republic,KGZ,2016,13.0,1128.3161612818,5.9,70.6014362386127,90.2972623073403,-0.5531495
Cambodia,KHM,2016,27.7,1645.46671578126,6.8,25.3909863829454,,-0.0778582999999999
Kiribati,KIR,2016,15.7,1731.43693824902,3.1,13.2519443485538,,0.951395
St. Kitts and Nevis,KNA,2016,,21133.6575914414,,,118.171806335449,0.6608669
"Korea, Rep.",KOR,2016,1.8,31005.4072876388,2.5,98.6163712372614,98.453483581543,0.5156398
Kuwait,KWT,2016,4.9,29454.4426388829,2.5,100.0,,-0.0213093
Latin America & Caribbean (excluding high income),LAC,2016,12.5022650019984,8184.512260438,5.27507277724748,74.8042018397469,98.8219528198242,
Lao PDR,LAO,2016,36.1,2234.76098741846,,14.2687875365303,62.2666985609989,0.3452009
Lebanon,LBN,2016,9.7,8019.1416913426,5.7,47.2086376730159,62.351438954916,-1.3333648
Liberia,LBR,2016,31.3,668.031513175601,35.1,,,-0.453136899999999
Libya,LBY,2016,20.4,7236.16409923502,11.0,,,-2.2576529
St. Lucia,LCA,2016,2.4,10644.1612913407,,,91.5551681518555,0.9130972
Latin America & Caribbean,LCN,2016,12.18,8405.14560348327,5.80077695392326,75.6589907146912,98.4324188232422,
Least developed countries: UN classification,LDC,2016,35.9069199353382,995.154750826763,19.3383908659852,,42.847599029541,
Low income,LIC,2016,37.44,725.544504224031,26.9419220627833,26.9292309565654,34.5961303710938,
Liechtenstein,LIE,2016,,,,100.0,101.906776428223,1.5021925
Sri Lanka,LKA,2016,13.3,4214.74117992085,4.1,47.7744271944304,96.5253510453528,-0.1436337
Lower middle income,LMC,2016,33.05,1924.41858580699,11.559728484074,61.7767981125816,64.3369522094727,
Low & middle income,LMY,2016,26.62,4431.18235187323,9.21299803596875,,70.7101593017578,
Lesotho,LSO,2016,34.6,1147.58748801671,,23.9371411392711,65.0972290039062,-0.2746129
Late-demographic dividend,LTE,2016,8.2974583443333,8646.07589908332,3.54189395718474,,91.4169616699219,
Lithuania,LTU,2016,1.7,14823.107153522,2.5,92.8983942373975,104.289833068848,0.9545715
Luxembourg,LUX,2016,,108351.451826983,2.5,99.6759794680783,107.912910461426,1.3457296
Latvia,LVA,2016,1.9,13787.3367440023,2.5,95.3144433757435,110.434066772461,0.6434248
"Macao SAR, China",MAC,2016,,68391.3415491921,6.1,99.9960199004975,101.977941176471,1.3130313
St. Martin (French part),MAF,2016,,,,96.6644708015261,,
Morocco,MAR,2016,14.6,3124.42504882813,3.7,64.733918736942,,-0.4710854
Monaco,MCO,2016,,173120.189785092,,100.0,151.901138305664,1.2026488
Moldova,MDA,2016,5.7,2910.95486872376,2.5,73.0217403046212,106.359346502359,-0.1842961
Madagascar,MDG,2016,44.6,451.15659433146,35.0,17.4118086932302,36.2822418212891,-0.4661162
Maldives,MDV,2016,15.3,9909.07669723415,,,78.7856349500185,0.079118
"Middle East, North Africa, Afghanistan & Pakistan",MEA,2016,26.77,5259.35921867209,9.13632278726971,64.9504508423167,54.9065208435059,
Mexico,MEX,2016,12.6,10100.5021214015,3.7,42.1445790425411,106.824447631836,-0.833912099999999
Marshall Islands,MHL,2016,34.9,3946.8444109078,,,89.3410852713178,0.8824277
Middle income,MIC,2016,24.54,4768.02490169307,7.77870071832686,,75.8613662719727,
North Macedonia,MKD,2016,4.6,5429.94678358359,3.2,80.5313250603617,,-0.3424451
Mali,MLI,2016,26.4,860.75307554569,4.5,,34.1917935715776,-1.5338819
Malta,MLT,2016,4.0,25969.5120352027,2.5,99.9151160016792,96.0018768310547,0.9368787
Myanmar,MMR,2016,28.6,1225.37913972668,3.8,52.8134142480021,72.2770767211914,-1.01961219999999
"Middle East, North Africa, Afghanistan & Pakistan (excluding high income)",MNA,2016,27.8590705775199,2910.61808296495,9.71165915471202,63.7495532018019,,
Montenegro,MNE,2016,8.2,6634.38508838803,2.5,85.0907588227783,90.6202926635742,0.2828464
Mongolia,MNG,2016,9.5,3817.91962716702,8.1,34.9448273734747,,0.7157785
Northern Mariana Islands,MNP,2016,,23158.5744988538,,81.2007428672325,,
Mozambique,MOZ,2016,40.8,620.779714954555,41.6,19.4071399285232,,-1.2808563
Mauritania,MRT,2016,23.7,1528.05152299375,6.7,,30.5243563459821,-0.9065538
Mauritius,MUS,2016,8.0,9995.65028642071,7.2,,96.6578558308319,1.0313567
Malawi,MWI,2016,37.9,538.221990810959,16.7,14.0985574236355,35.6916809082031,-0.2578002
Malaysia,MYS,2016,20.0,9901.47960179812,3.3,93.9829919971318,84.7308502197266,-0.0158376
North America,NAC,2016,2.91,55797.5468748501,2.5,96.4625733147086,99.6349105834961,
Namibia,NAM,2016,20.4,4648.62713460213,20.6,,82.4628831856333,0.6657313
New Caledonia,NCL,2016,,,7.6,95.7298599716487,,
Niger,NER,2016,44.7,495.017437216008,12.0,,19.4438558469203,-0.944319999999999
Nigeria,NGA,2016,35.4,2481.81490350326,10.8,25.5157846559378,37.2762603759766,-1.7100665
Nicaragua,NIC,2016,,2140.14405941606,16.3,,,-0.1674906
Netherlands,NLD,2016,1.5,46655.0363382039,2.5,99.9721180588319,113.61457824707,0.880799
Norway,NOR,2016,,75017.4944769055,2.5,99.2863103104662,114.915069580078,1.1454306
Nepal,NPL,2016,34.2,875.188943730855,5.9,23.9613981639281,73.9553375244141,-0.9210801
Nauru,NRU,2016,18.8,7925.5779662048,,18.6581288833466,79.6178283691406,1.0101963
New Zealand,NZL,2016,,39235.3695566636,2.5,95.1814265013775,117.256340026855,1.4642557
OECD members,OED,2016,5.57070542201233,36216.0475622534,2.71981730022113,,106.198120117188,
Oman,OMN,2016,11.8,18830.6057208608,7.2,89.0363846730234,100.638573236813,0.5065831
Other small states,OSS,2016,22.5314449755051,10667.1122642121,9.05866474171426,,71.1938934326172,
Pakistan,PAK,2016,40.7,1452.18658269177,11.5,44.3407371870023,31.73991038953,-2.3350493
Panama,PAN,2016,17.7,14474.124340577,6.7,,84.1366882324219,0.4612991
Peru,PER,2016,14.0,6392.25474941014,6.2,50.1947177626241,100.164909362793,-0.1794896
Philippines,PHL,2016,30.4,3076.3374186759,9.7,46.6751900094206,86.0883666592253,-1.4376683
Palau,PLW,2016,,16343.5615050344,,83.0266343961529,,0.951395
Papua New Guinea,PNG,2016,47.6,2557.09463030035,28.2,,,-0.757626799999999
Poland,POL,2016,1.5,13026.1858988718,2.5,91.7583692704549,107.49730682373,0.5712287
Pre-demographic dividend,PRE,2016,34.052602615758,1518.36553624341,19.7349751215962,,36.6112899780273,
Puerto Rico (US),PRI,2016,,29326.5748761873,,98.5772007316497,87.7187728881836,0.4983548
"Korea, Dem. People's Rep.",PRK,2016,21.4,,46.0,66.7906723941633,,-0.4555063
Portugal,PRT,2016,3.5,19662.82312462,2.5,94.7007684390199,115.198280334473,0.9588082
Paraguay,PRY,2016,6.3,6041.95879367349,2.6,61.19001240823,84.2714777594267,0.0944783
West Bank and Gaza,PSE,2016,8.6,3483.09903532972,,80.5186816228868,90.2320188949519,-1.69362899999999
Pacific island small states,PSS,2016,18.3133298478834,3811.55677547702,10.2201900709181,,74.3553085327148,
Post-demographic dividend,PST,2016,3.91379329363305,41324.4948284306,2.5146716285321,,105.410469055176,
French Polynesia,PYF,2016,,19516.0718353276,5.9,90.448717948718,,
Qatar,QAT,2016,6.2,67294.3517688172,,96.3977376402198,101.471275105091,0.8292355
Romania,ROU,2016,8.0,9286.87678236598,2.5,81.9056180472971,88.5227890014648,0.3246759
Russian Federation,RUS,2016,,9269.3193359375,2.5,75.7684966832603,95.5642562629198,-0.7684605
Rwanda,RWA,2016,35.8,759.606288155109,33.7,,39.8630035289782,-0.0457773
South Asia,SAS,2016,36.76,1676.35409782334,11.6848561815597,64.6907078532209,74.9855804443359,
Saudi Arabia,SAU,2016,12.2,22783.0328538685,2.5,,106.195082803448,-0.5059085
Sudan,SDN,2016,35.3,1297.15454101563,9.8,,40.467399597168,-2.16225439999999
Senegal,SEN,2016,18.1,1257.40906915928,8.9,24.7339881730079,,-0.222101599999999
Singapore,SGP,2016,3.0,56986.7853102911,,100.0,107.364959262144,1.2788614
Solomon Islands,SLB,2016,30.5,2084.24845745225,18.0,,,0.360596
Sierra Leone,SLE,2016,30.2,1002.77862282013,24.5,8.69024990084727,40.7735595703125,-0.2703676
El Salvador,SLV,2016,12.3,3875.84691357954,8.4,,69.2825794984198,-0.2511021
San Marino,SMR,2016,,43886.2146896896,,100.0,,1.3245352
"Somalia, Fed. Rep.",SOM,2016,27.1,458.921476824605,60.2,,,-2.2701767
Serbia,SRB,2016,5.6,6024.95754653784,2.5,74.773074519918,97.4025421142578,0.1629002
Sub-Saharan Africa (excluding high income),SSA,2016,33.3898896916786,1732.90964850105,19.068722591307,28.5385637034314,39.7671089172363,
South Sudan,SSD,2016,30.5,,,,,-2.33343
Sub-Saharan Africa,SSF,2016,33.9,1623.17708645872,18.4348324452781,27.1641610478154,39.7697906494141,
Small states,SST,2016,19.2732575130881,10523.7082779478,8.54896288607123,,74.6144866943359,
Sao Tome and Principe,STP,2016,14.7,1342.533807689,18.3,33.7015106900951,87.7800827026367,0.2641856
Suriname,SUR,2016,8.2,8293.31553031406,9.3,54.8788532515763,84.818447575667,0.1759261
Slovak Republic,SVK,2016,,16740.7413996428,5.3,99.109070468468,92.0748672485352,0.7354497
Slovenia,SVN,2016,,21309.7122138949,2.5,95.7727059362695,116.400497436523,1.0204175
Sweden,SWE,2016,,51626.3235312369,2.5,99.6484657334089,145.599060058594,0.9187513
Eswatini,SWZ,2016,24.1,3500.17688847942,16.3,35.191051527565,82.1736533366008,-0.4484062
Sint Maarten (Dutch part),SXM,2016,,37428.7027557069,,,,
Seychelles,SYC,2016,7.3,16962.6753972731,3.7,63.7120488737404,101.458499071864,0.7625994
Syrian Arab Republic,SYR,2016,27.4,802.969498335502,14.2,,,-2.5955347
Turks and Caicos Islands,TCA,2016,3.4,30183.0002949881,,47.224438317442,69.2889561270802,
Chad,TCD,2016,34.8,923.56587204799,26.1,5.99418883622066,14.2798381653045,-1.34170719999999
East Asia & Pacific (IDA & IBRD countries),TEA,2016,14.6998430132655,7045.21470188624,4.05288073470354,,86.0514678955078,
Europe & Central Asia (IDA & IBRD countries),TEC,2016,9.23970836195324,8118.42014141453,2.85503857314072,83.8191332749005,98.0270080566406,
Togo,TGO,2016,25.1,763.276185353302,20.6,17.2071914430537,,-0.280199
Thailand,THA,2016,12.8,5857.78052935926,7.9,,122.222442626953,-1.12638439999999
Tajikistan,TJK,2016,19.8,997.352614556708,13.9,56.980067631769,,-0.7460947
Turkmenistan,TKM,2016,9.7,5977.83828113854,3.4,91.4552847898372,,-0.2753346
Latin America & the Caribbean (IDA & IBRD countries),TLA,2016,12.2153734607348,8260.3745502491,5.80077695392325,76.3409814108776,98.4624328613281,
Timor-Leste,TLS,2016,49.1,1333.65856117568,15.4,,80.4793824903514,-0.1166
"Middle East, North Africa, Afghanistan & Pakistan (IDA & IBRD)",TMN,2016,28.0122567123626,2906.72067314977,9.71165915471202,63.6284456140783,,
Tonga,TON,2016,4.3,4419.81472868939,,29.4837945887296,,0.9346438
South Asia (IDA & IBRD),TSA,2016,36.7997000304011,1676.35409782334,11.6848561815597,64.6907078532209,74.9855804443359,
Sub-Saharan Africa (IDA & IBRD countries),TSS,2016,33.8942123403882,1623.17708645872,18.4348324452781,27.1641610478154,39.7697906494141,
Trinidad and Tobago,TTO,2016,8.4,18331.034459758,7.0,69.2788541951104,,0.0441046
Tunisia,TUN,2016,8.7,4015.28893802703,2.8,75.8401748537527,95.4877166748047,-0.8275855
Turkiye,TUR,2016,7.2,11279.6169531569,2.5,,108.04418182373,-1.7801696
Tuvalu,TUV,2016,6.8,3558.61212970652,,8.41759780070208,85.5491333007812,1.3245352
Tanzania,TZA,2016,34.1,970.156127929688,21.9,22.514975929799,25.6934364827346,-0.537573
Uganda,UGA,2016,28.7,874.648370639216,35.4,12.7315028787292,,-0.8144743
Ukraine,UKR,2016,16.5,2156.0830078125,2.5,88.4789144962988,88.2942638037531,-1.6309394
Upper middle income,UMC,2016,11.53,7713.6658752299,3.85955843751319,77.7739985841988,93.4494018554688,
Uruguay,URY,2016,7.7,17357.2349992841,2.5,,,1.1217056
United States,USA,2016,2.9,57151.4708448372,2.5,96.5350702012036,98.4747085571289,0.3279152
Uzbekistan,UZB,2016,10.0,2918.67725852903,2.5,73.4305957202854,92.4681516255333,-0.2080446
St. Vincent and the Grenadines,VCT,2016,,7702.8942635647,4.7,,,0.9130972
"Venezuela, RB",VEN,2016,11.3,3382.73477932247,17.4,,89.12158203125,-1.2150045
British Virgin Islands,VGB,2016,,,,,98.3240223463687,
Virgin Islands (U.S.),VIR,2016,,34614.7482633247,,98.415500490755,,0.8121773
Viet Nam,VNM,2016,22.8,2715.57887431272,7.7,54.415221505275,86.3064277183873,0.1824971
Vanuatu,VUT,2016,28.3,2889.01404801498,7.4,18.6449171562813,,0.6867152
World,WLD,2016,24.06,10324.8400705021,7.5,68.2411717345558,74.671012878418,
Samoa,WSM,2016,5.8,4373.23792440391,5.1,61.4467914745563,91.1509944232257,1.0686461
Kosovo,XKX,2016,,3739.17562318261,,,,-0.2852683
"Yemen, Rep.",YEM,2016,46.6,1197.95865971172,,,36.8241691589355,-2.6405037
South Africa,ZAF,2016,22.2,6095.295060428,6.4,69.4400283108423,109.660301208496,-0.3379116
Zambia,ZMB,2016,36.5,1303.57513869133,33.4,,,-0.2072561
Zimbabwe,ZWE,2016,26.3,1378.34256192374,32.8,27.0155013731712,,-0.9112005
Aruba,ABW,2017,,28548.8904317739,,,,1.2066651
Africa Eastern and Southern,AFE,2017,35.0240342561555,1490.91109750422,23.294658366462,26.7454335682788,40.8391418457031,
Afghanistan,AFG,2017,41.5,562.769574140988,21.3,25.0551767431801,,-2.61393089999999
Africa Western and Central,AFW,2017,31.0898976901252,1808.72220111739,12.250094166785,27.4407250398229,39.740650177002,
Angola,AGO,2017,37.7,3328.8982124109,15.4,,,-0.537214499999999
Albania,ALB,2017,12.0,4648.23078660658,4.3,70.6369407646416,,0.1638298
Andorra,AND,2017,,39361.0807539996,,90.6400029437508,95.4148483276367,1.3250909
Arab World,ARB,2017,21.1099281838051,6322.52614443499,9.45085572492021,,65.4355316162109,
United Arab Emirates,ARE,2017,,43293.0203824801,3.4,98.6016896433562,,0.7192871
Argentina,ARG,2017,8.1,13520.1129846159,3.5,,113.530090332031,0.2394066
Armenia,ARM,2017,9.7,3815.3747426037,2.5,82.6929400833755,,-0.3015882
American Samoa,ASM,2017,,11930.7771236826,,89.6659819017246,,1.2555945
Antigua and Barbuda,ATG,2017,,16992.9327495236,,,115.81339263916,0.614623
Australia,AUS,2017,3.3,57991.771347333,2.5,,144.534530639648,0.7831479
Austria,AUT,2017,,45056.6385912412,2.5,98.9061991101429,98.8336181640625,0.9266955
Azerbaijan,AZE,2017,10.9,5229.25259993413,2.5,55.0541223402745,,-0.455635299999999
Burundi,BDI,2017,53.7,261.725839288764,,,49.4867506946943,-2.0904201
Belgium,BEL,2017,2.6,41619.328629169,2.5,99.6436452227473,168.216491699219,0.3647602
Benin,BEN,2017,33.6,1032.90471194182,10.5,16.6255422404154,,0.3155886
Burkina Faso,BFA,2017,24.2,669.276310328333,14.0,,36.4337512769058,-0.855665599999999
Bangladesh,BGD,2017,31.3,1373.75363740186,13.4,57.2759974542837,66.8206080291299,-1.3289506
Bulgaria,BGR,2017,6.4,7898.70693013652,3.4,96.7818104282446,101.615371704102,0.4061393
Bahrain,BHR,2017,5.5,23606.8867501313,,98.9097313972392,101.66381888082,-1.0066263
"Bahamas, The",BHS,2017,,30974.7477261317,,,94.6372239747634,0.8186672
Bosnia and Herzegovina,BIH,2017,8.5,5099.81602856447,2.5,88.855712793984,85.6158828735352,-0.3110983
Belarus,BLR,2017,1.6,5964.89668834561,2.5,92.6502971666977,101.583542654067,0.0265511
Belize,BLZ,2017,14.1,5767.61921963762,5.8,,87.3819122314453,0.0274572
Bermuda,BMU,2017,,107734.608357327,,,,0.8126545
Bolivia,BOL,2017,14.8,3160.16421228968,14.2,,88.5199336270253,-0.2207409
Brazil,BRA,2017,7.3,8628.25209645723,2.5,83.502874805376,104.489143371582,-0.602133799999999
Barbados,BRB,2017,6.5,20788.7046543161,2.5,,110.261192321777,0.8399905
Brunei Darussalam,BRN,2017,13.3,29524.65912789,,,91.7844619750977,1.0788022
Bhutan,BTN,2017,22.3,3211.80903275593,,53.9260036672079,93.6836013793945,1.1177867
Botswana,BWA,2017,22.6,6662.57644805467,22.1,67.553076738308,,1.0166207
Central African Republic,CAF,2017,39.2,387.35795131742,25.3,6.48793738017377,12.7931003570557,-1.82651039999999
Canada,CAN,2017,,44339.3886689254,2.5,97.5843552449117,112.20565032959,1.0192144
Central Europe and the Baltics,CEB,2017,3.49535867719199,13696.463585633,2.64487252722734,,100.939628601074,
Switzerland,CHE,2017,,84967.5886498224,2.5,96.7000019883983,102.139213562012,1.1641565
Channel Islands,CHI,2017,,63393.3938698644,,,,
Chile,CHL,2017,1.7,13473.3458532934,3.1,97.1304772221268,102.539222717285,0.5894191
China,CHN,2017,5.8,9221.51403820573,2.5,,,-0.203288
Cote d'Ivoire,CIV,2017,24.6,1972.81431788947,10.6,37.6823190093324,43.9337901584799,-1.0411412
Cameroon,CMR,2017,29.4,1444.90682916573,6.0,,,-1.1934513
"Congo, Dem. Rep.",COD,2017,42.5,482.854682128541,32.7,11.5021642566568,,-2.26337839999999
"Congo, Rep.",COG,2017,19.6,2003.27121075187,30.2,45.1415202823553,,-0.7695685
Colombia,COL,2017,11.8,6309.67745292518,4.2,72.6560332678719,102.081871032715,-0.779948499999999
Comoros,COM,2017,23.9,1369.41038262485,13.1,,59.3382174230061,-0.1999982
Cabo Verde,CPV,2017,6.5,3719.71306047915,15.5,,108.513703183866,0.7203252
Costa Rica,CRI,2017,7.9,12468.5654531709,2.5,80.319082313039,125.053909301758,0.7405908
Caribbean small states,CSS,2017,9.3216492913364,13780.3075342487,6.00486242642802,,90.4940338134766,
Cuba,CUB,2017,7.2,7927.27769431767,,,99.8315436409602,0.5729674
Curacao,CUW,2017,,18651.4796966993,,,,
Cayman Islands,CYM,2017,,77717.1760762284,,,,0.974877
Cyprus,CYP,2017,,25666.00390625,2.5,99.0486192751046,99.9665832519531,0.6738103
Czechia,CZE,2017,2.4,19257.6930680911,2.5,98.150162822877,102.751281738281,1.0199948
Germany,DEU,2017,1.8,43543.4807050551,2.5,99.9029489183973,98.1771011352539,0.7022243
Djibouti,DJI,2017,24.2,2596.45134698268,12.6,,,-0.7552217
Dominica,DMA,2017,,7985.6341102129,5.5,,,1.1093885
Denmark,DNK,2017,,55601.0145717787,2.5,99.1285937638004,130.848114013672,0.9149035
Dominican Republic,DOM,2017,7.1,7379.39978067137,5.9,44.7232594060218,83.2663415112375,0.0918722
Algeria,DZA,2017,10.1,4742.90075532529,2.5,74.0682732984959,,-0.929504599999999
East Asia & Pacific (excluding high income),EAP,2017,14.2042705338629,7374.82622244547,4.39557082702072,,86.3374404907227,
Early-demographic dividend,EAR,2017,29.7665073551123,3365.65570800725,9.60308324589175,,72.9086227416992,
East Asia & Pacific,EAS,2017,13.51,10507.3446728598,4.31838055221872,66.6101319136392,87.9111175537109,
Europe & Central Asia (excluding high income),ECA,2017,9.49220006756165,6736.23791731628,3.06704873208599,80.712524367593,99.5105667114258,
Europe & Central Asia,ECS,2017,5.58,23622.7656806191,2.66691650878801,91.5805550293614,104.589317321777,
Ecuador,ECU,2017,20.5,6104.27253521751,10.4,67.8456046267449,97.4745655657693,-0.1273984
"Egypt, Arab Rep.",EGY,2017,17.1,3452.90961245539,6.6,74.7895697485773,75.3094821649971,-1.4711477
Euro area,EMU,2017,,35842.3298274979,2.52523931058311,,107.24112701416,
Eritrea,ERI,2017,50.8,,,,42.0257682800293,-0.834184199999999
Spain,ESP,2017,,27426.281015093,2.5,99.5683636072788,122.132362365723,0.280621
Estonia,EST,2017,1.2,19270.8141210511,2.5,97.6947092733429,114.632881164551,0.8425161
Ethiopia,ETH,2017,38.0,678.98541915757,14.1,10.5785829428074,,-1.5195725
European Union,EUU,2017,,32135.6624693296,2.53329259209075,,107.164947509766,
Fragile and conflict affected situations,FCS,2017,34.2087427932435,1619.44767158323,16.8705164388316,,41.7020301818848,
Finland,FIN,2017,1.6,44862.220404205,2.5,99.6331260908472,161.339553833008,1.1388152
Fiji,FJI,2017,6.3,5500.67840152349,7.3,41.2241576146746,,0.3819841
France,FRA,2017,,37580.5979329356,2.5,99.110246889904,104.159187316895,0.229972
Faroe Islands,FRO,2017,,53831.0294952424,,,,
"Micronesia, Fed. Sts.",FSM,2017,,2922.07246225843,,,,1.0690453
Gabon,GAB,2017,15.1,6840.05959347802,16.4,,,-0.4524644
United Kingdom,GBR,2017,2.9,47018.0254757676,2.5,99.8860724781351,127.764511108398,0.4406625
Georgia,GEO,2017,6.5,4442.50744127374,6.4,66.8758040626936,106.843781110901,-0.1125587
Ghana,GHA,2017,18.5,1841.44636153249,8.8,33.4189814822061,64.9647509332356,0.0663948999999999
Gibraltar,GIB,2017,,,,100.0,130.694275274056,
Guinea,GIN,2017,30.3,867.907502577607,14.0,,,-0.800407099999999
"Gambia, The",GMB,2017,18.6,628.777299272925,14.2,41.8797927727476,,-0.196953699999999
Guinea-Bissau,GNB,2017,27.7,677.466131311367,13.6,22.6361757458266,,-0.582037399999999
Equatorial Guinea,GNQ,2017,20.4,7259.10936454803,,,,-0.3950453
Greece,GRC,2017,1.9,18352.0884461258,2.5,98.0558404020074,101.863510131836,0.00694
Grenada,GRD,2017,,9357.40728883583,,89.9176799999318,106.911551474142,0.9134729
Greenland,GRL,2017,,46597.9452470348,,,,1.7529215
Guatemala,GTM,2017,45.9,3972.74057836068,14.3,49.3178662611165,52.2652133739495,-0.700759599999999
Guam,GUM,2017,,35850.9025520506,,98.5721159704885,,0.8126545
Guyana,GUY,2017,10.5,5997.18271426826,3.1,66.0082086059041,,-0.0051392
High income,HIC,2017,3.84,37796.4689875897,2.59676431667567,95.3594092213159,104.842407226562,
"Hong Kong SAR, China",HKG,2017,,44380.8100340362,2.5,99.8337392674931,104.087170042971,0.6833963
Honduras,HND,2017,19.9,2383.37398439714,13.2,62.7680455735168,54.7623596191406,-0.9065696
Heavily indebted poor countries (HIPC),HPC,2017,34.1502487630732,948.559641481731,21.3621454660791,,37.3247604370117,
Croatia,HRV,2017,,13485.3012514274,2.5,86.7570648657669,106.282768249512,0.6251591
Haiti,HTI,2017,21.8,1432.67228609541,40.3,,,-0.834199999999999
Hungary,HUN,2017,,13734.2442804335,2.5,93.1284962325177,104.089332580566,0.7324048
IBRD only,IBD,2017,20.6861807247209,5977.69739757901,6.1518143296525,73.5746987374695,84.423942565918,
IDA & IBRD total,IBT,2017,25.8116977483032,4784.65501107103,8.73931516655143,64.7087092235264,70.6176300048828,
IDA total,IDA,2017,33.7944189808485,1388.62153707152,16.4269101874645,39.2133980063178,44.1494102478027,
IDA blend,IDB,2017,33.4865237337412,1968.31540790627,12.75823865837,39.5113928011164,41.1503791809082,
Indonesia,IDN,2017,28.5,3553.51999262321,6.0,28.9123011579952,91.8476348896733,-0.5816146
IDA only,IDX,2017,33.9684490289042,1073.15500247042,18.5610864944221,37.2031980801867,45.7906684875488,
Isle of Man,IMN,2017,,93200.3108083857,,98.0139150745895,,
India,IND,2017,36.6,1788.69770318446,10.6,64.567945966321,74.2236328125,-0.572111399999999
Not classified,INX,2017,,,,,,
Ireland,IRL,2017,2.2,69748.6221034014,2.5,91.5246419965557,123.970291137695,0.9418026
"Iran, Islamic Rep.",IRN,2017,5.2,5395.2398398598,8.0,93.4841246440097,81.7238006591797,-0.699442999999999
Iraq,IRQ,2017,14.1,4736.32710809857,16.0,58.3951961846559,,-2.1677252
Iceland,ISL,2017,,56657.9800285572,2.5,99.2539600764358,114.679817199707,1.2503574
Israel,ISR,2017,,37963.0491190696,2.5,99.5535872401717,98.5735092163086,-0.4501475
Italy,ITA,2017,,31635.52277108,2.5,96.41891660787,100.285293579102,0.2543499
Jamaica,JAM,2017,6.4,5586.1365723133,7.3,,86.0544417661238,0.1291365
Jordan,JOR,2017,8.0,3940.70199181145,9.2,76.2132216895317,91.5137035572558,-0.444359699999999
Japan,JPN,2017,5.8,35861.9728545672,,98.4557065383985,100.593452453613,1.169376
Kazakhstan,KAZ,2017,7.5,10404.2718646317,2.5,89.8289594691417,96.6959328368217,-0.0563947
Kenya,KEN,2017,23.1,1542.33773973372,23.6,,,-1.1322093
Kyrgyz Republic,KGZ,2017,12.5,1157.18275758067,5.5,72.3593185794231,89.7482653344435,-0.2975366
Cambodia,KHM,2017,26.4,1753.93530504662,6.3,25.9625945869825,51.2054747282757,-0.153852799999999
Kiribati,KIR,2017,15.5,1769.51191332519,3.2,13.5270977701122,,0.9519508
St. Kitts and Nevis,KNA,2017,,21191.6047083703,,,120.649651972158,0.6612426
"Korea, Rep.",KOR,2017,1.8,31979.9027302467,2.5,98.7086237223775,98.7714462280273,0.6254761
Kuwait,KWT,2017,4.8,27048.3706935958,2.5,100.0,,0.0018547
Latin America & Caribbean (excluding high income),LAC,2017,12.4139637170763,8264.74819899468,5.30186827738802,75.262121127953,99.1099166870117,
Lao PDR,LAO,2017,34.8,2351.57441747595,,16.5880898211157,63.5469120681911,0.2776591
Lebanon,LBN,2017,9.6,8305.57405425721,5.5,47.4445923269841,66.1201281851679,-1.3393518
Liberia,LBR,2017,30.4,671.260899835355,34.9,,,-0.2701752
Libya,LBY,2017,18.4,9435.60060040046,11.4,,,-2.29431519999999
St. Lucia,LCA,2017,2.4,10960.4843512477,,,90.8347015380859,0.8668533
Latin America & Caribbean,LCN,2017,12.07,8458.83384476335,6.11610572836736,76.1029641963286,98.6545333862305,
Least developed countries: UN classification,LDC,2017,35.2763310131395,1015.62255142587,19.3199435357283,,43.5300102233887,
Low income,LIC,2017,36.9,719.4917896822,27.1760282536898,27.433990759304,35.3164710998535,
Liechtenstein,LIE,2017,,,,100.0,105.065116882324,1.5026105
Sri Lanka,LKA,2017,12.7,4436.00789945768,5.0,48.001681106013,97.5062635264586,-0.179121299999999
Lower middle income,LMC,2017,32.12,1999.67367968704,11.0013467822585,62.9210483527049,63.751091003418,
Low & middle income,LMY,2017,25.96,4608.67872042193,8.98242474808618,,70.3994216918945,
Lesotho,LSO,2017,34.2,1097.82166812752,,24.8184404763007,68.1387518596821,-0.2021614
Late-demographic dividend,LTE,2017,8.05178395232656,9041.21609671517,3.53649875205832,,91.2339096069336,
Lithuania,LTU,2017,1.7,15695.9993288456,2.5,94.4844786513439,105.108963012695,0.8922634
Luxembourg,LUX,2017,,107142.126672598,2.5,99.6516286524317,108.230567932129,1.2715421
Latvia,LVA,2017,1.9,14382.8612727134,2.5,95.5822435401306,110.162521362305,0.6631827
"Macao SAR, China",MAC,2017,,75650.1261840452,6.0,99.9976433621367,98.5185185185185,1.3135357
St. Martin (French part),MAF,2017,,,,96.658900896192,,
Morocco,MAR,2017,14.4,3242.64428710938,3.5,66.8334675314175,74.2546979867675,-0.5065227
Monaco,MCO,2017,,165781.779121526,,100.0,,1.5452189
Moldova,MDA,2017,5.5,3085.33305844263,2.5,73.3510758492614,94.1081275473507,-0.181840299999999
Madagascar,MDG,2017,43.5,456.851859574031,36.0,17.9831737655425,35.2360569008275,-0.535016199999999
Maldives,MDV,2017,15.0,10263.2991147672,,,79.1508430806623,-0.0431782999999999
"Middle East, North Africa, Afghanistan & Pakistan",MEA,2017,25.98,5279.9701627926,9.4091475850994,65.1017222087437,55.0110015869141,
Mexico,MEX,2017,12.6,10193.7727193457,3.7,42.2656968413867,109.083389282227,-1.0455954
Marshall Islands,MHL,2017,34.2,4190.93468589482,,,,1.1385207
Middle income,MIC,2017,23.83,4967.67314800986,7.48445312871498,,75.5017318725586,
North Macedonia,MKD,2017,4.4,5510.81862920922,2.9,80.571104214333,83.6312866210938,-0.249481799999999
Mali,MLI,2017,25.7,878.561348377434,4.6,,34.447973185326,-1.71864139999999
Malta,MLT,2017,3.7,28546.6597365912,2.5,99.9040721272195,101.760231018066,1.082828
Myanmar,MMR,2017,27.8,1290.56409027458,3.5,54.3770492542013,77.0976104736328,-1.24136
"Middle East, North Africa, Afghanistan & Pakistan (excluding high income)",MNA,2017,27.0713402497178,2959.5986439925,10.0107365967335,63.905613188968,,
Montenegro,MNE,2017,8.1,6840.91155440218,2.5,85.1754101234488,90.5475234985352,0.0506422
Mongolia,MNG,2017,9.1,3956.2049437134,6.8,35.9352120415496,,0.716039
Northern Mariana Islands,MNP,2017,,28989.3470221339,,81.2825747302039,,
Mozambique,MOZ,2017,39.9,618.397694360334,38.3,20.3283365656572,35.2994499206543,-1.06530219999999
Mauritania,MRT,2017,23.3,1576.06857825162,6.6,,30.7430804973383,-0.7637873
Mauritius,MUS,2017,8.0,10379.9138706732,7.3,,95.6264935299157,1.0144918
Malawi,MWI,2017,36.8,544.795729220349,17.6,14.6564856712551,39.0289251751713,-0.313000899999999
Malaysia,MYS,2017,20.5,10293.7629205362,3.1,94.0829823858596,83.2714004516602,-0.011848
North America,NAC,2017,3.0,56770.6564066106,2.5,96.6072447768262,99.8584365844727,
Namibia,NAM,2017,19.5,4476.73324402105,20.0,,82.9187287944073,0.6294292
New Caledonia,NCL,2017,,,7.4,95.9569450602811,,
Niger,NER,2017,44.7,501.615305462902,11.1,,20.3042793946679,-1.0412801
Nigeria,NGA,2017,34.9,2441.71236404488,11.5,26.0906521867092,,-1.90978539999999
Nicaragua,NIC,2017,,2209.63273423213,15.6,,,-0.181501599999999
Netherlands,NLD,2017,1.5,47670.1057253297,2.5,99.9705414785254,115.796371459961,0.7820237
Norway,NOR,2017,,76247.4116445341,2.5,99.2583363937851,115.061729431152,1.0956942
Nepal,NPL,2017,32.7,951.857298563641,4.9,22.4309697051768,77.7481231689453,-0.5502541
Nauru,NRU,2017,18.2,7308.31758516508,,18.658758036814,,0.8241821
New Zealand,NZL,2017,,39722.6068434219,2.5,96.1621382619727,116.713752746582,1.4924848
OECD members,OED,2017,5.50971229859195,36943.6721882405,2.70451207278018,,106.952301025391,
Oman,OMN,2017,11.8,18277.945563615,7.0,89.4748666158554,101.150822367266,0.5468563
Other small states,OSS,2017,21.816515478546,11078.5034399888,8.93089052649875,,72.4134902954102,
Pakistan,PAK,2017,39.5,1495.26187528032,11.7,44.4464700188833,31.2563221783058,-2.2184098
Panama,PAN,2017,16.9,15045.545619615,5.8,,79.0785217285156,0.457992
Peru,PER,2017,13.2,6457.41940254721,6.5,50.4693247094818,99.50537109375,-0.2242779
Philippines,PHL,2017,29.7,3247.4503878362,7.8,46.8868658379392,84.2528228759766,-1.2792545
Palau,PLW,2017,,15841.6183886679,,84.2496095224533,,1.1385207
Papua New Guinea,PNG,2017,47.3,2584.8883636271,28.3,,,-0.8689907
Poland,POL,2017,1.4,13695.6452848724,2.5,91.6054214693425,108.001609802246,0.6020499
Pre-demographic dividend,PRE,2017,33.532915553919,1501.00472393292,20.006678803498,,37.5345191955566,
Puerto Rico (US),PRI,2017,,29061.5563802711,,99.4461459442471,,0.4048918
"Korea, Dem. People's Rep.",PRK,2017,20.5,,47.5,66.6258214386595,,-0.3543859
Portugal,PRT,2017,3.4,20364.1962735946,2.5,94.7731814845443,117.064079284668,1.054818
Paraguay,PRY,2017,5.6,6243.1336313903,2.6,61.8241296517683,,-0.0283019999999999
West Bank and Gaza,PSE,2017,8.2,3462.97986107136,,80.5332671663967,91.1514747935572,-1.3682541
Pacific island small states,PSS,2017,18.2375970717384,3909.88377121052,10.1569095384103,,74.5658721923828,
Post-demographic dividend,PST,2017,3.88491485937252,42190.9858310755,2.51342981874606,,105.532516479492,
French Polynesia,PYF,2017,,20287.7685831663,6.4,90.448717948718,,
Qatar,QAT,2017,6.0,64497.6242543737,,96.2482756865777,102.250071204785,0.8357284
Romania,ROU,2017,7.8,10106.2269557253,2.5,81.9158058017511,88.4959869384766,0.1382404
Russian Federation,RUS,2017,,9418.9140625,2.5,75.8170863981446,96.9046880348653,-0.5386198
Rwanda,RWA,2017,34.6,771.069237513582,31.9,,41.5758285639592,0.094453
South Asia,SAS,2017,35.67,1770.26291324586,10.7109395883132,66.2802218670174,73.732780456543,
Saudi Arabia,SAU,2017,11.9,23035.1199977707,2.5,,107.213197631228,-0.667506399999999
Sudan,SDN,2017,35.0,1261.87353515625,10.3,,43.3027687072754,-1.9473364
Senegal,SEN,2017,17.9,1312.10932776049,8.0,25.0382030548445,,-0.1422197
Singapore,SGP,2017,2.9,59485.3015873921,,100.0,106.88839463636,1.3859813
Solomon Islands,SLB,2017,30.1,2075.36705302305,17.9,,,0.1156377
Sierra Leone,SLE,2017,29.4,1010.54694071207,26.0,8.953960476767,41.1011695861816,-0.1470976
El Salvador,SLV,2017,11.6,3954.84014277572,7.6,,66.9212075557367,-0.3360373
San Marino,SMR,2017,,43057.7784775102,,99.9999955531447,,1.3250909
"Somalia, Fed. Rep.",SOM,2017,26.4,506.501098879459,59.0,,,-2.022776
Serbia,SRB,2017,5.5,6200.26118592152,2.5,74.7872431709499,95.9280700683594,0.1168497
Sub-Saharan Africa (excluding high income),SSA,2017,32.8850419555252,1725.248614336,19.2186224256964,29.3183628742205,40.3692207336426,
South Sudan,SSD,2017,30.3,,,,,-2.44555199999999
Sub-Saharan Africa,SSF,2017,33.37,1620.53648783766,18.6837332748416,27.9519746885603,40.371768951416,
Small states,SST,2017,18.7464503206338,10750.0323524971,8.4535262671028,,75.3346328735352,
Sao Tome and Principe,STP,2017,13.8,1375.59403284199,17.9,34.1846545417893,95.1290435791016,0.2145007
Suriname,SUR,2017,8.2,8338.69235401862,9.3,55.0933294280924,,0.1667453
Slovak Republic,SVK,2017,,17195.2888721963,4.1,99.1668837318932,91.9410705566406,0.8542516
Slovenia,SVN,2017,,22397.7634988337,2.5,96.3408198833944,115.774978637695,0.9455099
Sweden,SWE,2017,,51894.3748177808,2.5,99.66713385314,148.528549194336,0.8668924
Eswatini,SWZ,2017,23.2,3596.23605400492,15.0,35.5659445599292,,-0.380332699999999
Sint Maarten (Dutch part),SXM,2017,,33945.4185182499,,,,
Seychelles,SYC,2017,7.1,17921.5731976918,3.3,63.7163618884883,113.519952352591,0.813523
Syrian Arab Republic,SYR,2017,27.2,795.883216970859,18.5,,,-2.4453795
Turks and Caicos Islands,TCA,2017,3.4,50586.1032335151,,47.1971146261039,80.772142316427,
Chad,TCD,2017,34.1,879.075895466718,26.7,6.03169374321151,14.0123630025093,-1.36771589999999
East Asia & Pacific (IDA & IBRD countries),TEA,2017,14.133557667838,7457.89049178297,3.8538050305531,,86.2188720703125,
Europe & Central Asia (IDA & IBRD countries),TEC,2017,8.72149184834304,8434.48840087775,2.81485391764635,84.1392860890562,98.9324569702148,
Togo,TGO,2017,24.6,774.274897347436,20.4,17.703874729563,51.5055745468098,-0.835878399999999
Thailand,THA,2017,12.6,6076.74307700082,8.1,,86.0704322494438,-0.984692599999999
Tajikistan,TJK,2017,18.3,1042.26391757642,12.2,58.6108638282179,,-0.6533475
Turkmenistan,TKM,2017,9.0,6222.55590558882,3.4,92.6888468728397,,-0.2289187
Latin America & the Caribbean (IDA & IBRD countries),TLA,2017,12.1215695060552,8315.64171218597,6.11610572836736,76.7830409621407,98.6692733764648,
Timor-Leste,TLS,2017,48.1,1267.08661597675,16.2,,84.7672794199171,0.0703179999999999
"Middle East, North Africa, Afghanistan & Pakistan (IDA & IBRD)",TMN,2017,27.2226053683697,2956.16092955273,10.0107365967335,63.7847192171454,,
Tonga,TON,2017,3.7,4568.62468668733,,29.4860944942856,,0.8010403
South Asia (IDA & IBRD),TSA,2017,35.6455407987764,1770.26291324586,10.7109395883132,66.2802218670174,73.732780456543,
Sub-Saharan Africa (IDA & IBRD countries),TSS,2017,33.3640429407782,1620.53648783766,18.6837332748416,27.9519746885603,40.371768951416,
Trinidad and Tobago,TTO,2017,8.2,17402.6155328454,7.1,69.2834269505623,,0.0748617
Tunisia,TUN,2017,8.7,4062.80606534519,2.6,74.5240374235795,,-0.7432926
Turkiye,TUR,2017,6.8,12005.6459824832,2.5,,110.961929321289,-1.70623179999999
Tuvalu,TUV,2017,6.5,3666.20189700038,,8.46103365882406,,1.1385207
Tanzania,TZA,2017,33.3,1001.55895996094,22.6,24.0291277346378,26.6423516825531,-0.683829799999999
Uganda,UGA,2017,27.5,871.093880017151,35.5,13.5357388271595,,-0.6855171
Ukraine,UKR,2017,16.3,2217.7529296875,2.6,88.4116133459995,86.8121857927259,-1.590004
Upper middle income,UMC,2017,11.1,8062.58107378634,3.81500060477913,78.1681642762238,93.6901931762695,
Uruguay,URY,2017,7.3,17611.6036701032,2.5,,122.787338256836,1.1129983
United States,USA,2017,3.0,58151.7021391854,2.5,96.6943498319154,98.695556640625,0.1101294
Uzbekistan,UZB,2017,9.3,2995.76761437743,2.5,74.5369165741151,93.5591792866064,-0.2138791
St. Vincent and the Grenadines,VCT,2017,,7872.92690537077,4.9,,,0.7873576
"Venezuela, RB",VEN,2017,11.2,2871.31531165261,23.7,,87.9344787597656,-1.38006459999999
British Virgin Islands,VGB,2017,,,,,91.5360501567398,
Virgin Islands (U.S.),VIR,2017,,34435.4944455756,,98.4591643651405,,0.8126545
Viet Nam,VNM,2017,22.1,2868.13680013379,7.3,54.9495461820642,87.6304773371075,0.1500179
Vanuatu,VUT,2017,28.5,2946.96186165079,7.4,18.7049546859824,,0.8525004
World,WLD,2017,23.49,10561.1001052909,7.4,68.818921544456,74.3800277709961,
Samoa,WSM,2017,6.1,4393.37316255965,4.9,61.6296051209446,,1.0690453
Kosovo,XKX,2017,,3890.17807271082,,,,-0.1718171
"Yemen, Rep.",YEM,2017,46.3,1103.45634849842,,,,-2.7305026
South Africa,ZAF,2017,22.2,6125.6920507497,6.1,69.5538303347027,110.607490539551,-0.3828321
Zambia,ZMB,2017,35.2,1308.76829240086,31.8,,,-0.211101999999999
Zimbabwe,ZWE,2017,25.3,1422.91948946927,30.9,26.7972307877594,,-0.8348774
Aruba,ABW,2018,,29419.208623316,,,143.72492980957,1.3341522
Africa Eastern and Southern,AFE,2018,34.5339554575933,1489.94213724372,23.4907463631339,27.5157444811367,41.1385498046875,
Afghanistan,AFG,2018,41.2,553.125151688293,22.6,25.8882133846455,,-2.5824048
Africa Western and Central,AFW,2018,30.4881623640282,1814.69463581898,12.4297258173265,27.8757673210442,40.4764213562012,
Angola,AGO,2018,39.1,3196.79006983557,15.9,,,-0.4058117
Albania,ALB,2018,11.1,4893.82375538717,4.3,70.6533520520137,,0.1502032
Andorra,AND,2018,,39242.1633307803,,90.6400030913695,97.8036804199219,1.3290002
Arab World,ARB,2018,20.6646352769683,6377.12047410411,9.63612084251668,,65.6868133544922,
United Arab Emirates,ARE,2018,,43377.7858697225,2.9,98.6280675772595,100.131416320801,0.8336611
Argentina,ARG,2018,8.2,13058.3285449954,3.7,,112.869537353516,0.1204378
Armenia,ARM,2018,8.9,4027.83393010979,2.5,82.5794093560548,82.6929233518222,-0.0038900999999999
American Samoa,ASM,2018,,12412.6024074562,,89.8791200123336,,1.2606571
Antigua and Barbuda,ATG,2018,,18042.1596435727,,,119.61092376709,0.7900001
Australia,AUS,2018,3.2,58772.7063152213,2.5,,132.354217529297,0.8840942
Austria,AUT,2018,,45951.5819164034,2.5,98.9044771187717,98.9431686401367,0.8440814
Azerbaijan,AZE,2018,10.0,5261.92938234432,2.5,55.4571652885698,108.65273695473,-0.3567438
Burundi,BDI,2018,53.4,267.508692172687,,,48.9246508069948,-1.62367939999999
Belgium,BEL,2018,2.5,42208.3625650272,2.5,99.629850517228,165.985092163086,0.4247021
Benin,BEN,2018,33.3,1071.50452156932,11.4,16.7763550923899,,0.1649971
Burkina Faso,BFA,2018,23.0,694.492813126351,14.5,,39.4315297671845,-0.961889999999999
Bangladesh,BGD,2018,29.8,1462.25050255713,12.0,57.7206212770885,69.0192069270982,-1.02517179999999
Bulgaria,BGR,2018,6.1,8194.37434587757,3.1,96.6979700842109,102.039916992188,0.592909
Bahrain,BHR,2018,5.2,24059.7838641562,,98.9078127858863,100.906915228618,-0.8677102
"Bahamas, The",BHS,2018,,31537.2423841956,,,84.2835504392608,0.7130765
Bosnia and Herzegovina,BIH,2018,8.4,5360.25201017633,2.5,88.8646201732472,87.8049774169922,-0.2895156
Belarus,BLR,2018,1.5,6165.91320019277,2.5,92.7051848633101,100.837960983045,0.2676565
Belize,BLZ,2018,13.4,5707.61059954436,5.3,,88.364140080516,0.0296183
Bermuda,BMU,2018,,106843.163739391,,,,0.9762284
Bolivia,BOL,2018,13.8,3204.53670819124,13.7,,87.8603570044998,-0.1913596
Brazil,BRA,2018,7.5,8722.33529970988,2.5,84.2578908584448,106.413528442383,-0.645190399999999
Barbados,BRB,2018,6.2,20483.9550976366,2.5,,108.398483276367,0.8002803
Brunei Darussalam,BRN,2018,12.5,29200.1952024222,,,92.0042572021484,1.1449838
Bhutan,BTN,2018,21.1,3300.55006461736,,57.2682978777114,94.7654841059746,1.1151798
Botswana,BWA,2018,22.5,6843.84612027739,22.1,66.9608403591373,,0.9948159
Central African Republic,CAF,2018,38.8,395.020015455909,24.4,6.38520705088677,,-1.89363629999999
Canada,CAN,2018,,44907.3436912123,2.5,97.469158393314,112.037117004395,0.9371514
Central Europe and the Baltics,CEB,2018,3.36482534122039,14411.9811999447,2.58213530468879,,100.836486816406,
Switzerland,CHE,2018,,86756.6022327472,2.5,96.6999971613406,102.257682800293,1.2552678
Channel Islands,CHI,2018,,63859.9826096615,,,,
Chile,CHL,2018,1.7,13763.0068844795,3.0,97.200378914491,103.21607208252,0.6742085
China,CHN,2018,5.5,9798.6528523316,2.5,,,-0.237003599999999
Cote d'Ivoire,CIV,2018,23.5,2013.32307598499,9.8,38.2342546419239,46.3947128556196,-0.9182691
Cameroon,CMR,2018,28.7,1461.01969999317,6.2,,,-1.4691248
"Congo, Dem. Rep.",COD,2018,42.5,495.312105711027,32.5,11.4046991363784,,-1.8967124
"Congo, Rep.",COG,2018,18.9,1909.9560382117,29.7,45.3252519683388,,-0.6896411
Colombia,COL,2018,11.6,6353.5464285392,4.2,72.9145783747935,102.91561126709,-0.665561899999999
Comoros,COM,2018,22.4,1391.84620461012,13.2,,64.5565253389451,-0.407626
Cabo Verde,CPV,2018,6.2,3853.67940035241,14.8,,104.00895690918,0.8387813
Costa Rica,CRI,2018,8.1,12679.5253643016,2.5,80.4450130998755,129.916809082031,0.6346654
Caribbean small states,CSS,2018,8.92587272353803,13815.7947601283,5.88800596713611,,89.5968170166016,
Cuba,CUB,2018,7.1,8120.43123558256,,,100.943717956543,0.5676311
Curacao,CUW,2018,,18355.1765793615,,,,
Cayman Islands,CYM,2018,,79305.7692066005,,,87.5760649087221,0.978425
Cyprus,CYP,2018,,26962.40625,2.5,99.2431743853816,99.575309753418,0.6561041
Czechia,CZE,2018,2.3,19736.6295261285,2.5,98.1495781995876,102.012992858887,1.0436452
Germany,DEU,2018,1.8,43905.8550061973,2.5,99.9061174216376,97.601936340332,0.8239013
Djibouti,DJI,2018,23.4,2677.1650334451,12.2,,,-0.296717499999999
Dominica,DMA,2018,,8261.16492553236,5.5,,,1.112031
Denmark,DNK,2018,,56355.0733084714,2.5,99.4517911673513,129.861923217773,1.0018359
Dominican Republic,DOM,2018,6.9,7818.70593240469,5.6,44.8279264288818,83.2545036540322,0.0030759
Algeria,DZA,2018,9.7,4717.0035885361,2.5,73.3265443892925,,-0.6370211
East Asia & Pacific (excluding high income),EAP,2018,13.7171453703537,7806.58513374745,4.27430648451075,,87.1004104614258,
Early-demographic dividend,EAR,2018,28.8738622167904,3444.80737958553,9.45857769202993,,74.0610427856445,
East Asia & Pacific,EAS,2018,13.05,10945.0220958063,4.20099663115723,67.3283915607671,88.4812393188477,
Europe & Central Asia (excluding high income),ECA,2018,8.90141456680062,6930.30071694301,3.04642408933338,80.940698699834,99.7525177001953,
Europe & Central Asia,ECS,2018,5.32,24037.6040282064,2.65501330193102,91.7738396471301,104.573738098145,
Ecuador,ECU,2018,20.0,6063.0956178776,11.3,68.2031322851941,96.3960714193164,-0.0672488
"Egypt, Arab Rep.",EGY,2018,16.1,3568.63966286161,6.4,75.3788082590497,75.9067103552346,-1.26200959999999
Euro area,EMU,2018,,36369.0726205231,2.51259861929218,,107.565269470215,
Eritrea,ERI,2018,50.2,,,,43.4416885375977,-0.9260353
Spain,ESP,2018,,27956.7225466484,2.5,99.5528049163769,121.294639587402,0.3346558
Estonia,EST,2018,1.2,19914.3454922878,2.5,97.8880540177548,114.272331237793,0.7988248
Ethiopia,ETH,2018,37.2,705.96881207336,16.1,11.0450516544031,,-1.2054246
European Union,EUU,2018,,32719.1711480652,2.51878407829688,,107.385391235352,
Fragile and conflict affected situations,FCS,2018,33.8092432868287,1607.410665042,17.2633852424827,,42.3339385986328,
Finland,FIN,2018,1.6,45337.2409550575,2.5,99.6345493672239,161.847595214844,1.041505
Fiji,FJI,2018,6.3,5720.21447177109,6.4,41.3539472354658,93.1892646769198,0.6984111
France,FRA,2018,,38062.4435961412,2.5,99.2425574566239,104.071128845215,0.1043516
Faroe Islands,FRO,2018,,54433.5931539501,,,,
"Micronesia, Fed. Sts.",FSM,2018,,2910.6935304708,,,,1.2058557
Gabon,GAB,2018,14.8,6724.5961429108,17.5,,,-0.393451
United Kingdom,GBR,2018,3.0,47514.7763693453,2.5,99.8770562589436,122.013656616211,0.2825929
Georgia,GEO,2018,6.0,4713.65354845303,5.4,67.9717478712899,109.227803680577,-0.0948569
Ghana,GHA,2018,17.8,1915.4532323781,7.5,34.7388460301032,66.9166894213064,-0.032042
Gibraltar,GIB,2018,,,,100.0,,
Guinea,GIN,2018,29.3,899.907328045175,13.4,,,-0.930512799999999
"Gambia, The",GMB,2018,17.6,658.127833258563,15.0,43.0731979106053,,-0.115459499999999
Guinea-Bissau,GNB,2018,27.6,686.456819839526,12.4,22.9080958026933,,-0.649365499999999
Equatorial Guinea,GNQ,2018,19.5,6578.90039765711,,,,-0.3808707
Greece,GRC,2018,1.9,18769.0389621976,2.5,97.8601775655047,102.07266998291,0.351321
Grenada,GRD,2018,,9744.16919577204,,,111.967495690717,0.9161154
Greenland,GRL,2018,,47012.9860350276,,,,1.7575234
Guatemala,GTM,2018,45.4,4040.2121371198,14.0,49.2549105362855,52.3446298715485,-0.6836211
Guam,GUM,2018,,35731.2203743081,,98.5139292608282,,0.9368685
Guyana,GUY,2018,9.7,6080.90612132746,2.9,66.2313889036287,,-0.0410701
High income,HIC,2018,3.8,38563.3769225101,2.57737017600834,95.4415439175745,104.676200866699,
"Hong Kong SAR, China",HKG,2018,,45280.5079891951,2.5,99.920316782357,105.382222222222,0.7617643
Honduras,HND,2018,19.4,2430.13503657762,13.1,63.1906427532202,,-0.864353599999999
Heavily indebted poor countries (HIPC),HPC,2018,33.5266626753376,960.452334962383,21.5248780953699,,37.9172706604004,
Croatia,HRV,2018,,14060.9874833125,2.5,86.8198963472704,107.253150939941,0.7689202
Haiti,HTI,2018,21.5,1437.35251928349,41.2,,,-0.7667849
Hungary,HUN,2018,,14533.7783144312,2.5,94.4862820001029,103.239440917969,0.6616322
IBRD only,IBD,2018,20.1296315500035,6214.51417284405,6.08231336075221,74.4886204608067,85.2913284301758,
IDA & IBRD total,IBT,2018,25.2432963632154,4955.36761741777,8.69952982550094,65.3789318946811,71.4286880493164,
IDA total,IDA,2018,33.0175458401309,1418.00708422156,16.3730695777158,39.5233708298824,45.2876815795898,
IDA blend,IDB,2018,32.5422250242751,2003.84851119473,12.5682780992273,39.6866799842556,42.5673599243164,
Indonesia,IDN,2018,27.3,3701.32155461912,6.0,29.2010349952374,93.7541308046929,-0.5428012
IDA only,IDX,2018,33.2830861996905,1100.05510569349,18.5800450163299,37.8569432319857,46.8124504089355,
Isle of Man,IMN,2018,,95040.4061748938,,98.3519816834383,,
India,IND,2018,35.6,1883.35772705062,10.5,66.2471046550041,75.5565032958984,-0.6785888
Not classified,INX,2018,,,,,,
Ireland,IRL,2018,2.2,74029.0550611436,2.5,93.114008663692,164.419372558594,0.9855531
"Iran, Islamic Rep.",IRN,2018,5.1,5127.22495367018,8.0,93.6271990770832,,-0.9686014
Iraq,IRQ,2018,13.1,4749.00921836896,15.8,58.876573508811,,-2.1719253
Iceland,ISL,2018,,57731.6523401884,2.5,99.7891499159749,113.783317565918,1.2958486
Israel,ISR,2018,,38729.6426036983,2.5,99.5405350798841,98.8978576660156,-0.3446955
Italy,ITA,2018,,31819.3971830067,2.5,96.4674193536742,100.701438903809,0.3723628
Jamaica,JAM,2018,6.4,5717.87621107532,6.3,,84.739986572276,0.169434
Jordan,JOR,2018,8.0,3928.77026821205,10.6,78.0209919365775,92.4891451216421,-0.322432699999999
Japan,JPN,2018,5.6,36138.5290824814,,98.5009077018191,100.685279846191,1.1378638
Kazakhstan,KAZ,2018,6.8,10670.2120148279,2.5,90.1137990474699,96.2488486443621,-0.1086366
Kenya,KEN,2018,22.0,1596.69045914945,22.9,,,-1.1196296
Kyrgyz Republic,KGZ,2018,12.0,1175.0712778747,5.0,73.6628334876538,91.0594350779724,-0.323764
Cambodia,KHM,2018,25.2,1884.28374817086,5.6,26.538211463367,53.0927446861047,-0.1054427
Kiribati,KIR,2018,15.3,1803.94864980951,3.6,13.8018497525444,,0.95586
St. Kitts and Nevis,KNA,2018,,21635.4972146482,,,117.739025856885,0.6638851
"Korea, Rep.",KOR,2018,1.8,32852.8887488942,2.5,98.8009069755656,98.8866806030273,0.8705137
Kuwait,KWT,2018,4.7,26706.0191660864,2.5,100.0,,0.2360921
Latin America & Caribbean (excluding high income),LAC,2018,12.3485829969901,8307.30884340362,5.28109518725636,75.7391575259705,100.221862792969,
Lao PDR,LAO,2018,33.6,2459.97874636195,,19.0005939716825,63.8298251272908,0.2651475
Lebanon,LBN,2018,9.6,8388.7235123835,5.6,47.6307071666277,68.2192125483757,-1.2146005
Liberia,LBR,2018,29.4,665.875439637137,35.3,,,-0.0185577
Libya,LBY,2018,16.7,10020.9165751361,11.9,,,-2.28391459999999
St. Lucia,LCA,2018,2.4,11233.8883578457,,,90.4871978759766,0.8694958
Latin America & Caribbean,LCN,2018,12.01,8489.63171792302,6.04342631114664,76.5598774160341,99.8022918701172,
Least developed countries: UN classification,LDC,2018,34.6451919501926,1038.13136576604,19.3205433887295,,44.5144805908203,
Low income,LIC,2018,36.35,719.528260376391,27.1940635753866,28.0290737358883,35.7923583984375,
Liechtenstein,LIE,2018,,,,100.0,101.641143798828,1.5055506
Sri Lanka,LKA,2018,12.1,4493.03575444544,5.3,48.1392631930526,99.2050919963165,-0.2597255
Lower middle income,LMC,2018,31.2,2078.47285786989,10.7550555090269,63.8643125645995,64.9927520751953,
Low & middle income,LMY,2018,25.38,4779.40840873637,8.90098856917836,,71.2089767456055,
Lesotho,LSO,2018,33.7,1068.44462913373,,25.7117199663393,,-0.1397918
Late-demographic dividend,LTE,2018,7.80251253497234,9481.09349361994,3.48846995128338,,92.1066589355469,
Lithuania,LTU,2018,1.6,16604.9021440809,2.5,94.9356571929639,105.096572875977,0.9070273
Luxembourg,LUX,2018,,106788.728745199,2.5,99.6286342945879,108.786758422852,1.3055181
Latvia,LVA,2018,1.8,15120.0698171804,2.5,95.8508834607555,108.584571838379,0.6632555
"Macao SAR, China",MAC,2018,,79178.6506290559,5.9,99.9992668237759,93.8029197080292,1.1477542
St. Martin (French part),MAF,2018,,,,96.6533309908579,,
Morocco,MAR,2018,14.1,3304.7119140625,3.6,68.9567317601261,75.2608385790025,-0.426450799999999
Monaco,MCO,2018,,173041.761057866,,100.0,,1.5480267
Moldova,MDA,2018,5.2,3267.9961042872,2.5,73.6867286389426,95.4169685647691,-0.2383059
Madagascar,MDG,2018,42.3,459.330367799543,37.5,18.5668414182274,35.3710327591243,-0.7625617
Maldives,MDV,2018,14.7,10793.8941325367,,,76.8313327177593,-0.135999999999999
"Middle East, North Africa, Afghanistan & Pakistan",MEA,2018,25.24,5321.7434512062,9.33835426438719,65.2185494487559,56.3839988708496,
Mexico,MEX,2018,12.7,10296.8690928534,3.6,42.3854808216513,110.51097869873,-0.927316799999999
Marshall Islands,MHL,2018,33.2,4542.34293916308,,,,1.14243
Middle income,MIC,2018,23.18,5160.5638050536,7.36751069271856,,76.4620666503906,
North Macedonia,MKD,2018,4.3,5698.39334484489,2.6,80.4971583197386,82.5274887084961,-0.1184433
Mali,MLI,2018,24.9,892.978322791418,4.6,,34.2633935963908,-1.87828559999999
Malta,MLT,2018,3.6,29536.8052374716,2.5,99.893026031184,102.913093566895,1.1121321
Myanmar,MMR,2018,26.9,1361.56831265985,3.4,55.9632831646209,81.8814926147461,-1.29787299999999
"Middle East, North Africa, Afghanistan & Pakistan (excluding high income)",MNA,2018,26.2884535148902,2968.95602708448,9.93261092038879,64.032399949335,,
Montenegro,MNE,2018,8.1,7159.47114735985,2.5,85.2588066435164,91.4177093505859,0.131692
Mongolia,MNG,2018,8.6,4183.85566447661,6.2,36.9432223522064,93.3913463704946,0.7490657
Northern Mariana Islands,MNP,2018,,23756.6075820248,,81.3641314757951,,
Mozambique,MOZ,2018,38.9,621.153734194787,32.5,21.2778736184756,,-0.798038799999999
Mauritania,MRT,2018,22.9,1602.90225649072,6.5,,34.754930908232,-0.748524899999999
Mauritius,MUS,2018,7.9,10789.9241521132,7.1,,93.8197294421645,0.8991856
Malawi,MWI,2018,35.8,553.528790902088,18.3,15.2296756277832,38.1734496554461,-0.3896791
Malaysia,MYS,2018,20.8,10610.1950240479,2.9,94.1798825288055,79.4510116577148,0.1769644
North America,NAC,2018,3.1,58052.7625499753,2.5,96.7506209987011,99.9377136230469,
Namibia,NAM,2018,18.7,4400.47537705743,19.2,,82.4447917914626,0.6942559
New Caledonia,NCL,2018,,,6.9,96.1840301489134,,0.9953247
Niger,NER,2018,44.7,519.546993483886,10.9,,,-1.1906754
Nigeria,NGA,2018,34.4,2431.77857832568,12.1,26.6622783450024,39.4427909851074,-1.8854786
Nicaragua,NIC,2018,,2107.3396261623,15.5,,,-1.1119701
Netherlands,NLD,2018,1.5,48463.0299739951,2.5,99.9689678846612,114.827590942383,0.7930988
Norway,NOR,2018,,76373.6474606092,2.5,99.2303563563969,115.596313476562,1.1115481
Nepal,NPL,2018,31.1,1021.91492204011,4.5,20.8767346480429,,-0.495786599999999
Nauru,NRU,2018,17.6,7149.78109138393,,18.6593871902814,,0.8079535
New Zealand,NZL,2018,,40371.5456268118,2.5,97.1428532133705,116.203987121582,1.4448939
OECD members,OED,2018,5.48995234229454,37584.634230902,2.69044019457493,,106.945007324219,
Oman,OMN,2018,11.9,18269.6769435562,6.3,89.8930996130833,103.041481138997,0.5392522
Other small states,OSS,2018,21.1808837940676,11422.3381975176,8.67480863276465,,73.3735961914062,
Pakistan,PAK,2018,38.1,1561.68169819559,10.9,44.5518700730857,33.7539426003326,-1.9857782
Panama,PAN,2018,16.0,15375.6434854475,5.0,,,0.364313
Peru,PER,2018,12.4,6593.14437459526,6.0,50.7453137052622,98.6696395874023,-0.1689403
Philippines,PHL,2018,28.8,3410.93647976109,6.4,47.1029928204949,82.4822175600847,-1.06677739999999
Palau,PLW,2018,,15642.8069323229,,85.4768938554867,,1.14243
Papua New Guinea,PNG,2018,47.0,2518.45899317321,28.5,,40.4233467116333,-0.7969145
Poland,POL,2018,1.3,14551.0850277089,2.5,91.4479583436142,109.459831237793,0.630199
Pre-demographic dividend,PRE,2018,33.0203892065055,1498.97139237832,20.0418714270406,,38.3734588623047,
Puerto Rico (US),PRI,2018,,28808.8518638025,,99.7456985507548,90.4226531982422,0.3034965
"Korea, Dem. People's Rep.",PRK,2018,19.6,,47.0,66.4660307462782,,-0.275313
Portugal,PRT,2018,3.3,20997.7745987013,2.5,94.8434931768351,118.86946105957,1.0917404
Paraguay,PRY,2018,5.0,6354.2392005316,2.7,62.4557866810629,,-0.0337829
West Bank and Gaza,PSE,2018,7.9,3417.79440837962,,80.5480740966707,91.43948440818,-1.46491939999999
Pacific island small states,PSS,2018,18.2180440153079,3965.69591895216,9.91291126295396,,74.8235778808594,
Post-demographic dividend,PST,2018,3.83476827712875,42982.1948272898,2.52983764094977,,104.895156860352,
French Polynesia,PYF,2018,,20674.4206829029,6.4,90.448717948718,,
Qatar,QAT,2018,5.8,64410.7171628721,,96.0987946237183,101.167953667954,0.8707185
Romania,ROU,2018,7.6,10714.1701157127,2.5,81.9333570699511,86.5674591064453,0.1435505
Russian Federation,RUS,2018,,9674.787109375,2.5,75.8693778590635,98.3779350439121,-0.3681038
Rwanda,RWA,2018,33.5,817.578437300032,32.7,,43.2482338226061,0.1598446
South Asia,SAS,2018,34.56,1863.72112646654,10.4774061592351,67.8769128877962,75.2186279296875,
Saudi Arabia,SAU,2018,11.7,24393.5188306638,2.5,,106.805095615016,-0.5983975
Sudan,SDN,2018,34.7,1185.94445800781,10.8,,42.4490699768066,-1.71645009999999
Senegal,SEN,2018,17.6,1355.09610863712,7.1,25.3433216862511,,-0.1420966
Singapore,SGP,2018,2.8,61250.3476672302,,100.0,105.214493204689,1.2994328
Solomon Islands,SLB,2018,29.6,2061.8996970669,18.0,,,0.3816525
Sierra Leone,SLE,2018,28.5,1015.6678297205,27.0,9.22155897386746,42.5191192626953,-0.2065515
El Salvador,SLV,2018,11.1,4046.16291720583,6.8,,67.797487363072,-0.420064599999999
San Marino,SMR,2018,,42818.6962696679,,100.0,57.6923076923077,1.3290002
"Somalia, Fed. Rep.",SOM,2018,25.7,498.981065013872,56.2,,,-2.06147769999999
Serbia,SRB,2018,5.3,6524.08029755191,2.5,74.8042574835344,95.5111312866211,0.1163728
Sub-Saharan Africa (excluding high income),SSA,2018,32.3787062947991,1724.10846517385,19.2055230037911,30.1667222793669,40.8536911010742,
South Sudan,SSD,2018,30.1,,,,,-2.3307387
Sub-Saharan Africa,SSF,2018,32.84,1622.24137160361,18.8804146691059,28.8053120992734,40.8560485839844,
Small states,SST,2018,18.2781601374521,10981.9220128952,8.23102932272742,,75.903190612793,
Sao Tome and Principe,STP,2018,12.9,1413.84348618541,17.8,34.6650082017517,,0.4666013
Suriname,SUR,2018,8.1,8666.64870697797,9.0,55.312033930288,,0.1496981
Slovak Republic,SVK,2018,,17869.0149173679,3.3,99.2246981648398,92.4617462158203,0.7129564
Slovenia,SVN,2018,,23293.966665323,2.5,96.9088764948824,114.688491821289,0.9840178
Sweden,SWE,2018,,52203.0872589761,2.5,99.6855409148822,147.598724365234,0.928959
Eswatini,SWZ,2018,22.2,3565.54285067501,13.4,35.9421056743199,,-0.5468116
Sint Maarten (Dutch part),SXM,2018,,31047.7241050626,,,,
Seychelles,SYC,2018,6.8,18628.1862276696,3.0,63.7206600165615,106.99716713881,0.7800693
Syrian Arab Republic,SYR,2018,26.5,792.413811698757,22.8,,,-2.4238579
Turks and Caicos Islands,TCA,2018,3.2,51863.1830309332,,47.1715165683378,86.8580093383789,
Chad,TCD,2018,33.3,898.834794007399,28.1,6.07143569515003,13.9039225599097,-1.3603311
East Asia & Pacific (IDA & IBRD countries),TEA,2018,13.6493607758985,7894.29711578739,3.73839504183825,,86.9969024658203,
Europe & Central Asia (IDA & IBRD countries),TEC,2018,8.1931792667599,8718.49343377415,2.80052107127748,84.4078591429585,99.4584503173828,
Togo,TGO,2018,24.2,791.592405216309,19.7,18.2068845501877,,-0.8728328
Thailand,THA,2018,12.4,6314.19948412043,7.6,,87.3145736498592,-0.979869
Tajikistan,TJK,2018,16.8,1094.8002018221,10.3,60.2753034226593,,-0.672519099999999
Turkmenistan,TKM,2018,8.4,6460.94356849428,3.5,93.8240180351315,,-0.1316848
Latin America & the Caribbean (IDA & IBRD countries),TLA,2018,12.0460409314161,8349.28798690798,6.04342631114664,77.2387828238353,99.8246307373047,
Timor-Leste,TLS,2018,47.3,1237.2006590123,16.3,,87.2436736474694,0.2487237
"Middle East, North Africa, Afghanistan & Pakistan (IDA & IBRD)",TMN,2018,26.4382345493188,2965.86693458956,9.93261092038879,63.9117290554404,,
Tonga,TON,2018,3.2,4583.5594849415,,29.4924773914689,,0.8562319
South Asia (IDA & IBRD),TSA,2018,34.5731211292069,1863.72112646654,10.4774061592351,67.8769128877962,75.2186279296875,
Sub-Saharan Africa (IDA & IBRD countries),TSS,2018,32.8349659626632,1622.24137160361,18.8804146691059,28.8053120992734,40.8560485839844,
Trinidad and Tobago,TTO,2018,8.0,17205.615135339,7.2,69.2899273828355,,0.1156046
Tunisia,TUN,2018,8.6,4127.97005697994,2.5,73.1965977847782,,-0.5600278
Turkiye,TUR,2018,6.5,12255.0082146169,2.5,,111.409126281738,-1.1241116
Tuvalu,TUV,2018,6.2,3757.85997284742,,8.50296520447543,86.4122085571289,1.3290002
Tanzania,TZA,2018,32.5,1024.01525878906,22.9,25.5793671596834,29.1602013185307,-0.664168099999999
Uganda,UGA,2018,26.3,895.07512785438,35.9,14.3595127676697,,-0.7395762
Ukraine,UKR,2018,15.7,2308.6669921875,3.0,88.3442184434401,85.9279826554464,-1.4461552
Upper middle income,UMC,2018,10.74,8396.09643945286,3.80934522872914,78.5453637883392,94.4231109619141,
Uruguay,URY,2018,7.0,17608.9441195037,2.5,,124.153419494629,1.1130252
United States,USA,2018,3.1,59526.665698712,2.5,96.8524248605791,98.7960586547852,0.2904961
Uzbekistan,UZB,2018,8.7,3108.1618786112,2.5,75.6617226221262,94.8141255682856,-0.2119487
St. Vincent and the Grenadines,VCT,2018,,8179.99598957084,5.1,,,0.7900001
"Venezuela, RB",VEN,2018,11.0,2365.59281270712,23.4,,,-1.4649999
British Virgin Islands,VGB,2018,,,,,67.0731707317073,
Virgin Islands (U.S.),VIR,2018,,35174.1019944986,,98.5028282395261,,0.8160116
Viet Nam,VNM,2018,21.5,3048.28327602145,6.9,55.4802729948595,88.6447461101443,-0.0542592999999999
Vanuatu,VUT,2018,28.7,2960.65376683153,7.6,18.7675820376693,,1.021257
World,WLD,2018,22.99,10789.6668089725,7.3,69.3903638517939,75.0290069580078,
Samoa,WSM,2018,6.4,4321.00518344962,4.7,61.8166056551922,,0.9953036
Kosovo,XKX,2018,,4009.12140760339,,,,-0.4135898
"Yemen, Rep.",YEM,2018,46.0,1079.32938366255,,,,-2.7242925
South Africa,ZAF,2018,22.1,6117.2701406047,6.4,69.6504166205386,105.538677930271,-0.299383199999999
Zambia,ZMB,2018,33.9,1321.25045711573,31.5,,,-0.2916638
Zimbabwe,ZWE,2018,24.5,1472.14603844842,31.0,26.5886782173324,,-0.824492
Aruba,ABW,2019,,29699.1805366222,,,141.99267578125,1.3349374
Africa Eastern and Southern,AFE,2019,34.0884937655304,1479.37238691603,24.1452738383161,28.2891714196339,41.6500816345215,
Afghanistan,AFG,2019,40.9,557.861533207459,25.1,26.7218546246806,,-2.5893714
Africa Western and Central,AFW,2019,29.9196254063418,1829.06806387649,13.3282692322337,28.2958735656673,42.076530456543,
Angola,AGO,2019,40.5,3083.97534427357,18.2,,,-0.420703899999999
Albania,ALB,2019,10.2,5072.43648354739,4.3,70.6658539388464,,0.0043749999999999
Andorra,AND,2019,,39346.2935180487,,90.6400044942016,95.9698791503906,1.5488694
Arab World,ARB,2019,20.3095640267461,6367.60443969474,10.0075236428171,,66.192512512207,
United Arab Emirates,ARE,2019,,43468.4586811918,2.8,98.6304444914827,101.139777479205,0.8295526
Argentina,ARG,2019,8.4,12706.3978108968,3.6,,113.60587310791,0.0571577
Armenia,ARM,2019,8.1,4343.45839583019,2.5,82.4279215145451,86.6098941525282,0.0683699
American Samoa,ASM,2019,,12524.0160252283,,90.0922581229425,,1.2471192
Antigua and Barbuda,ATG,2019,,18525.2588907167,,,,0.9169085
Australia,AUS,2019,3.1,59181.2997904131,2.5,,139.616836547852,0.8454141
Austria,AUT,2019,,46550.5622459492,2.5,98.9026222434307,100.049346923828,0.7878108
Azerbaijan,AZE,2019,9.1,5346.95318604114,2.5,55.8646849838944,107.552111988747,-0.3373117
Burundi,BDI,2019,53.3,270.411005710809,,,44.8293939228029,-1.66929629999999
Belgium,BEL,2019,2.5,43006.4042308863,2.5,99.6160672547222,166.064483642578,0.3774033
Benin,BEN,2019,32.9,1114.17304526443,11.8,16.9280406391786,,-0.197976799999999
Burkina Faso,BFA,2019,21.9,717.021595096634,14.3,,40.517531621348,-1.19570659999999
Bangladesh,BGD,2019,28.4,1564.20802445636,10.9,58.1817087457811,68.6082490748818,-0.996755
Bulgaria,BGR,2019,6.0,8626.13418680372,3.0,96.614717546999,101.704620361328,0.5788167
Bahrain,BHR,2019,5.0,24873.6640060134,,98.9058941745334,101.991173149954,-0.603362
"Bahamas, The",BHS,2019,,31117.6299132391,,,80.0,0.6927555
Bosnia and Herzegovina,BIH,2019,8.3,5583.29721276458,2.5,88.7367861218497,87.5772018432617,-0.309193899999999
Belarus,BLR,2019,1.4,6267.73508743505,2.5,92.7745621864769,99.9048197524061,0.4258145
Belize,BLZ,2019,12.9,5864.14611827109,5.0,,88.4514778969396,0.1334022
Bermuda,BMU,2019,,106709.881238843,,,,0.977236
Bolivia,BOL,2019,13.0,3207.3869521223,13.6,,88.0304372690611,-0.7539613
Brazil,BRA,2019,7.7,8771.43950372603,2.5,85.0114840712181,105.773582458496,-0.722116299999999
Barbados,BRB,2019,6.1,20494.3871602646,2.8,,106.941482543945,0.9758945
Brunei Darussalam,BRN,2019,11.7,29996.2407223175,,,91.2721405029297,1.0980607
Bhutan,BTN,2019,20.1,3467.38598979356,,60.5922274979238,97.6848520202403,1.1641113
Botswana,BWA,2019,22.2,6951.73189051146,22.8,66.3629580239711,,1.1539103
Central African Republic,CAF,2019,38.4,401.82582161435,25.2,6.28371085353374,,-1.85285369999999
Canada,CAN,2019,,45100.2915069262,2.5,97.3538665629744,111.364883422852,0.9041813
Central Europe and the Baltics,CEB,2019,3.26226651642692,15024.0127296269,2.54854113130969,,100.356903076172,
Switzerland,CHE,2019,,87123.6604234257,2.5,96.6999991632838,101.935157775879,1.2001317
Channel Islands,CHI,2019,,64594.5213908684,,,,
Chile,CHL,2019,1.6,13630.5935435578,2.7,97.3067044565416,104.032539367676,0.1657239
China,CHN,2019,5.2,10356.4804194995,2.5,,,-0.138588699999999
Cote d'Ivoire,CIV,2019,22.6,2093.09994335779,9.4,38.4404227871287,49.4831223999723,-1.0134615
Cameroon,CMR,2019,28.1,1470.31785276187,6.1,,,-1.6172731
"Congo, Dem. Rep.",COD,2019,42.4,482.524295129472,34.1,11.2993884165581,,-1.6467983
"Congo, Rep.",COG,2019,18.2,1885.51080877731,29.0,45.5089850575925,,-0.5963817
Colombia,COL,2019,11.3,6439.96359812647,4.1,73.1692385779865,104.421806335449,-0.9052968
Comoros,COM,2019,21.0,1389.36430643805,13.5,,,-0.4550338
Cabo Verde,CPV,2019,5.9,4115.90283469406,13.4,,103.593505622998,0.8393375
Costa Rica,CRI,2019,8.4,12877.650101079,2.5,80.5206829817905,137.081527709961,0.6261254
Caribbean small states,CSS,2019,8.6055649553587,13825.4223050228,6.31658368129858,,90.3829193115234,
Cuba,CUB,2019,7.0,8124.75282059108,,,101.62084197998,0.6592457
Curacao,CUW,2019,,17980.5297947929,,,,
Cayman Islands,CYM,2019,,80714.5721513481,,,85.8134918212891,1.275357
Cyprus,CYP,2019,,28167.16015625,2.5,99.4376985580786,101.438819885254,0.7399069
Czechia,CZE,2019,2.3,20360.0599221814,2.5,98.1489340249812,100.916809082031,1.0363667
Germany,DEU,2019,1.9,44235.2658954682,2.5,99.9093443706997,97.6850433349609,0.7271723
Djibouti,DJI,2019,22.5,2781.94350113484,11.9,,,-0.3842768
Dominica,DMA,2019,,8624.51695993537,5.5,,103.694158075601,0.9867091
Denmark,DNK,2019,,57114.6227336347,2.5,99.7749812472358,128.905914306641,0.8984987
Dominican Republic,DOM,2019,6.5,8117.04639185786,6.1,44.9262038494009,85.3244113670457,0.0515231
Algeria,DZA,2019,9.4,4672.66408678635,2.5,72.2187944509466,,-1.06252749999999
East Asia & Pacific (excluding high income),EAP,2019,13.3789801549951,8220.71036562156,3.70309199412735,,88.7187194824219,
Early-demographic dividend,EAR,2019,28.086406998499,3480.18904220698,10.2480158349822,,74.4964599609375,
East Asia & Pacific,EAS,2019,12.74,11328.7206349245,3.65780065465115,68.0264430392133,90.0556335449219,
Europe & Central Asia (excluding high income),ECA,2019,8.33971518792167,7046.99611203784,3.17249141443528,81.1306065260882,99.3358764648438,
Europe & Central Asia,ECS,2019,5.09,24389.8062444924,2.68585718802521,91.9686375240446,104.25904083252,
Ecuador,ECU,2019,19.4,5971.38938386723,12.7,68.5656169744149,95.28924793166,-0.209832
"Egypt, Arab Rep.",EGY,2019,15.2,3701.2446345188,6.6,75.9690951899927,76.911298614293,-1.19692089999999
Euro area,EMU,2019,,36891.7993038494,2.50472225151784,,107.41471862793,
Eritrea,ERI,2019,49.5,,,,,-0.9764301
Spain,ESP,2019,,28301.4393949563,2.5,99.5372067786162,121.037368774414,0.267048
Estonia,EST,2019,1.2,20579.8756732376,2.5,98.0780494552257,114.590209960938,0.8235862
Ethiopia,ETH,2019,36.5,744.702789753973,18.5,11.525772098229,,-1.1789771
European Union,EUU,2019,,33289.4352232776,2.51106397728406,,107.081871032715,
Fragile and conflict affected situations,FCS,2019,33.4454456827722,1585.23602922322,18.3777332031328,,42.9953918457031,
Finland,FIN,2019,1.6,45898.5708448954,2.5,99.6361472965957,151.423095703125,0.9978349
Fiji,FJI,2019,6.3,5701.10435269432,5.6,41.4828649794739,94.1516926967393,0.6881602
France,FRA,2019,,38705.2072940618,2.5,99.3757382183462,104.170417785645,0.2040672
Faroe Islands,FRO,2019,,56029.4991512974,,,,
"Micronesia, Fed. Sts.",FSM,2019,,3019.25086619614,,,,1.009383
Gabon,GAB,2019,14.4,6817.56879468764,18.6,,72.0510629415333,-0.2805716
United Kingdom,GBR,2019,3.0,47864.7588712634,2.5,99.8680393033506,118.958671569824,0.5681497
Georgia,GEO,2019,5.6,4975.81148194814,5.3,69.082537444061,109.182046396768,-0.134771
Ghana,GHA,2019,17.1,1999.55372220211,6.6,36.0733638378729,70.2943846951293,0.0133997
Gibraltar,GIB,2019,,,,100.0,98.7607192993164,
Guinea,GIN,2019,28.4,926.42221954853,12.5,,,-0.857881799999999
"Gambia, The",GMB,2019,16.7,682.797642940426,16.8,44.2756354496986,,0.0678807
Guinea-Bissau,GNB,2019,27.5,706.298562874985,13.1,23.1761675491536,,-0.4638332
Equatorial Guinea,GNQ,2019,18.7,6018.12066321865,,,,-0.3400881
Greece,GRC,2019,1.9,19216.6759579785,2.5,97.6645004468966,104.780532836914,0.2789347
Grenada,GRD,2019,,9785.56040240592,,,,0.9169085
Greenland,GRL,2019,,48170.7896955512,,,,1.7589045
Guatemala,GTM,2019,44.8,4139.12203836307,14.0,49.1879900942265,51.0635988036794,-0.6944184
Guam,GUM,2019,,36830.1264410973,,98.4557394601946,,0.9450797
Guyana,GUY,2019,9.0,6278.63054079553,2.7,66.4561957606586,,-0.0594026999999999
High income,HIC,2019,3.76,39162.0349547886,2.56620470506878,95.5167747649957,104.791778564453,
"Hong Kong SAR, China",HKG,2019,,44195.2768644431,2.5,99.9877564110667,102.312146003776,-0.1843167
Honduras,HND,2019,18.9,2447.61649282181,13.5,63.6092641889516,68.4164123535156,-0.827137599999999
Heavily indebted poor countries (HIPC),HPC,2019,32.9642279465258,973.374706001474,21.9415245922374,,38.4506301879883,
Croatia,HRV,2019,,14641.663970693,2.5,86.8861019385841,107.940246582031,0.7476171
Haiti,HTI,2019,21.3,1394.42114071112,42.6,,,-0.9509746
Hungary,HUN,2019,,15290.8085466331,2.5,95.8452164329616,102.106719970703,0.7326156
IBRD only,IBD,2019,19.6980405935188,6411.71326335692,6.49433296574737,75.3914679741709,85.9744491577148,
IDA & IBRD total,IBT,2019,24.788281424647,5093.37981842859,9.21783005239672,66.0283708152685,71.9366607666016,
IDA total,IDA,2019,32.3030167175367,1441.63139770219,17.0925059191278,39.8321199220504,45.9995384216309,
IDA blend,IDB,2019,31.6633106759425,2023.85818922165,14.0740429259991,39.8677488240095,44.0982284545898,
Indonesia,IDN,2019,26.1,3850.90321738979,6.4,29.4871087619976,95.9420767172654,-0.5802685
IDA only,IDX,2019,32.6554280284234,1126.69021132065,18.8379516306071,38.5297954514873,47.1396484375,
Isle of Man,IMN,2019,,95110.1385990737,,98.6906066193012,,
India,IND,2019,34.6,1936.03067741067,11.8,67.9333667144175,75.6416931152344,-0.590466199999999
Not classified,INX,2019,,,,,,
Ireland,IRL,2019,2.1,76485.635854651,2.5,93.6872195062839,143.507354736328,0.9409046
"Iran, Islamic Rep.",IRN,2019,5.0,4952.45669081078,7.7,93.7666082149318,,-1.2556127
Iraq,IRQ,2019,12.1,4898.14897652265,15.4,59.3566297860522,,-2.2227253
Iceland,ISL,2019,,57118.8452718755,2.5,99.9999970387712,110.045211791992,1.556416
Israel,ISR,2019,,39407.2016076709,2.5,99.5274735767873,98.4972991943359,-0.4361137
Italy,ITA,2019,,32180.4341017428,2.5,96.5159220994784,100.929710388184,0.3223326
Jamaica,JAM,2019,6.4,5814.79275311692,6.7,,86.3051320241406,0.179033
Jordan,JOR,2019,8.0,3919.06426916073,12.8,79.8330369128327,92.5425629523907,-0.2846298
Japan,JPN,2019,5.4,36043.7844013518,,98.5461162444938,100.780563354492,1.1161393
Kazakhstan,KAZ,2019,6.2,10989.6840718388,2.5,90.3989798799613,96.758870906544,-0.221063999999999
Kenya,KEN,2019,20.9,1645.70961777862,23.7,,,-1.07516719999999
Kyrgyz Republic,KGZ,2019,11.7,1201.87701429721,4.9,74.977773076842,91.5009835275856,-0.206819199999999
Cambodia,KHM,2019,24.1,2008.32094006706,5.4,27.1174788908032,53.3177080845995,-0.1935314
Kiribati,KIR,2019,15.0,1835.21963082467,4.1,14.076142172488,,1.0992501
St. Kitts and Nevis,KNA,2019,,22297.7644995701,,,112.30303030303,0.6646782
"Korea, Rep.",KOR,2019,1.7,33496.3113815643,2.5,98.893220996826,97.9251403808594,0.8544821
Kuwait,KWT,2019,4.6,26580.2264741607,2.5,100.0,,0.2460837
Latin America & Caribbean (excluding high income),LAC,2019,12.2483281290113,8275.309631343,5.33535599111274,76.2131394512209,100.379447937012,
Lao PDR,LAO,2019,32.4,2554.95638019245,,21.506343763718,62.7755100424821,0.3582008
Lebanon,LBN,2019,9.7,8064.04873416236,7.1,47.7,69.5287831759035,-1.3398887
Liberia,LBR,2019,28.4,636.699384824869,36.6,,,-0.2571938
Libya,LBY,2019,15.0,8768.4104874586,13.2,,,-2.25895969999999
St. Lucia,LCA,2019,2.5,11114.7785940338,,,88.6840362548828,0.8702889
Latin America & Caribbean,LCN,2019,11.92,8447.24518593474,6.08201202617102,77.0085602308529,100.104858398438,
Least developed countries: UN classification,LDC,2019,34.073246466337,1063.5016284707,19.6329856188939,,44.7978897094727,
Low income,LIC,2019,35.83,720.163865502171,26.4182648417283,28.6679810645498,36.247371673584,
Liechtenstein,LIE,2019,,,,100.0,110.007469177246,1.6431087
Sri Lanka,LKA,2019,11.6,4455.78189608267,3.8,47.8763818490786,,-0.173798099999999
Lower middle income,LMC,2019,30.36,2133.36043908301,11.6310006856069,64.7775547335525,65.5440673828125,
Low & middle income,LMY,2019,24.92,4919.20859980592,9.23988254336302,,71.7132110595703,
Lesotho,LSO,2019,33.6,1040.99351014117,,26.6164292249631,,-0.287980099999999
Late-demographic dividend,LTE,2019,7.56576381388731,9886.07149064231,2.93295731506436,,93.1583633422852,
Lithuania,LTU,2019,1.6,17431.7239081591,2.5,95.3857953126606,105.323661804199,0.9825192
Luxembourg,LUX,2019,,107591.965850496,2.5,99.6332404200843,107.631690979004,1.3055593
Latvia,LVA,2019,1.7,15328.3859933295,2.5,96.1201193629442,107.570869445801,0.6780506
"Macao SAR, China",MAC,2019,,75724.6078280261,7.3,100.0,91.8175182481752,1.1488191
St. Martin (French part),MAF,2019,,,,96.6477610855239,,
Morocco,MAR,2019,13.8,3364.73950195313,4.1,71.101809275817,76.5740050948519,-0.390399499999999
Monaco,MCO,2019,,185582.7556905,,100.0,,1.5488694
Moldova,MDA,2019,4.9,3438.67732670712,2.5,74.0281693622921,95.0363793316069,-0.1474608
Madagascar,MDG,2019,41.1,467.27741349648,38.9,19.1625219476685,33.6142692093689,-0.529453
Maldives,MDV,2019,14.3,11194.9253748064,,,75.7793948678667,-0.0811059
"Middle East, North Africa, Afghanistan & Pakistan",MEA,2019,24.63,5316.51746627674,10.3495989320684,65.3123749106628,57.3141708374023,
Mexico,MEX,2019,12.6,10159.4448364319,3.4,42.5039354698943,110.386650085449,-0.8974274
Marshall Islands,MHL,2019,32.1,5162.81500670348,,,97.886393659181,1.1508696
Middle income,MIC,2019,22.67,5320.7385938622,7.85204811950145,,77.0973892211914,
North Macedonia,MKD,2019,4.1,5961.58475399191,2.8,80.5429899621517,81.7043609619141,0.0391432
Mali,MLI,2019,24.2,909.751069703313,4.8,,,-2.05500729999999
Malta,MLT,2019,3.6,29522.661886008,2.5,99.8819870100897,103.863830566406,0.9193493
Myanmar,MMR,2019,26.2,1440.98988238708,3.2,57.5708143268891,,-1.3625611
"Middle East, North Africa, Afghanistan & Pakistan (excluding high income)",MNA,2019,25.6590976756887,2957.01658493792,11.0326485866271,64.136012792346,,
Montenegro,MNE,2019,8.0,7470.29588471711,2.5,85.3410135829891,92.1967697143555,0.1956009
Mongolia,MNG,2019,8.2,4337.8167085432,5.1,37.9689448157507,91.1179790787994,0.7382926
Northern Mariana Islands,MNP,2019,,21451.4401636511,,81.4545454545454,,
Mozambique,MOZ,2019,38.0,617.13932000195,28.3,22.2560201745119,,-0.8295224
Mauritania,MRT,2019,22.4,1605.1352359742,6.6,,37.5735638620028,-0.645438
Mauritius,MUS,2019,7.8,11098.3137067341,7.6,,94.0894965817278,0.9291254
Malawi,MWI,2019,34.9,569.866249371948,19.3,15.81779250698,31.9471376555901,-0.2824512
Malaysia,MYS,2019,21.2,10902.9834855856,2.8,94.2737504186907,79.9411773681641,0.1608892
North America,NAC,2019,3.2,59158.7219278339,2.5,96.8927749249747,100.248710632324,
Namibia,NAM,2019,17.9,4243.09274481966,18.9,,83.3997206880115,0.5859149
New Caledonia,NCL,2019,,,6.3,96.4111152375459,,1.0596771
Niger,NER,2019,44.8,532.186024570389,10.1,,,-1.19014889999999
Nigeria,NGA,2019,33.9,2431.53528472982,14.3,27.2303909603019,,-1.97320729999999
Nicaragua,NIC,2019,,2019.91518620044,15.7,,,-0.944804499999999
Netherlands,NLD,2019,1.5,49254.0158854264,2.5,99.9673880835366,115.097122192383,0.6985452
Norway,NOR,2019,,76712.2871160349,2.5,99.202372083338,116.849769592285,1.0766478
Nepal,NPL,2019,29.7,1077.11796498188,4.6,19.2988925002444,84.223991394043,-0.4056357
Nauru,NRU,2019,17.0,7687.19643322519,,18.6600163437488,91.0581207275391,0.7595804
New Zealand,NZL,2019,,40727.8822513384,2.5,98.1235669248902,123.941261291504,1.3883859
OECD members,OED,2019,5.42426889135405,38062.9859938454,2.66041465226563,,106.935211181641,
Oman,OMN,2019,11.9,18089.586668488,5.9,90.2677608803701,101.22554053215,0.5167644
Other small states,OSS,2019,20.5565135645032,11765.0274554195,8.5422041717364,,74.3477325439453,
Pakistan,PAK,2019,36.8,1573.8330826937,12.9,44.6568907220033,35.5736865644319,-1.9293422
Panama,PAN,2019,15.2,15602.5420714581,4.5,,,0.399288
Peru,PER,2019,11.8,6626.26083494969,6.2,51.022261569147,98.8904113769531,-0.0888854999999999
Philippines,PHL,2019,28.6,3575.88170922922,5.8,47.3232362537927,87.6308727761127,-1.0094929
Palau,PLW,2019,,15600.1871093094,,86.7076454317178,,1.1436032
Papua New Guinea,PNG,2019,46.7,2572.56177967896,28.2,,41.5678577082811,-0.799196999999999
Poland,POL,2019,1.2,15221.3090624454,2.5,91.2859521015376,108.760276794434,0.6735951
Pre-demographic dividend,PRE,2019,32.5417255790391,1505.95575412271,20.6761279974291,,39.3805389404297,
Puerto Rico (US),PRI,2019,,29185.0969964707,,99.8507911360705,,0.1081481
"Korea, Dem. People's Rep.",PRK,2019,18.8,,,66.3114101539539,,-0.187036099999999
Portugal,PRT,2019,3.2,21569.1874752919,2.5,94.9118101336321,120.158042907715,0.9941251
Paraguay,PRY,2019,4.5,6243.53620897823,3.1,63.0842436051128,,0.0355269
West Bank and Gaza,PSE,2019,7.7,3378.4346209191,,80.5632080716656,92.1069779946866,-1.523121
Pacific island small states,PSS,2019,18.1884790871985,3969.06712487372,10.0130799935823,,75.1147079467773,
Post-demographic dividend,PST,2019,3.78559432777708,43623.7992070046,2.56698770880382,,104.926292419434,
French Polynesia,PYF,2019,,21289.8751241139,6.0,90.448717948718,,0.9033343
Qatar,QAT,2019,5.6,63430.3717285437,,95.9492944516417,106.114051818848,0.882266
Romania,ROU,2019,7.4,11197.3162915853,2.5,81.957698931804,86.5128479003906,0.64527
Russian Federation,RUS,2019,,9882.0244140625,2.5,75.9253818199933,99.6904540870663,-0.3986491
Rwanda,RWA,2019,32.4,874.639658935978,35.6,,46.5223774240521,0.121607
South Asia,SAS,2019,33.51,1920.39706317474,11.4712130531912,69.480735456421,75.2787170410156,
Saudi Arabia,SAU,2019,11.5,24905.6697428558,2.5,,104.201619656228,-0.5528727
Sudan,SDN,2019,34.4,1126.55297851563,10.8,,44.8803787231445,-1.65533209999999
Senegal,SEN,2019,17.3,1379.60875249861,6.2,25.6495937230682,47.6122826558931,0.0630715999999999
Singapore,SGP,2019,2.8,61345.5291820062,,100.0,104.181057515607,1.2580714
Solomon Islands,SLB,2019,29.2,2043.09139778307,19.0,,,0.4195676
Sierra Leone,SLE,2019,27.4,1046.96778078594,27.8,9.49277906546491,60.979808807373,-0.1611098
El Salvador,SLV,2019,10.7,4143.11437097867,6.8,,66.123873218959,-0.2138062
San Marino,SMR,2019,,43525.4225717352,,99.9999963796538,59.4113090627421,1.2066984
"Somalia, Fed. Rep.",SOM,2019,25.0,494.444039712339,53.9,,,-2.0704895
Serbia,SRB,2019,5.1,6870.75810896296,2.5,74.824140800015,94.8361511230469,0.0620767
Sub-Saharan Africa (excluding high income),SSA,2019,31.9107711332914,1719.05269893256,19.7789913107966,31.0086453138296,41.8304290771484,
South Sudan,SSD,2019,29.9,,,,,-2.39114589999999
Sub-Saharan Africa,SSF,2019,32.35,1621.5953888781,19.6440727586176,29.6556392322913,41.8325309753418,
Small states,SST,2019,17.8322810942811,11201.6035626777,8.25554198812672,,76.7563323974609,
Sao Tome and Principe,STP,2019,12.0,1420.66008316091,16.9,35.1426134922668,,0.5232443
Suriname,SUR,2019,8.1,8677.30522021731,8.7,55.5342496378544,82.830275343503,0.1321528
Slovak Republic,SVK,2019,,18250.9802475637,2.8,99.2825048002319,92.1884994506836,0.6744971
Slovenia,SVN,2019,,23943.1800949889,2.5,97.4768757707333,112.492553710938,0.9481029
Sweden,SWE,2019,,53024.4099494317,2.5,99.7036805161121,142.982864379883,0.9427192
Eswatini,SWZ,2019,21.4,3759.67106964666,11.7,36.3193523524376,,-0.3182636
Sint Maarten (Dutch part),SXM,2019,,33877.976645467,,,,
Seychelles,SYC,2019,6.6,19481.6461053742,2.7,64.1283114546958,100.954458685574,0.6921848
Syrian Arab Republic,SYR,2019,25.8,771.518695271305,27.4,,,-2.4527063
Turks and Caicos Islands,TCA,2019,3.2,52419.8862128617,,47.1476536472594,83.3458929917106,
Chad,TCD,2019,32.6,917.203710065059,29.8,6.11336813091425,14.1967132658225,-1.4521212
East Asia & Pacific (IDA & IBRD countries),TEA,2019,13.3142777923133,8312.92246043013,3.70309199412735,,88.6385192871094,
Europe & Central Asia (IDA & IBRD countries),TEC,2019,7.68657375615165,8925.46203415138,2.86786508945569,84.6739147896214,99.4928283691406,
Togo,TGO,2019,23.7,810.512262603518,18.2,18.7163458427772,,-0.8504632
Thailand,THA,2019,12.3,6434.53770518034,6.8,,85.5828342157346,-0.588531399999999
Tajikistan,TJK,2019,15.6,1148.34676712493,9.7,61.9730477057775,,-0.4236664
Turkmenistan,TKM,2019,7.8,6718.16608056274,3.6,94.0508533656427,85.1072153533862,-0.2189823
Latin America & the Caribbean (IDA & IBRD countries),TLA,2019,11.95049762075,8303.9522722113,6.08201202617102,77.6899265812602,100.109489440918,
Timor-Leste,TLS,2019,46.4,1507.24743550088,17.0,,89.6775720031834,0.2676531
"Middle East, North Africa, Afghanistan & Pakistan (IDA & IBRD)",TMN,2019,25.8076539972398,2954.09492790131,11.0326485866271,64.0155014840856,,
Tonga,TON,2019,2.8,4566.07497816235,,29.5026836841423,101.290988897495,1.0102973
South Asia (IDA & IBRD),TSA,2019,33.5197485534817,1920.39706317474,11.4712130531912,69.480735456421,75.2787170410156,
Sub-Saharan Africa (IDA & IBRD countries),TSS,2019,32.3514459739894,1621.5953888781,19.6440727586176,29.6556392322913,41.8325309753418,
Trinidad and Tobago,TTO,2019,7.8,17225.361633712,8.6,69.298349578604,,0.0986674999999999
Tunisia,TUN,2019,8.6,4153.27978615515,2.5,71.8574373168183,,-0.5613583
Turkiye,TUR,2019,6.1,12238.2950220128,2.5,,110.276336669922,-1.1924541
Tuvalu,TUV,2019,5.9,4345.99606453315,,8.54334499950896,85.4070663452148,1.1436032
Tanzania,TZA,2019,31.7,1051.7666015625,23.0,27.1633008168901,31.1972029418227,-0.5522151
Uganda,UGA,2019,25.4,920.939101515671,33.1,15.2037714665964,,-0.7746479
Ukraine,UKR,2019,15.0,2398.07836914063,3.8,88.2768037695359,84.7468835528529,-1.0320239
Upper middle income,UMC,2019,10.45,8690.67729327633,3.85460795179275,78.8940983522026,95.2726516723633,
Uruguay,URY,2019,6.7,17758.4384372986,2.5,,126.343617174679,1.1553614
United States,USA,2019,3.2,60750.9898621637,2.5,97.0093306324818,99.189453125,0.0546375
Uzbekistan,UZB,2019,8.2,3259.36964632494,2.5,76.7745583450954,96.2599029541016,-0.2167593
St. Vincent and the Grenadines,VCT,2019,,8294.67434486665,5.5,,129.843918191604,0.9169085
"Venezuela, RB",VEN,2019,11.0,1762.73734800083,24.1,,,-1.5120562
British Virgin Islands,VGB,2019,,,,,71.2076583210604,
Virgin Islands (U.S.),VIR,2019,,36309.7438446842,,98.5464921139116,,0.977236
Viet Nam,VNM,2019,20.7,3241.07648966529,6.4,56.0073746060456,89.7093994425268,0.0916744999999999
Vanuatu,VUT,2019,28.8,2986.2036911437,7.9,18.8325439417482,,1.0281545
World,WLD,2019,22.6,10963.6816310515,7.8,69.946037359687,75.4552917480469,
Samoa,WSM,2019,6.7,4466.08075482035,4.5,62.0089220612678,,1.1468478
Kosovo,XKX,2019,,4219.06693858503,,,,-0.106046099999999
"Yemen, Rep.",YEM,2019,45.7,,,,,-2.6172209
South Africa,ZAF,2019,22.2,6032.82972598668,7.2,69.7297769910708,107.597072310067,-0.338256499999999
Zambia,ZMB,2019,32.8,1301.18132976178,32.1,,,-0.3690652
Zimbabwe,ZWE,2019,23.9,1357.53087818754,30.0,26.3893863452165,,-0.984582
Aruba,ABW,2020,,22729.8897593533,,,142.045455932617,1.3345061
Africa Eastern and Southern,AFE,2020,33.7816944776362,1399.39849841898,24.9934817559762,29.0782800686155,42.3275299072266,
Afghanistan,AFG,2020,40.7,527.834554499306,27.5,27.5559340461558,,-2.5896897
Africa Western and Central,AFW,2020,29.4525935160044,1719.26150438049,13.9111231926231,28.7113212798808,43.326961517334,
Angola,AGO,2020,42.0,2864.16146036893,20.8,,,-0.6427634
Albania,ALB,2020,9.3,4980.61699524696,5.4,70.6745368974531,,-0.0049854
Andorra,AND,2020,,34536.666145207,,90.6399956656599,96.9991226196289,1.5484064
Arab World,ARB,2020,20.0604563723336,5904.57124162288,10.5169657263349,,66.1664199829102,
United Arab Emirates,ARE,2020,,39878.474427695,2.5,98.6327534590734,99.1370929452638,0.826942
Argentina,ARG,2020,8.8,11393.0505957877,3.5,,115.878791809082,0.0552501
Armenia,ARM,2020,7.5,4032.09043454955,2.5,82.276770987299,87.5163440721926,-0.2935835
American Samoa,ASM,2020,,13194.274740128,,90.3053962335515,,1.2465402
Antigua and Barbuda,ATG,2020,,14950.8942397208,,,,0.9164728
Australia,AUS,2020,3.0,58377.7670517802,2.5,,135.490798950195,0.8859397
Austria,AUT,2020,,43428.6983137234,2.5,98.900639609767,100.287178039551,0.8186312
Azerbaijan,AZE,2020,8.4,5087.50022783627,2.5,56.2770167492285,90.4353484324383,-0.5087721
Burundi,BDI,2020,53.4,263.463876356897,,,49.2576387332398,-1.49526809999999
Belgium,BEL,2020,2.5,40769.0218072962,2.5,99.6022807755937,160.896133422852,0.3686413
Benin,BEN,2020,32.7,1126.65404122154,11.7,17.0805949788141,39.4178810119629,-0.283192699999999
Burkina Faso,BFA,2020,21.0,713.8421779224,14.9,,40.2090461523707,-1.4159765
Bangladesh,BGD,2020,27.3,1604.6659234742,10.8,58.6592547923406,71.128750711381,-1.01518479999999
Bulgaria,BGR,2020,5.8,8440.08304721192,2.8,96.5320516616344,100.332641601562,0.4210468
Bahrain,BHR,2020,4.8,23586.9309581516,,98.9039755631804,,-0.5964745
"Bahamas, The",BHS,2020,,24791.6704945106,,,,0.7133519
Bosnia and Herzegovina,BIH,2020,8.2,5490.75366635139,2.5,88.1527155382608,87.7414093017578,-0.2690285
Belarus,BLR,2020,1.3,6251.98898968645,2.5,92.8444536646282,99.9308910788603,-0.818298499999999
Belize,BLZ,2020,12.4,5006.48453276935,5.0,,87.8505494505495,0.6026689
Bermuda,BMU,2020,,98999.5076617935,,,,0.9766825
Bolivia,BOL,2020,12.3,2765.0927177231,16.0,,88.4047972829548,-0.3855901
Brazil,BRA,2020,8.0,8435.01046209185,2.8,85.7419162623334,106.353302001953,-0.427421599999999
Barbados,BRB,2020,5.9,17519.837062872,3.4,,105.184692382812,1.0680614
Brunei Darussalam,BRN,2020,11.1,30015.9588506697,,,89.4443214522913,1.1645233
Bhutan,BTN,2020,19.3,3092.12428399363,,63.6189346951156,97.5008417517849,1.1154419
Botswana,BWA,2020,21.9,6254.24806241091,22.8,65.7593518676202,,1.0835182
Central African Republic,CAF,2020,38.1,398.834274122139,26.6,6.18331831077395,,-2.3306101
Canada,CAN,2020,,42366.1285377884,2.5,97.2384351929959,110.553207397461,0.9455077
Central Europe and the Baltics,CEB,2020,3.20745881499682,14621.1363727276,2.53020255056517,,102.413429260254,
Switzerland,CHE,2020,,84637.0132935333,2.5,96.7000003497305,102.080001831055,1.1126481
Channel Islands,CHI,2020,,58636.7036143365,,,,
Chile,CHL,2020,1.6,12679.024004022,2.5,97.4125131422388,103.239501953125,0.1362588
China,CHN,2020,5.0,10573.6420059282,2.5,,,-0.302661299999999
Cote d'Ivoire,CIV,2020,21.7,2055.08483996432,9.2,38.6664529242919,51.9265625097734,-1.16712789999999
Cameroon,CMR,2020,27.5,1434.51913723409,5.9,,,-1.6215792
"Congo, Dem. Rep.",COD,2020,42.5,470.852950000929,35.2,11.1860219041653,,-1.80629289999999
"Congo, Rep.",COG,2020,17.6,1725.51040049963,27.7,45.6923155747464,,-0.5758284
Colombia,COL,2020,11.2,5891.95523215403,4.2,73.4205001577422,103.599342346191,-0.6819314
Comoros,COM,2020,19.8,1359.70624686714,14.3,,,-0.4562829
Cabo Verde,CPV,2020,5.7,3255.93628984058,12.6,,106.038487060385,0.839032
Costa Rica,CRI,2020,8.6,12242.2098908533,2.5,80.5160488913946,137.818099975586,0.9250217
Caribbean small states,CSS,2020,8.30636210910397,12531.5018423504,6.97875837572849,,88.2120513916016,
Cuba,CUB,2020,7.0,7252.28811179844,,,102.091444168153,0.6687382
Curacao,CUW,2020,,14849.9696941839,,,139.717813051146,
Cayman Islands,CYM,2020,,75199.6446248648,,,84.5747222900391,1.2749256
Cyprus,CYP,2020,,26895.68359375,2.5,99.6321882993373,102.048797607422,0.4538116
Czechia,CZE,2020,2.3,19233.1469549829,2.5,98.1482411807839,99.9065322875977,0.9082209
Germany,DEU,2020,1.9,42372.8726784255,2.5,99.9126487140159,97.8931121826172,0.6840532
Djibouti,DJI,2020,21.8,2773.40661780097,12.0,,,-0.4591955
Dominica,DMA,2020,,7302.94454951254,5.2,,103.190559387207,1.2385037
Denmark,DNK,2020,,55934.5555945523,2.5,99.9188299447384,129.851684570312,0.8682976
Dominican Republic,DOM,2020,6.3,7395.8734262396,5.9,45.0183335613895,83.4156580342242,0.2361204
Algeria,DZA,2020,9.2,4363.68533767783,2.5,70.5251643245599,,-0.883733299999999
East Asia & Pacific (excluding high income),EAP,2020,13.2049094220345,8293.69666986026,3.66572514912507,,89.6240463256836,
Early-demographic dividend,EAR,2020,27.4618280743197,3290.1946903817,11.0123324355375,,75.2726287841797,
East Asia & Pacific,EAS,2020,12.55,11276.053700591,3.62369480459959,68.7009663527807,90.8184967041016,
Europe & Central Asia (excluding high income),ECA,2020,7.91690119191245,7016.36291211506,3.25693534799407,81.3031336552384,97.725212097168,
Europe & Central Asia,ECS,2020,4.91,23034.1354718301,2.70753691869496,92.1151976445653,102.877738952637,
Ecuador,ECU,2020,18.8,5355.68934196443,13.4,68.9342268251574,96.0492095947266,-0.1513823
"Egypt, Arab Rep.",EGY,2020,14.4,3770.86947867421,7.1,76.5605620176682,78.4118910481273,-1.1172787
Euro area,EMU,2020,,34608.4614772745,2.50314642364017,,108.211967468262,
Eritrea,ERI,2020,48.9,,,,,-1.0705711
Spain,ESP,2020,,25077.019882928,2.5,99.521560453433,119.971183776855,0.2956928
Estonia,EST,2020,1.2,19946.945696898,2.5,98.2682282623831,115.08674621582,0.9178902
Ethiopia,ETH,2020,35.9,768.705424485209,20.3,12.0200993070628,,-1.5934093
European Union,EUU,2020,,31435.0353450837,2.50684084328693,,108.042427062988,
Fragile and conflict affected situations,FCS,2020,33.1906754481616,1435.4620668369,19.1404842877042,,43.7159309387207,
Finland,FIN,2020,1.6,44690.9801103074,2.5,99.6379239182456,149.881484985352,1.1572607
Fiji,FJI,2020,6.3,4721.1228189763,6.2,41.6106494540607,93.3745574951172,0.6004415
France,FRA,2020,,35709.2045925926,2.5,99.5097851912799,104.657997131348,0.1270887
Faroe Islands,FRO,2020,,54301.6594145787,,,,
"Micronesia, Fed. Sts.",FSM,2020,,2951.77114318964,,,,1.1206831
Gabon,GAB,2020,14.1,6534.27966528997,19.7,,,-0.2194997
United Kingdom,GBR,2020,3.1,42982.4631007642,2.5,99.8590222265346,116.565010070801,0.5102213
Georgia,GEO,2020,5.3,4659.60925318234,5.1,69.4564535798621,105.57885771221,-0.1271941
Ghana,GHA,2020,16.5,1970.19411460398,5.7,37.4227223895072,73.2758030599046,0.0588855
Gibraltar,GIB,2020,,,,100.0,98.175178527832,
Guinea,GIN,2020,27.6,945.570903389665,11.1,,,-1.0877324
"Gambia, The",GMB,2020,15.9,670.758642891251,18.0,45.486855632039,,0.1363877
Guinea-Bissau,GNB,2020,27.4,710.275129060129,16.7,23.440122137749,,-0.2838803
Equatorial Guinea,GNQ,2020,18.0,5575.26241511492,,,,-0.380621
Greece,GRC,2020,1.9,17486.951333323,2.5,97.4688325507425,102.624420166016,0.2996221
Grenada,GRD,2020,,8413.28335500372,,,105.387205387205,1.0425879
Greenland,GRL,2020,,48169.9406957389,,,,1.7581458
Guatemala,GTM,2020,44.1,4005.83911593999,13.5,49.1169771186669,50.8073127066553,-0.563868399999999
Guam,GUM,2020,,32884.8852646787,,98.3014602644754,,0.9970127
Guyana,GUY,2020,8.4,9010.61000469878,2.5,66.6823913645701,90.3541412353516,-0.0072965999999999
High income,HIC,2020,3.76,37538.2523693096,2.56388463694777,95.5777633784407,103.970611572266,
"Hong Kong SAR, China",HKG,2020,,41451.2981131333,2.5,100.0,97.6744464392579,0.0079016
Honduras,HND,2020,18.5,2189.43168668222,13.7,64.0239281652442,62.3465596528451,-0.666353099999999
Heavily indebted poor countries (HIPC),HPC,2020,32.5391344908308,946.680806659878,22.435009950489,,38.8707695007324,
Croatia,HRV,2020,,13545.4881162417,2.5,86.9558882035674,108.669891357422,0.6477441
Haiti,HTI,2020,21.1,1331.69778506932,43.6,,,-1.0389171
Hungary,HUN,2020,,14664.2971195385,2.5,97.2050754126457,101.485832214355,0.7938892
IBRD only,IBD,2020,19.4643270499489,6286.40775617083,6.97492676111204,76.281380297934,86.6853408813477,
IDA & IBRD total,IBT,2020,24.5223025742758,4971.5872211169,9.78626718898376,66.6550638158558,72.4409027099609,
IDA total,IDA,2020,31.7252409104268,1384.63983352976,17.7432482091042,40.1351999125816,46.633918762207,
IDA blend,IDB,2020,30.8803034248985,1918.37984704312,14.9174269046386,40.0492501617245,44.8260612487793,
Indonesia,IDN,2020,25.1,3739.44906563161,6.6,29.7707624688186,97.2526258977195,-0.539945999999999
IDA only,IDX,2020,32.1839095022193,1096.83173371503,19.3565002214532,39.203309134947,47.7692413330078,
Isle of Man,IMN,2020,,86595.0676099275,,99.0297898821784,,
India,IND,2020,33.8,1806.50110583878,13.4,69.6259050057647,76.5541213427966,-0.720631199999999
Not classified,INX,2020,,,,,,
Ireland,IRL,2020,2.1,80927.936475395,2.5,94.1646240749462,140.086166381836,0.8785787
"Iran, Islamic Rep.",IRN,2020,4.9,5132.82430762118,6.9,93.9025285065337,84.9604034423828,-1.2213247
Iraq,IRQ,2020,11.2,4213.99843766061,15.1,59.664460620832,,-2.1814743
Iceland,ISL,2020,,52464.3072858637,2.5,99.9999964455788,108.87816619873,1.3289196
Israel,ISR,2020,,37935.5432717179,2.5,99.5143951498831,98.5995178222656,-0.567841399999999
Italy,ITA,2020,,29469.7989238626,2.5,96.5644248452826,101.073577880859,0.3322841
Jamaica,JAM,2020,6.4,5317.84145033966,7.0,,83.5566101074219,0.1525241
Jordan,JOR,2020,7.9,3806.87949354914,15.2,81.6490804207222,93.0858429614664,-0.3260056
Japan,JPN,2020,5.2,34642.9718743239,,98.5913321664227,101.33186340332,1.1325471
Kazakhstan,KAZ,2020,5.7,10565.0359816235,2.5,90.6840425340844,91.6816314447458,-0.2842993
Kenya,KEN,2020,20.0,1609.33414078281,26.3,,,-1.0502651
Kyrgyz Republic,KGZ,2020,11.4,1093.32856461422,5.2,76.2363666317899,92.1680769300161,-0.5068231
Cambodia,KHM,2020,23.4,1908.63427518336,5.6,27.7007769523382,54.5285415649414,-0.2401873
Kiribati,KIR,2020,14.8,1777.0447605811,4.5,14.3496418529981,,1.1749608
St. Kitts and Nevis,KNA,2020,,18918.8263456611,,,108.363636363636,0.9164728
"Korea, Rep.",KOR,2020,1.7,33215.9298928108,2.5,98.9855657861584,96.619010925293,0.8679972
Kuwait,KWT,2020,4.5,25541.5378987908,2.5,100.0,,0.1554026
Latin America & Caribbean (excluding high income),LAC,2020,12.2511207882663,7669.33977303708,5.48544689924418,76.6791240659069,99.8733215332031,
Lao PDR,LAO,2020,31.5,2529.74622698761,,24.1050464561247,60.6465219892194,0.5456553
Lebanon,LBN,2020,9.6,6440.82843092922,9.1,47.7,70.2938677645431,-1.3492491
Liberia,LBR,2020,27.3,605.025475431411,37.5,,37.0220985412598,-0.220102599999999
Libya,LBY,2020,13.3,6102.79864032512,14.5,,,-2.2231779
St. Lucia,LCA,2020,2.6,8379.27495097388,,,89.3361511230469,0.8698532
Latin America & Caribbean,LCN,2020,11.89,7812.42544444341,5.94236286353913,77.4501062396327,99.7190017700195,
Least developed countries: UN classification,LDC,2020,33.6629317538613,1037.48119670683,20.2253832457034,,45.5225601196289,
Low income,LIC,2020,35.48,691.991878569926,26.8643682756156,29.3225105492975,36.8219184875488,
Liechtenstein,LIE,2020,,,,100.0,110.204078674316,1.6427344
Sri Lanka,LKA,2020,11.1,4227.23315306594,3.3,47.6172707938771,,-0.1154138
Lower middle income,LMC,2020,29.68,2021.05503375347,12.6252684219555,65.6759421798014,66.4716873168945,
Low & middle income,LMY,2020,24.66,4809.84896387149,9.83139448893181,,72.1600036621094,
Lesotho,LSO,2020,33.4,944.834128375429,,27.5336486195485,,-0.1451933
Late-demographic dividend,LTE,2020,7.4663694630434,9878.28626310562,2.93530690455262,,93.2326507568359,
Lithuania,LTU,2020,1.5,17443.65526328,2.5,95.7255376785058,105.823112487793,1.1506312
Luxembourg,LUX,2020,,105274.2471768,2.5,99.6376118041813,107.652420043945,1.2105167
Latvia,LVA,2020,1.7,14900.7295718866,2.5,96.3897162205612,106.199699401855,0.726286
"Macao SAR, China",MAC,2020,,33853.7761550109,8.7,100.0,89.9859154929577,1.0596983
St. Martin (French part),MAF,2020,,,,96.6421911801898,,
Morocco,MAR,2020,13.6,3090.89428710938,5.3,73.2677313316826,78.1902667388164,-0.409449199999999
Monaco,MCO,2020,,161262.925884403,,100.0,,1.2062355
Moldova,MDA,2020,4.7,3188.91691602699,2.5,74.375379039136,95.901275750102,-0.149089399999999
Madagascar,MDG,2020,40.0,422.924255422319,40.6,19.7709075856246,,-0.574674
Maldives,MDV,2020,14.1,7295.60220956454,,,77.4476047904192,0.2036825
"Middle East, North Africa, Afghanistan & Pakistan",MEA,2020,24.2,5033.14208530647,10.8532737378246,65.3596576745015,57.9312705993652,
Mexico,MEX,2020,12.6,9234.64362317923,3.1,42.6210724907528,107.480339050293,-0.7772933
Marshall Islands,MHL,2020,31.2,5172.57528216176,,,99.9664654594232,1.0394581
Middle income,MIC,2020,22.33,5211.08110372645,8.39531193044918,,77.6914901733398,
North Macedonia,MKD,2020,4.0,5743.72649424581,2.8,80.5914632613893,81.9225616455078,0.0891281999999999
Mali,MLI,2020,23.6,872.389426814294,4.7,,,-2.0594968
Malta,MLT,2020,3.5,27861.8202844538,2.5,99.8709422773618,102.992401123047,0.9914658
Myanmar,MMR,2020,25.5,1301.3138635245,3.7,58.8155290564683,,-1.5318775
"Middle East, North Africa, Afghanistan & Pakistan (excluding high income)",MNA,2020,25.1807174595637,2829.04712608405,11.5945153803198,64.1981267359174,,
Montenegro,MNE,2020,8.0,6351.95486320483,2.5,85.4220228024924,92.7898330688477,0.0295754
Mongolia,MNG,2020,7.9,4066.03410882791,4.3,39.012436356762,99.0120395114876,0.7498288
Northern Mariana Islands,MNP,2020,,15410.1186923944,,81.4545454545454,,
Mozambique,MOZ,2020,37.4,591.804059985932,25.8,23.2615683806594,,-1.34575129999999
Mauritania,MRT,2020,22.0,1553.30615586591,7.0,,36.1789325617578,-0.6263455
Mauritius,MUS,2020,7.8,9483.67602630847,7.5,,91.3439926033381,0.928832
Malawi,MWI,2020,34.1,559.447086086067,19.9,16.4217325295187,43.9545178667563,-0.0766165999999999
Malaysia,MYS,2020,21.6,10171.4657842762,2.7,94.3646420156887,77.4047622680664,0.1400704
North America,NAC,2020,3.34,57470.4195194401,2.5,97.0335712461501,100.397407531738,
Namibia,NAM,2020,17.4,3787.49943973286,18.5,,87.2617411950085,0.5126308
New Caledonia,NCL,2020,,,5.7,96.6382003261782,,1.0443731
Niger,NER,2020,45.1,533.194328910254,10.9,,,-1.502479
Nigeria,NGA,2020,33.5,2228.68631422888,15.8,27.7949019396912,43.9140815734863,-2.0090379
Nicaragua,NIC,2020,,1950.19181218473,16.6,,,-0.5232726
Netherlands,NLD,2020,1.5,47086.5804192702,2.5,99.9658114868951,136.940444946289,0.7092891
Norway,NOR,2020,,75287.2059527598,2.5,99.1743987415084,117.254188537598,1.2049763
Nepal,NPL,2020,28.5,1031.53618783934,5.0,17.6978434094127,87.491828918457,-0.250305599999999
Nauru,NRU,2020,16.3,7770.69883784016,,18.6606454972161,86.9172897338867,0.7590998
New Zealand,NZL,2020,,39785.473128643,2.5,99.1042896753474,120.29231262207,1.4605501
OECD members,OED,2020,5.46290635508986,36444.6516392817,2.63132400017362,,106.777572631836,
Oman,OMN,2020,11.9,17743.8858800477,5.8,90.5571630402907,93.5329595650697,0.468834
Other small states,OSS,2020,20.0749838739254,10962.0788606767,8.58765228661446,,74.9267196655273,
Pakistan,PAK,2020,35.6,1526.00597486307,13.4,44.7614606090532,,-1.5881564
Panama,PAN,2020,14.5,12647.0826553801,4.8,,,0.3368353
Peru,PER,2020,11.3,5831.83024758521,6.3,51.3005036126234,100.080932617188,-0.2963963
Philippines,PHL,2020,28.1,3198.66690008413,5.2,47.5475307294707,89.6099009594054,-0.9415427
Palau,PLW,2020,,14532.9898440558,,87.9421604526172,160.326889038086,1.1429587
Papua New Guinea,PNG,2020,46.5,2438.61137922293,28.3,,40.4603408609418,-0.768714799999999
Poland,POL,2020,1.2,15090.2228440113,2.5,90.7561144603172,112.317840576172,0.5545247
Pre-demographic dividend,PRE,2020,32.1926921704258,1406.48382617164,21.4304843227002,,40.4143104553223,
Puerto Rico (US),PRI,2020,,28144.7223184239,,99.6686852766851,,0.3722414
"Korea, Dem. People's Rep.",PRK,2020,18.2,,,66.3808962987726,,-0.187350699999999
Portugal,PRT,2020,3.2,19778.7139525722,2.5,94.9780959763413,118.972717285156,0.9830461
Paraguay,PRY,2020,4.1,6109.19608100826,3.4,63.7094591950596,88.6356499895332,0.0082817
West Bank and Gaza,PSE,2020,7.5,2922.46801084844,,80.5785113470135,92.3509100224999,-1.7401966
Pacific island small states,PSS,2020,18.2201565544581,3525.38600970306,10.8693943289429,,75.3268508911133,
Post-demographic dividend,PST,2020,3.79953689581935,41771.300719227,2.58923076011178,,104.928176879883,
French Polynesia,PYF,2020,,19026.790444196,5.3,90.448717948718,,0.9517964
Qatar,QAT,2020,5.5,57769.5836053284,,95.7997751703479,104.936542983826,0.8905079
Romania,ROU,2020,7.2,10854.049431887,2.5,81.9888292500409,86.8440933227539,0.6180826
Russian Federation,RUS,2020,,9632.3251953125,2.5,75.9851227038568,91.1345354950116,-0.5068977
Rwanda,RWA,2020,31.6,826.391307701022,34.7,,,0.1600853
South Asia,SAS,2020,32.69,1806.99045389559,12.8461814619628,71.0903353119232,76.702880859375,
Saudi Arabia,SAU,2020,11.3,22827.671935548,2.5,,103.703644184464,-0.5528267
Sudan,SDN,2020,34.2,1056.86474609375,11.1,,,-1.3881394
Senegal,SEN,2020,17.0,1361.79143748646,5.3,25.9566923925669,48.7408134468399,-0.0271012
Singapore,SGP,2020,2.8,59189.70385743,,100.0,102.619251241336,1.2855556
Solomon Islands,SLB,2020,28.9,1930.65510307199,20.6,,,0.5368126
Sierra Leone,SLE,2020,26.5,1010.25294614757,27.5,9.76740297338789,62.9357109069824,-0.366900299999999
El Salvador,SLV,2020,10.3,3808.53195436409,6.6,,66.5137094782116,-0.1497936
San Marino,SMR,2020,,40506.8521137898,,100.0,59.9095704596835,1.2062355
"Somalia, Fed. Rep.",SOM,2020,24.5,462.867053737236,52.1,,,-2.3507544
Serbia,SRB,2020,4.9,6850.96742168834,2.5,74.8469063730196,93.3936004638672,-0.0681568
Sub-Saharan Africa (excluding high income),SSA,2020,31.5741860504058,1613.92902099825,20.450431390404,31.8633557818938,42.7509613037109,
South Sudan,SSD,2020,29.7,,21.8,,,-2.1055063
Sub-Saharan Africa,SSF,2020,32.0,1529.24894566347,20.4333263115939,30.3699925927884,42.7530403137207,
Small states,SST,2020,17.4941625719761,10330.2244204664,8.5514371806457,,76.861701965332,
Sao Tome and Principe,STP,2020,11.3,1430.84119299096,15.9,35.6175054530046,,0.4748721
Suriname,SUR,2020,8.0,7213.10766669943,9.0,55.7604346208917,,0.4628889
Slovak Republic,SVK,2020,,17763.8563847352,2.7,99.3403186237792,91.6913375854492,0.6167177
Slovenia,SVN,2020,,22811.8050540778,2.5,98.0448177109473,111.227478027344,0.7478672
Sweden,SWE,2020,,51624.5811789573,2.5,99.721580628974,143.369766235352,0.955794
Eswatini,SWZ,2020,20.6,3609.3669136859,11.4,36.6975059079153,,-0.1948628
Sint Maarten (Dutch part),SXM,2020,,28920.3773007159,,,,
Seychelles,SYC,2020,6.4,17048.361729788,2.5,64.2430954893678,102.862543883338,0.727409
Syrian Arab Republic,SYR,2020,25.1,740.811397013438,30.6,,40.9866714477539,-2.35367569999999
Turks and Caicos Islands,TCA,2020,3.1,33739.4253991739,,47.1253378854419,81.2965722801788,
Chad,TCD,2020,32.0,884.980541933197,30.1,6.15788323273325,,-1.4524146
East Asia & Pacific (IDA & IBRD countries),TEA,2020,13.1424852959689,8386.63950211,3.66572514912507,,89.5575103759766,
Europe & Central Asia (IDA & IBRD countries),TEC,2020,7.31122818621738,8778.05956344465,2.91233923008582,84.8806652043098,96.9749603271484,
Togo,TGO,2020,23.4,808.300697079208,15.9,19.2323830359056,,-0.8075061
Thailand,THA,2020,12.2,6035.18627737077,6.0,,86.5028787913307,-0.7333386
Tajikistan,TJK,2020,14.7,1171.90127480359,9.1,62.9511394249524,84.0353803669802,-0.3288928
Turkmenistan,TKM,2020,7.4,6965.11226889286,3.6,94.2745045362303,87.9286483161618,-0.1270103
Latin America & the Caribbean (IDA & IBRD countries),TLA,2020,11.9540898032653,7684.38521376063,5.94236286353913,78.1343111721096,99.6935195922852,
Timor-Leste,TLS,2020,45.8,1947.83992943521,17.5,,89.3942621030436,0.2673205
"Middle East, North Africa, Afghanistan & Pakistan (IDA & IBRD)",TMN,2020,25.3284174163842,2828.39465134815,11.5945153803198,64.0773763779198,,
Tonga,TON,2020,2.4,4647.0076512901,,29.5172850609634,96.1400359066427,1.1156731
South Asia (IDA & IBRD),TSA,2020,32.6719454091708,1806.99045389559,12.8461814619628,71.0903353119232,76.702880859375,
Sub-Saharan Africa (IDA & IBRD countries),TSS,2020,31.995845089229,1529.24894566347,20.4333263115939,30.3699925927884,42.7530403137207,
Trinidad and Tobago,TTO,2020,7.7,15679.9611486825,10.2,69.3086954427223,,0.059501
Tunisia,TUN,2020,8.6,3749.26841452928,2.8,70.5061943427321,,-0.4326193
Turkiye,TUR,2020,5.9,12338.643833135,2.5,,111.511711120605,-1.0396051
Tuvalu,TUV,2020,5.7,4233.0183205634,,8.58217972768881,79.6899224806202,1.234863
Tanzania,TZA,2020,31.0,1041.25964355469,22.8,28.5686607839818,32.1652787700855,-0.6629379
Uganda,UGA,2020,24.6,917.0350317644,33.1,15.7976298905319,,-0.842814499999999
Ukraine,UKR,2020,14.3,2324.107421875,4.3,88.2094191981189,84.7870132572542,-0.9599236
Upper middle income,UMC,2020,10.29,8611.33439075379,3.88445283402425,79.2077875114361,95.6853103637695,
Uruguay,URY,2020,6.5,16443.3635000843,2.5,,123.152969360352,1.1512208
United States,USA,2020,3.4,59194.6665172031,2.5,97.1649564638787,99.4142990112305,-0.146807
Uzbekistan,UZB,2020,7.7,3249.05191094018,2.5,77.7884720003291,90.407816338473,-0.3614058
St. Vincent and the Grenadines,VCT,2020,,7989.74651933597,5.8,,129.2984869326,1.0425879
"Venezuela, RB",VEN,2020,11.0,1255.37263090506,18.5,,,-1.4257071
British Virgin Islands,VGB,2020,,,,,71.6428571428571,
Virgin Islands (U.S.),VIR,2020,,35850.7433148653,,98.5901559882971,,0.9766825
Viet Nam,VNM,2020,20.3,3303.16949807493,5.9,56.5308225128813,89.4501554566878,0.1302346
Vanuatu,VUT,2020,29.1,2771.87098808052,8.2,18.9003588483709,62.0561790466309,0.9435444
World,WLD,2020,22.39,10541.8118545305,8.2,70.4784606380115,75.8665008544922,
Samoa,WSM,2020,7.1,4283.06392492734,4.4,62.1786402405646,,1.1753028
Kosovo,XKX,2020,,3990.94613053859,,,,-0.0844029999999999
"Yemen, Rep.",YEM,2020,45.6,,,,,-2.65635899999999
South Africa,ZAF,2020,22.5,5569.58483319272,8.6,69.7921809477187,108.468464029139,-0.2489513
Zambia,ZMB,2020,32.0,1228.73500113195,33.9,,,-0.3679359
Zimbabwe,ZWE,2020,23.5,1230.81933361016,28.2,26.2005958645243,,-1.0459616
Aruba,ABW,2021,,26292.9179363154,,,135.442672729492,1.3328137
Africa Eastern and Southern,AFE,2021,33.6753030325153,1425.2090572764,25.0521825778987,29.9277902364138,42.7693405151367,
Afghanistan,AFG,2021,40.8,408.625855217403,28.8,28.3906801852337,,-2.4506389
Africa Western and Central,AFW,2021,29.2494320244557,1721.90947456022,14.8348476661678,29.1329582455657,44.3946685791016,
Angola,AGO,2021,43.5,2832.81777132286,22.6,,49.4286274279557,-0.7936068
Albania,ALB,2021,8.6,5511.75743402862,5.8,70.7057962293379,,0.0239536
Andorra,AND,2021,,36929.0364995869,,90.640004782915,98.0232086181641,1.5465903
Arab World,ARB,2021,20.001127923872,6073.56224152636,11.1460124620494,,66.8292694091797,
United Arab Emirates,ARE,2021,,40935.8936567784,2.5,98.63499409988,102.068631287595,0.839581
Argentina,ARG,2021,9.3,12549.2811699342,3.4,,119.181510925293,0.0921998
Armenia,ARM,2021,7.0,4264.79961505187,2.5,82.1259828847571,89.5961159583451,-0.5019
American Samoa,ASM,2021,,13233.5784817341,,90.5185343441605,,1.2442687
Antigua and Barbuda,ATG,2021,,16084.7214406048,,,,0.9147636
Australia,AUS,2021,3.0,59465.535671364,2.5,,133.347183227539,0.8536507
Austria,AUT,2021,,45368.6434337368,2.5,98.8985438866981,101.08470916748,0.7543747
Azerbaijan,AZE,2021,7.9,5349.58226071425,2.5,56.693113760757,90.4878029868337,-0.4888287
Burundi,BDI,2021,53.7,264.682651664249,,,,-1.37835589999999
Belgium,BEL,2021,2.5,43140.9676652971,2.5,99.5884914136541,150.585006713867,0.461917
Benin,BEN,2021,32.6,1176.37727637273,12.5,17.2335784921348,40.2546501159668,-0.4106645
Burkina Faso,BFA,2021,20.4,745.472563435144,14.3,,40.1334643135395,-1.5801637
Bangladesh,BGD,2021,26.4,1702.08028414189,10.3,59.1534191656121,75.089641669915,-1.0535518
Bulgaria,BGR,2021,5.6,9161.47737990726,2.5,96.4499630852556,97.4684524536133,0.4063981
Bahrain,BHR,2021,4.7,24086.7847803428,,98.9039755631804,,-0.5041164
"Bahamas, The",BHS,2021,,29114.0597726386,,,74.0372670807453,0.7434332
Bosnia and Herzegovina,BIH,2021,8.1,5995.54197590494,2.5,87.5686386459375,87.8970108032227,-0.310701599999999
Belarus,BLR,2021,1.3,6457.73053706343,2.5,92.9130662378659,99.8514568766293,-0.616372399999999
Belize,BLZ,2021,12.1,5839.40157956017,5.1,,90.1186996190982,0.3568757
Bermuda,BMU,2021,,103134.729483915,,,,0.974511
Bolivia,BOL,2021,11.7,3011.55110807557,19.1,,90.1926069467688,-0.2859636
Brazil,BRA,2021,8.2,8799.22844579944,3.4,86.4345900524448,110.021629333496,-0.3922756
Barbados,BRB,2021,5.9,17475.0281776857,4.0,,104.736427307129,1.0845669
Brunei Darussalam,BRN,2021,10.6,29256.1833678343,,,,1.1632013
Bhutan,BTN,2021,18.7,3206.20366997254,,66.6162112124998,100.878047817838,0.9391838
Botswana,BWA,2021,21.6,6895.91184943107,22.9,65.1499443959709,74.0652465820312,1.0572186
Central African Republic,CAF,2021,38.1,396.020622931961,29.2,6.08389827753547,,-2.1689304
Canada,CAN,2021,,44639.193269037,2.5,97.1228097207068,109.483619689941,0.7604154
Central Europe and the Baltics,CEB,2021,3.13967328197794,15739.1352320017,2.52718031639148,,101.258842468262,
Switzerland,CHE,2021,,88661.2029776281,2.5,96.6999967246043,101.687019348145,1.0255347
Channel Islands,CHI,2021,,64267.6930018122,,,,
Chile,CHL,2021,1.6,14051.4713630677,2.5,97.5177827393904,106.125999450684,0.146317
China,CHN,2021,4.8,11469.5707134928,2.5,,,-0.259168
Cote d'Ivoire,CIV,2021,21.1,2146.47635317946,9.7,38.9130722009631,54.4109890656109,-0.895587799999999
Cameroon,CMR,2021,27.2,1443.57600237663,5.5,,42.6115884063623,-1.57868299999999
"Congo, Dem. Rep.",COD,2021,42.8,485.160805929784,36.6,11.3840916155714,42.9527015686035,-1.6314631
"Congo, Rep.",COG,2021,17.1,1701.79060456872,27.2,45.8748419970802,,-0.517419899999999
Colombia,COL,2021,11.2,6457.16921807086,4.1,73.6679379605927,105.227256774902,-1.0147831
Comoros,COM,2021,18.9,1359.76242021159,15.6,,,-0.3981267
Cabo Verde,CPV,2021,5.5,3471.6553421786,12.1,,104.706914193831,0.8339009
Costa Rica,CRI,2021,9.1,13146.6927918465,2.5,80.51169012131,146.792526245117,1.0171458
Caribbean small states,CSS,2021,8.05242311757734,13290.8289489771,7.63871204164373,,88.1179504394531,
Cuba,CUB,2021,7.0,7379.04275283674,,,99.8342771913984,0.4994388
Curacao,CUW,2021,,15625.4114231051,,,,
Cayman Islands,CYM,2021,,77259.6331345061,,,84.5653184565318,1.4633939
Cyprus,CYP,2021,,29517.072265625,2.5,99.737372137771,102.309028625488,0.4791734
Czechia,CZE,2021,2.3,20373.8783043424,2.5,98.1474795784941,102.618659973145,0.9968819
Germany,DEU,2021,2.0,44011.0194631674,2.5,99.9160407682468,98.0514907836914,0.6603045
Djibouti,DJI,2021,21.4,2854.15987035097,12.2,,,-0.5273642
Dominica,DMA,2021,,7738.31730070386,5.1,,101.098901098901,1.2367945
Denmark,DNK,2021,,59312.8158043771,2.5,99.9188284091204,131.364761352539,0.8409469
Dominican Republic,DOM,2021,6.1,8344.90510312395,5.5,45.1047648137829,79.2421801882118,0.3502987
Algeria,DZA,2021,9.0,4456.74687637774,2.5,68.8392411404175,,-0.9009933
East Asia & Pacific (excluding high income),EAP,2021,13.1898339655775,8905.88464694349,3.62095324248457,,90.2519989013672,
Early-demographic dividend,EAR,2021,27.0637301072439,3500.20998909915,11.6004359042925,,76.0862274169922,
East Asia & Pacific,EAS,2021,12.54,11962.7375119887,3.5824195315154,69.3602654868655,91.3720321655273,
Europe & Central Asia (excluding high income),ECA,2021,7.53990359213546,7621.34511041877,3.44364868228955,81.4698652916186,97.605842590332,
Europe & Central Asia,ECS,2021,4.77,24581.3075426451,2.75890566998339,92.2171286282724,102.760871887207,
Ecuador,ECU,2021,18.3,5815.09477390949,13.6,69.2478551557464,95.8818069146481,-0.1983083
"Egypt, Arab Rep.",EGY,2021,13.7,3837.31992324447,7.9,77.1532627055611,80.3491927630684,-1.066781
Euro area,EMU,2021,,36812.8039945725,2.50784437526238,,108.343849182129,
Eritrea,ERI,2021,48.5,,,,,-1.02707899999999
Spain,ESP,2021,,26705.3629138959,2.5,99.5058683248672,122.149238586426,0.38323
Estonia,EST,2021,1.2,21570.6658455268,2.5,98.4411838065781,115.217590332031,0.8879044
Ethiopia,ETH,2021,35.6,790.65701959778,20.6,12.5280484456065,,-2.0139565
European Union,EUU,2021,,33488.1142449396,2.50610366767337,,107.97386932373,
Fragile and conflict affected situations,FCS,2021,33.1663901324742,1425.89864437684,19.8080335340234,,44.2586288452148,
Finland,FIN,2021,1.6,45792.0454180872,2.5,99.6398969566029,150.98811340332,1.1287431
Fiji,FJI,2021,6.5,4507.33353596072,6.7,41.7375560402618,94.6174004192872,0.6663534
France,FRA,2021,,38030.8571685178,2.5,99.6447071710634,104.648162841797,0.1241525
Faroe Islands,FRO,2021,,56270.2511347442,,,,
"Micronesia, Fed. Sts.",FSM,2021,,3023.96457451783,,,,1.2268624
Gabon,GAB,2021,13.9,6479.04900690761,21.3,,,-0.28203
United Kingdom,GBR,2021,3.2,46487.3424706549,2.5,99.8500070588012,115.857772827148,0.4363658
Georgia,GEO,2021,5.1,5175.19865185825,4.8,69.7207124579763,103.428793170353,-0.2017684
Ghana,GHA,2021,16.0,2030.04866500967,5.6,38.786292222311,75.6377570946198,-0.1622488
Gibraltar,GIB,2021,,,,100.0,97.8042068481445,
Guinea,GIN,2021,27.1,973.646890096159,10.4,,,-1.0159308
"Gambia, The",GMB,2021,15.2,689.49323955737,18.9,46.6814287891959,116.372766553778,0.0231959
Guinea-Bissau,GNB,2021,27.6,729.627090607537,19.5,23.6996889837226,,-0.3001867
Equatorial Guinea,GNQ,2021,17.5,5487.92479201992,,,,-0.3214725
Greece,GRC,2021,1.9,19232.9683327114,2.5,97.2731639808381,103.454742431641,0.2270172
Grenada,GRD,2021,,8782.32193426078,,,102.901307966706,1.0408786
Greenland,GRL,2021,,48709.9339758895,,,,1.7551692
Guatemala,GTM,2021,43.9,4268.62858565412,12.9,49.0416367545043,48.1472917509683,-0.5740791
Guam,GUM,2021,,33239.4846327875,,97.2266625078406,,0.9953332
Guyana,GUY,2021,7.8,10711.9973374148,2.5,66.9098836794809,89.7333602905273,-0.0281476999999999
High income,HIC,2021,3.8,39782.9398439558,2.56853091348372,95.6398554792426,104.476928710938,
"Hong Kong SAR, China",HKG,2021,,44530.9262090583,2.7,100.0,97.5304295942721,0.2186871
Honduras,HND,2021,18.2,2423.76634916911,14.1,64.4343341684081,60.2124453124399,-0.806377
Heavily indebted poor countries (HIPC),HPC,2021,32.3528639997673,961.96999346246,22.3097654809858,,39.1958198547363,
Croatia,HRV,2021,,15395.1287782758,2.5,87.028826749969,108.876899719238,0.6364386
Haiti,HTI,2021,21.2,1292.71954963551,47.8,,,-1.2132391
Hungary,HUN,2021,,15787.9535427563,2.5,98.5310080568994,99.3371276855469,0.7337253
IBRD only,IBD,2021,19.4306636917037,6728.66940868672,7.28403794690931,77.1581104763526,87.8183670043945,
IDA & IBRD total,IBT,2021,24.4957124164547,5284.67426657771,10.2430905939911,67.2634654341914,73.100212097168,
IDA total,IDA,2021,31.394025370756,1408.70089156521,18.4839527193053,40.4484628549239,46.8494491577148,
IDA blend,IDB,2021,30.3666693999561,1960.8295587467,17.0092374195582,40.2360935040044,45.2309188842773,
Indonesia,IDN,2021,24.3,3850.68877253903,6.6,30.0516999151498,98.3041172391285,-0.6496757
IDA only,IDX,2021,31.9449423783879,1111.69190494885,19.3239064117681,39.8858661416221,47.9491500854492,
Isle of Man,IMN,2021,,89873.5420093569,,99.3695314720699,,
India,IND,2021,33.3,1965.30943437506,14.3,71.3240226487586,78.4542146302356,-0.6015988
Not classified,INX,2021,,,,,,
Ireland,IRL,2021,2.1,92781.2322150786,2.5,94.6467716600951,138.651184082031,0.7362963
"Iran, Islamic Rep.",IRN,2021,4.8,5300.62271961895,6.8,94.0348515722991,,-1.1577773
Iraq,IRQ,2021,10.5,4182.5006404573,15.4,59.7027840073918,,-2.1722684
Iceland,ISL,2021,,54285.0209153958,2.5,100.0,112.999610900879,1.3382488
Israel,ISR,2021,,40804.9689802536,2.5,99.5013159794369,99.3400192260742,-0.699899199999999
Italy,ITA,2021,,32267.7091050201,2.5,96.6129275910868,101.245712280273,0.4392226
Jamaica,JAM,2021,6.5,5607.45378253877,7.6,,86.6220377560584,0.1423135
Jordan,JOR,2021,7.8,3874.32714084633,15.4,83.4690312355887,92.8440273185155,-0.390988399999999
Japan,JPN,2021,5.1,35741.1601062924,,98.6365554676056,101.723770141602,1.1600529
Kazakhstan,KAZ,2021,5.3,10873.3915275276,2.5,90.9686099847972,93.9223187700412,-0.2325504
Kenya,KEN,2021,19.2,1698.89578271444,31.6,,79.6603133999262,-1.11021939999999
Kyrgyz Republic,KGZ,2021,11.3,1132.5546781282,5.3,77.6071671226473,93.1961318508701,-0.3876484
Cambodia,KHM,2021,22.8,1938.76436741728,6.1,28.2877495215251,59.1888520896695,-0.1486895
Kiribati,KIR,2021,14.7,1893.52661599343,4.6,14.6224199168917,93.4636603502039,1.1647191
St. Kitts and Nevis,KNA,2021,,19031.8211910603,,,118.408256530762,0.9147636
"Korea, Rep.",KOR,2021,1.8,34792.9397214598,2.5,99.0779413435631,97.7645034790039,0.9005342
Kuwait,KWT,2021,4.5,26203.2617257856,2.5,100.0,,0.1542148
Latin America & Caribbean (excluding high income),LAC,2021,12.3063761992619,8145.29208280277,5.84333467066491,77.1110998622523,100.721496582031,
Lao PDR,LAO,2021,30.8,2556.58912640405,,26.7965570605935,58.3834691492585,0.583086
Lebanon,LBN,2021,9.7,5973.41933892988,10.4,47.7,71.177412177286,-1.3231817
Liberia,LBR,2021,26.8,621.927983063426,37.7,,,-0.2103506
Libya,LBY,2021,11.9,7731.35448152581,16.0,,,-2.2069296
St. Lucia,LCA,2021,2.6,9336.92127417129,,,,0.868144
Latin America & Caribbean,LCN,2021,11.96,8316.14222192775,6.0188366409048,77.8606346351087,100.688407897949,
Least developed countries: UN classification,LDC,2021,33.4854937295316,1042.66310509177,20.1565155686429,,45.6659317016602,
Low income,LIC,2021,35.35,682.068551545596,26.4526531610271,30.0224716171056,37.4900817871094,
Liechtenstein,LIE,2021,,,,100.0,109.090911865234,1.5846135
Sri Lanka,LKA,2021,10.8,4357.97225779491,4.6,47.3605279862347,91.9800637956542,-0.510938
Lower middle income,LMC,2021,29.2,2125.14051338163,13.5802865582725,66.5613150678942,67.2521286010742,
Low & middle income,LMY,2021,24.61,5112.9703250261,10.3288128144345,,72.8236770629883,
Lesotho,LSO,2021,33.6,955.221236301503,,28.4622726530802,,-0.1334002
Late-demographic dividend,LTE,2021,7.43247778755381,10610.1004840522,2.99290017178539,,94.1037292480469,
Lithuania,LTU,2021,1.5,18569.7057246217,2.5,96.0576928458556,104.426818847656,1.0111257
Luxembourg,LUX,2021,,110873.185245175,2.5,99.6417682699789,107.486389160156,1.1450494
Latvia,LVA,2021,1.7,16070.1680032322,2.5,96.6594236779582,106.540283203125,0.8069842
"Macao SAR, China",MAC,2021,,41634.2386139903,10.1,100.0,88.92,0.9688675
St. Martin (French part),MAF,2021,,,,96.6366212748558,,
Morocco,MAR,2021,13.5,3309.130859375,6.5,75.4522762478037,79.2970919837523,-0.4686437
Monaco,MCO,2021,,194674.777609089,,100.0,,1.2044193
Moldova,MDA,2021,4.5,3688.16729442144,2.5,74.728074448968,96.2182041066503,-0.0451684
Madagascar,MDG,2021,39.3,431.599103077746,39.9,20.3914130605215,35.2580222250234,-0.4612648
Maldives,MDV,2021,13.9,9759.2219360708,,,,0.4430279
"Middle East, North Africa, Afghanistan & Pakistan",MEA,2021,23.95,5209.67271136343,12.2635767258698,65.4013845406908,58.5643081665039,
Mexico,MEX,2021,12.7,9728.05680032556,3.0,42.7368771579366,103.972526550293,-0.736204699999999
Marshall Islands,MHL,2021,30.6,5455.31642282232,,,101.538987688099,1.004613
Middle income,MIC,2021,22.21,5552.64149986246,8.94195389532178,,78.4491119384766,
North Macedonia,MKD,2021,3.9,6064.92315120022,2.9,80.6426344786389,84.2663116455078,0.0908151
Mali,MLI,2021,23.3,872.332509419855,7.3,,,-2.3319481
Malta,MLT,2021,3.5,31436.3493030938,2.5,99.8598941845663,102.578468322754,0.9318346
Myanmar,MMR,2021,25.1,1136.99566055698,4.4,59.5047510339159,,-2.09394989999999
"Middle East, North Africa, Afghanistan & Pakistan (excluding high income)",MNA,2021,24.9160146886889,2901.63413648526,13.1131100343608,64.2527662742731,,
Montenegro,MNE,2021,8.0,7198.30460781272,2.5,85.4417433013257,93.8239974975586,-0.0332398999999999
Mongolia,MNG,2021,7.6,4063.53669849245,3.1,40.0729687156752,101.767368447062,0.7338327
Northern Mariana Islands,MNP,2021,,16365.016735395,,81.4545454545454,,
Mozambique,MOZ,2021,37.0,588.215854695416,22.8,24.2943544979652,,-1.2675269
Mauritania,MRT,2021,21.7,1520.3111804259,7.8,,,-0.5222228
Mauritius,MUS,2021,7.7,9804.0031863121,7.7,,,0.9264413
Malawi,MWI,2021,33.6,569.968967322435,20.4,17.0411492908906,36.1013396035833,-0.102843499999999
Malaysia,MYS,2021,22.2,10388.2667120857,2.5,94.4527058564957,78.5013407999187,0.196108
North America,NAC,2021,3.51,60824.7850729267,2.5,97.173069399667,102.064552307129,
Namibia,NAM,2021,17.0,3809.80753359714,18.7,,87.1498788500333,0.5136089
New Caledonia,NCL,2021,,,5.4,96.8652854148107,,1.1123709
Niger,NER,2021,45.6,523.263179518652,11.4,,,-1.4793091
Nigeria,NGA,2021,33.4,2206.66406250067,17.6,28.3555720870985,45.1787605285645,-2.0135756
Nicaragua,NIC,2021,,2128.30881395452,17.0,,,-0.4075357
Netherlands,NLD,2021,1.5,49780.8440526836,2.5,99.9642349395246,136.865417480469,0.732977
Norway,NOR,2021,,77812.7115614383,2.5,99.1464132132181,117.828887939453,1.0721678
Nepal,NPL,2021,27.5,1062.7888430629,5.2,16.0738129524168,85.6409873713909,-0.2520173
Nauru,NRU,2021,16.0,8325.88214663427,,18.6612746506835,,0.7572142
New Zealand,NZL,2021,,41490.1148198326,2.5,99.9999956407702,120.655471801758,1.3569818
OECD members,OED,2021,5.55643092617998,38552.7294071217,2.61913037454963,,107.016960144043,
Oman,OMN,2021,12.1,18291.3387983888,5.7,90.7106522109987,93.2710477870208,0.3902352
Other small states,OSS,2021,19.7701893037161,11722.030338555,8.8211216779137,,75.5489273071289,
Pakistan,PAK,2021,34.7,1595.02792175422,16.4,44.8655201766001,36.7848892672203,-1.6496402
Panama,PAN,2021,14.1,14552.9401400295,5.3,,,0.3538332
Peru,PER,2021,11.0,6547.84718181776,6.5,51.5796260705202,102.32568359375,-0.334168099999999
Philippines,PHL,2021,27.6,3350.97587587776,4.6,47.7758210718841,87.9361520075232,-1.0935816
Palau,PLW,2021,,12612.2906184953,,89.1792971350352,105.06512301013,1.1404301
Papua New Guinea,PNG,2021,46.6,2378.3716816549,27.9,,48.9409565731442,-0.747625099999999
Poland,POL,2021,1.1,16368.6239689025,2.5,90.2295544565872,109.834098815918,0.5651963
Pre-demographic dividend,PRE,2021,32.0754532733901,1402.70865652857,21.9956686458115,,41.0802612304688,
Puerto Rico (US),PRI,2021,,28416.6231262223,,99.4865794172996,,0.4249881
"Korea, Dem. People's Rep.",PRK,2021,17.7,,,66.454316601856,,-0.1983915
Portugal,PRT,2021,3.1,20747.6990734163,2.5,95.0423716079735,119.506401062012,0.9584396
Paraguay,PRY,2021,3.7,6278.11006663809,3.9,63.9595993188715,91.6603622436523,-0.0550381999999999
West Bank and Gaza,PSE,2021,7.5,3051.48607007995,,80.5940848308212,92.9705244906805,-1.6333144
Pacific island small states,PSS,2021,18.4343289679365,3390.86854398028,11.6056838620803,,76.0806198120117,
Post-demographic dividend,PST,2021,3.82609765031629,44164.1627392462,2.63459718511288,,105.48853302002,
French Polynesia,PYF,2021,,19626.2332540206,5.0,90.448717948718,,1.0386429
Qatar,QAT,2021,5.4,65488.5460040395,,95.6502367798368,94.4009874257502,0.9259515
Romania,ROU,2021,7.1,11546.3224998072,2.5,82.0270424549939,86.4143218994141,0.6671952
Russian Federation,RUS,2021,,10231.318359375,2.5,76.0486235731221,91.4263276032683,-0.5061895
Rwanda,RWA,2021,30.9,896.271033574985,31.0,,47.0146410981496,0.115233
South Asia,SAS,2021,32.07,1957.51785309013,13.5936788402546,72.7058981854924,78.1247634887695,
Saudi Arabia,SAU,2021,11.2,24922.6716948944,2.5,,102.31567264971,-0.4672131
Sudan,SDN,2021,34.2,1009.54888916016,11.0,,,-1.7826483
Senegal,SEN,2021,16.9,1414.5395109385,5.2,26.2648624944934,50.1069716907194,-0.1040585
Singapore,SGP,2021,2.7,67731.2610711717,,100.0,102.820483763331,1.2816641
Solomon Islands,SLB,2021,28.9,1880.5519827183,22.0,,,0.4456005
Sierra Leone,SLE,2021,25.7,1045.7661615758,26.3,10.0452080231167,74.4143295288086,-0.2367225
El Salvador,SLV,2021,10.0,4247.54750394978,7.0,,67.7409182456172,-0.222007099999999
San Marino,SMR,2021,,46834.1395065822,,100.0,59.5874713521772,1.2044193
"Somalia, Fed. Rep.",SOM,2021,24.1,461.627830725978,52.1,,,-2.60696149999999
Serbia,SRB,2021,4.7,7465.67601077148,2.5,74.8727235912307,93.580436706543,-0.0436914
Sub-Saharan Africa (excluding high income),SSA,2021,31.4594271403028,1629.64361201344,20.8864621846032,32.757876584865,43.4608612060547,
South Sudan,SSD,2021,29.7,,21.4,,,-2.21948739999999
Sub-Saharan Africa,SSF,2021,31.86,1545.45220046021,20.8552296047433,30.9229549205143,43.4628715515137,
Small states,SST,2021,17.3093098793695,10966.3507528896,8.95054702123366,,77.3530426025391,
Sao Tome and Principe,STP,2021,10.8,1428.28676097975,16.0,36.0898921217956,,0.6052679
Suriname,SUR,2021,8.0,6973.89941868115,9.3,55.7762563734849,70.7176818847656,0.3607899
Slovak Republic,SVK,2021,,18808.4540496595,3.0,99.3981264379615,91.8019866943359,0.5857562
Slovenia,SVN,2021,,24665.4410464026,2.5,98.6127023155244,108.541328430176,0.7356372
Sweden,SWE,2021,,53997.1337068799,2.5,99.7392374480204,146.834045410156,0.9471541
Eswatini,SWZ,2021,20.1,3719.03838239806,11.6,37.0763839524603,,-0.428643699999999
Sint Maarten (Dutch part),SXM,2021,,29834.6350068383,,,,
Seychelles,SYC,2021,6.3,17005.0422063679,2.5,64.3578795240398,104.619930163846,0.7262104
Syrian Arab Republic,SYR,2021,24.6,734.334236323426,33.2,,41.2969818115234,-2.37452369999999
Turks and Caicos Islands,TCA,2021,3.2,42907.7492465912,,47.1044769969249,87.9500427246094,
Chad,TCD,2021,31.6,857.527630579087,30.1,6.20493838010433,17.2672329408201,-1.689273
East Asia & Pacific (IDA & IBRD countries),TEA,2021,13.1298789254787,9005.72161441987,3.62095324248457,,90.1944808959961,
Europe & Central Asia (IDA & IBRD countries),TEC,2021,6.97819764337736,9439.04843335798,3.01155398015743,85.0643825480326,96.7162628173828,
Togo,TGO,2021,23.2,829.786700130989,13.7,19.5549350217433,56.962123807999,-0.6682329
Thailand,THA,2021,12.2,6121.52696529713,5.4,,88.4176900305973,-0.6963747
Tajikistan,TJK,2021,14.1,1254.06999592306,9.2,63.9329751524958,84.6863463051504,-0.3984715
Turkmenistan,TKM,2021,7.0,7248.70763225719,3.7,94.4948554349009,90.9738998413086,-0.224582999999999
Latin America & the Caribbean (IDA & IBRD countries),TLA,2021,12.0242120923118,8192.97514505256,6.0188366409048,78.5455361747523,100.692810058594,
Timor-Leste,TLS,2021,45.5,2015.82035757039,18.0,,,0.2660158
"Middle East, North Africa, Afghanistan & Pakistan (IDA & IBRD)",TMN,2021,25.0620832463495,2900.57960405182,13.1131100343608,64.1316356736625,,
Tonga,TON,2021,2.1,4612.90046969933,,29.5354703781636,106.296201886311,1.111896
South Asia (IDA & IBRD),TSA,2021,32.1005027032249,1957.51785309013,13.5936788402546,72.7058981854924,78.1247634887695,
Sub-Saharan Africa (IDA & IBRD countries),TSS,2021,31.8679458850261,1545.45220046021,20.8552296047433,30.9229549205143,43.4628715515137,
Trinidad and Tobago,TTO,2021,7.6,15558.0940536829,11.7,69.3209608932536,,0.1561926
Tunisia,TUN,2021,8.7,3902.53322990199,3.1,69.1428674618065,,-0.6668946
Turkiye,TUR,2021,5.7,13670.938029516,2.5,,113.14852142334,-0.9721057
Tuvalu,TUV,2021,5.6,4396.04894488478,,8.61952269338135,96.5023847376789,1.2851524
Tanzania,TZA,2021,30.5,1054.31726074219,22.4,29.2612494140254,29.2047595977783,-0.5751002
Uganda,UGA,2021,24.1,919.401675217265,25.6,16.3660020583951,,-0.9440307
Ukraine,UKR,2021,13.1,2426.6123046875,5.3,88.1421385753858,85.0508078338962,-0.990563099999999
Upper middle income,UMC,2021,10.28,9237.86507507475,3.95270679852813,79.4975182121195,96.4112930297852,
Uruguay,URY,2021,6.5,17416.0052208869,2.5,,127.390487491348,1.1500797
United States,USA,2021,3.6,62680.2503585805,2.5,97.3193057406534,101.344367980957,-0.126399999999999
Uzbekistan,UZB,2021,7.4,3442.7248445034,2.5,78.8125991266417,96.6067427080091,-0.221247
St. Vincent and the Grenadines,VCT,2021,,8211.33588012942,5.8,,130.800877674164,1.0408786
"Venezuela, RB",VEN,2021,11.2,1276.62381449407,13.0,,,-1.2895082
British Virgin Islands,VGB,2021,,,,,71.9810040705563,
Virgin Islands (U.S.),VIR,2021,,37313.0484931531,,98.6338198626827,,0.5654024
Viet Nam,VNM,2021,20.0,3358.21734764714,5.6,57.0496891690515,90.3080638471257,0.1345844
Vanuatu,VUT,2021,29.5,2666.30269843855,8.3,18.9705111237465,64.2566909790039,0.9586235
World,WLD,2021,22.38,11124.7495292116,8.6,70.9952769597765,76.4972991943359,
Samoa,WSM,2021,7.4,4032.13733959294,4.5,62.2883361885865,,1.1396511
Kosovo,XKX,2021,,4429.87597525975,,,,0.0010881
"Yemen, Rep.",YEM,2021,45.8,,,,,-2.6676713
South Africa,ZAF,2021,22.9,5750.90937479584,9.4,69.6095423719645,111.094585540701,-0.7738081
Zambia,ZMB,2021,31.6,1269.10821808895,35.7,,,-0.158277199999999
Zimbabwe,ZWE,2021,23.3,1312.20001358807,24.8,26.0218506326245,,-1.0184197
Aruba,ABW,2022,,29195.2670227422,,,140.441833496094,1.3357267
Africa Eastern and Southern,AFE,2022,33.852035676616,1440.43036630175,26.1608677463918,30.7078255454593,42.9131698608398,
Afghanistan,AFG,2022,41.1,377.665627080705,28.9,29.2258226674089,,-2.4492487
Africa Western and Central,AFW,2022,29.2738537776896,1757.45658962159,15.5202406590766,29.4815729633862,44.9384689331055,
Angola,AGO,2022,45.2,2860.90251922246,23.1,,,-0.5414068
Albania,ALB,2022,8.1,5867.65096230557,6.2,70.7360691418644,,0.0115425
Andorra,AND,2022,,39780.4152991834,,90.6399966597026,98.0160369873047,1.5497163
Arab World,ARB,2022,20.1337885418716,6351.57184174657,11.7017578998128,,68.3780136108398,
United Arab Emirates,ARE,2022,,41828.5553298104,2.5,98.6371712508075,98.9789962768555,0.883216
Argentina,ARG,2022,9.8,13276.8232110189,3.3,,117.566009521484,0.0576438
Armenia,ARM,2022,6.7,4791.00481712183,2.5,82.3560320003641,90.1215425051106,-0.3556235
American Samoa,ASM,2022,,13709.0974895473,,90.5383360522023,,1.2481785
Antigua and Barbuda,ATG,2022,,17456.8722243104,,,107.737361282367,1.0787211
Australia,AUS,2022,3.0,61200.4588964781,2.5,,130.563079833984,0.9015353
Austria,AUT,2022,,47332.4240357971,2.5,98.8963213683601,100.453628540039,0.6005165
Azerbaijan,AZE,2022,7.5,5599.58524971025,2.5,57.0915389091267,88.7876201854696,-0.542048099999999
Burundi,BDI,2022,54.4,263.587550051638,,,,-1.28089529999999
Belgium,BEL,2022,2.6,44486.7438563594,2.5,99.5747071525258,151.826583862305,0.2465264
Benin,BEN,2022,32.8,1218.49668929091,13.3,17.3874262062623,40.2818489074707,-0.4373008
Burkina Faso,BFA,2022,20.0,740.306319930259,13.9,,36.1300743115017,-1.82102069999999
Bangladesh,BGD,2022,25.9,1804.3493461776,10.6,59.1601050160444,72.2731144156835,-1.0954422
Bulgaria,BGR,2022,5.6,9597.86796406548,2.5,96.3684403102427,95.5302886962891,0.3269733
Bahrain,BHR,2022,4.7,25234.40256182,,98.9039755631804,106.466008925534,-0.482549599999999
"Bahamas, The",BHS,2022,,32186.4575039237,,,,0.8592816
Bosnia and Herzegovina,BIH,2022,8.1,6327.16206849174,2.5,86.9845581115841,89.2550964355469,-0.248056399999999
Belarus,BLR,2022,1.2,6206.61909685419,2.5,92.9817487124775,97.7828329479802,-0.6168791
Belize,BLZ,2022,11.9,6262.56088273674,5.8,,89.0278593037432,0.7353533
Bermuda,BMU,2022,,109642.671877743,,,,0.9782486
Bolivia,BOL,2022,11.4,3088.24126155241,21.6,,90.3370506966397,-0.170608899999999
Brazil,BRA,2022,8.5,9032.08377657776,3.2,87.1246545881346,108.587013244629,-0.415796899999999
Barbados,BRB,2022,5.8,20472.9494048647,4.2,,106.201553344727,1.2066625
Brunei Darussalam,BRN,2022,10.3,28549.1756060465,,,,1.175984
Bhutan,BTN,2022,18.4,3349.73309632799,,67.7829420513284,98.562791614893,1.3224382
Botswana,BWA,2022,21.4,7159.5860618268,22.5,64.5355149117976,,1.0798421
Central African Republic,CAF,2022,38.3,398.91539795642,29.6,6.12644478356119,,-1.9022515
Canada,CAN,2022,,45677.686578804,2.5,97.0069502082357,108.356742858887,0.5074459
Central Europe and the Baltics,CEB,2022,3.12739731135102,16397.2583916271,2.53799495664471,,99.9802322387695,
Switzerland,CHE,2022,,90605.019427268,2.5,96.7000014177634,101.519386291504,1.0254452
Channel Islands,CHI,2022,,67508.9385276664,,,,
Chile,CHL,2022,1.7,14283.1489501524,2.5,97.6223377586439,105.129852294922,-0.004406
China,CHN,2022,4.7,11830.5983703496,2.5,,,-0.249058199999999
Cote d'Ivoire,CIV,2022,20.7,2227.09845246984,10.4,37.7410681967297,52.166846663702,-0.716317499999999
Cameroon,CMR,2022,27.1,1458.66180431693,5.1,,43.2072311629303,-1.6950827
"Congo, Dem. Rep.",COD,2022,43.3,513.512704372167,37.3,11.5847367804937,,-1.8455557
"Congo, Rep.",COG,2022,16.8,1686.00234391385,26.8,,,-0.1445911
Colombia,COL,2022,11.3,6856.72590505374,4.1,73.9120370386592,103.587738037109,-0.809182
Comoros,COM,2022,18.3,1368.3741885336,16.2,,56.4125595092773,-0.374766
Cabo Verde,CPV,2022,5.4,3997.76763250653,12.8,,103.582593697222,0.8359641
Costa Rica,CRI,2022,9.7,13686.1614090822,2.5,80.5075742727012,138.920425415039,1.1460641
Caribbean small states,CSS,2022,7.92551697314117,15207.5837552377,7.8848300559226,,86.8843231201172,
Cuba,CUB,2022,7.1,7552.33152218842,,,104.243159338676,0.4974928
Curacao,CUW,2022,,16772.8147195764,,,,
Cayman Islands,CYM,2022,,80029.0319676823,,,84.132682800293,1.4663069
Cyprus,CYP,2022,,31370.55078125,2.5,99.7292193859115,103.748672485352,0.3811357
Czechia,CZE,2022,2.3,20627.348651011,2.5,98.1466666539194,103.715873718262,0.9957469
Germany,DEU,2022,2.1,44817.1316331389,2.5,99.9164105070546,97.7000427246094,0.5284799
Djibouti,DJI,2022,21.1,2959.78673011268,12.5,,,-0.4774121
Dominica,DMA,2022,,8590.92209069816,4.4,,100.132102966309,1.2397365
Denmark,DNK,2022,,59108.7449374068,2.5,99.9188313432527,129.684188842773,0.8416401
Dominican Republic,DOM,2022,5.9,8698.13592094395,4.4,45.1857198571577,80.1246063749448,0.4914554
Algeria,DZA,2022,8.9,4544.46688060372,2.5,68.9045097977599,,-0.8074555
East Asia & Pacific (excluding high income),EAP,2022,13.4877316016844,9200.23508783493,3.57006406348884,,91.0241012573242,
Early-demographic dividend,EAR,2022,26.8893822437145,3669.67144770881,11.2564062188611,,77.3045883178711,
East Asia & Pacific,EAS,2022,12.8,12298.2762533191,3.5337209237042,69.9839868357234,92.0620269775391,
Europe & Central Asia (excluding high income),ECA,2022,7.20046131692492,7898.44899906048,3.48902665552133,81.5589936146188,98.3514022827148,
Europe & Central Asia,ECS,2022,4.67,25418.8606318264,2.77099000341437,92.3150246129194,102.949150085449,
Ecuador,ECU,2022,18.1,6107.49495006543,12.8,69.4563704697226,95.6203503719702,-0.2336288
"Egypt, Arab Rep.",EGY,2022,13.4,4029.78295457978,8.8,77.7473116263856,,-0.9542974
Euro area,EMU,2022,,38051.0445374525,2.51091965740222,,108.541839599609,
Eritrea,ERI,2022,48.4,,,,40.2760810852051,-1.0696541
Spain,ESP,2022,,28203.1093419474,2.5,99.4901169704125,122.008041381836,0.1569762
Estonia,EST,2022,1.3,21023.2994937246,2.5,98.6087629231215,114.788101196289,0.8742633
Ethiopia,ETH,2022,35.6,811.177729326201,20.2,12.8658193957494,,-1.8659545
European Union,EUU,2022,,34605.1747492534,2.5085022443504,,107.83553314209,
Fragile and conflict affected situations,FCS,2022,33.3821675477891,1421.76860683137,20.6947321334045,,44.5880584716797,
Finland,FIN,2022,1.7,46016.1492103929,2.5,99.6420273240034,153.241073608398,1.0892287
Fiji,FJI,2022,6.7,5291.51693123572,7.3,41.8635817890018,96.1407038662342,0.782553
France,FRA,2022,,38868.3303330557,2.5,99.7041457501002,104.633659362793,0.0198376
Faroe Islands,FRO,2022,,57775.0758629956,,,,
"Micronesia, Fed. Sts.",FSM,2022,,2923.25915160041,,,,1.5042238
Gabon,GAB,2022,13.9,6527.48207900404,23.5,,,-0.1324826
United Kingdom,GBR,2022,3.3,48433.009835767,2.5,99.8409886959696,115.081817626953,0.3676912
Georgia,GEO,2022,4.9,5736.30449578597,2.9,69.9874019271651,100.530264984786,-0.100034699999999
Ghana,GHA,2022,15.7,2067.20895910766,5.9,40.1638456005242,77.9574778013858,-0.1877453
Gibraltar,GIB,2022,,,,100.0,70.1354675292969,
Guinea,GIN,2022,26.8,987.502501465337,10.4,,,-0.813667399999999
"Gambia, The",GMB,2022,14.7,710.686979216316,18.3,47.2527699535092,,0.1344853
Guinea-Bissau,GNB,2022,27.9,752.901123263165,22.0,23.7944999344998,,-0.360252199999999
Equatorial Guinea,GNQ,2022,17.3,5524.24312418579,,,,-0.3481526
Greece,GRC,2022,1.9,20552.3223279685,2.5,97.077493639352,105.123413085938,0.236947
Grenada,GRD,2022,,9406.19337643226,,,,1.2048361
Greenland,GRL,2022,,49679.3365414895,,,,1.2502225
Guatemala,GTM,2022,44.1,4385.14891178047,12.1,48.9617404208088,46.8427646987635,-0.3005447
Guam,GUM,2022,,34627.9862781837,,96.1518098939353,,0.9982241
Guyana,GUY,2022,7.5,17365.3336428642,2.5,67.1385791426125,,0.210713
High income,HIC,2022,3.87,40813.0270730429,2.57145429276453,95.6946421885196,104.096839904785,
"Hong Kong SAR, China",HKG,2022,,43281.6852291306,2.9,100.0,103.838896020539,0.3891702
Honduras,HND,2022,18.1,2482.22384904714,14.0,64.8354617771336,59.2098503112793,-0.4781621
Heavily indebted poor countries (HIPC),HPC,2022,32.4312405797529,982.924394594556,22.983154968042,,39.2724304199219,
Croatia,HRV,2022,,16618.1111874724,2.5,87.1053503801156,108.496017456055,0.7321186
Haiti,HTI,2022,21.3,1256.72143592448,51.1,,,-0.947002399999999
Hungary,HUN,2022,,16487.7973935944,2.5,99.6589320571195,102.312553405762,0.6701403
IBRD only,IBD,2022,19.6654326809486,6949.77744058703,7.0280854755574,78.0247209196138,88.8826370239258,
IDA & IBRD total,IBT,2022,24.7440215565505,5436.74748762757,10.1874450887777,67.8524657045432,73.7423477172852,
IDA total,IDA,2022,31.323970890867,1441.8927324741,19.0875545992421,40.7430322696997,47.1027297973633,
IDA blend,IDB,2022,30.0834616305723,2014.88221922079,17.7491373464458,40.4346589010091,45.8226890563965,
Indonesia,IDN,2022,23.7,4024.91225288391,6.6,30.3301592429051,98.185474262024,-0.7624666
IDA only,IDX,2022,31.98338433847,1134.36793858317,19.8824730898188,40.4479608095778,47.9579582214355,
Isle of Man,IMN,2022,,86103.3379308107,,99.7098313889755,,
India,IND,2022,33.0,2098.2112447615,13.5,73.0266809621397,80.4518698611689,-0.7535037
Not classified,INX,2022,,,,,,
Ireland,IRL,2022,2.1,97793.5366671697,2.5,95.1339726452281,136.129119873047,0.8053599
"Iran, Islamic Rep.",IRN,2022,4.8,5465.31447539413,6.7,94.1639395882777,85.9843673706055,-1.1448403
Iraq,IRQ,2022,10.0,4412.99733146512,15.3,59.7426308879855,,-2.2294281
Iceland,ISL,2022,,57606.8756094882,2.5,99.9999992337629,110.178550720215,1.2672872
Israel,ISR,2022,,42516.3888090274,2.5,99.4882210299717,98.9096984863281,-0.904996799999999
Italy,ITA,2022,,33891.8866526216,2.5,96.661430336891,100.924369812012,0.4124684
Jamaica,JAM,2022,6.6,5965.46127464873,7.5,,82.8671722412109,0.4525342
Jordan,JOR,2022,7.8,3909.80228869045,15.1,85.2926964809527,93.4988532874014,-0.311462199999999
Japan,JPN,2022,5.1,36238.3294895302,,98.6817861480426,101.571006774902,1.2758787
Kazakhstan,KAZ,2022,4.9,11058.3482413407,2.5,91.2523237707004,93.6981837228001,-0.5795614
Kenya,KEN,2022,18.7,1747.53198804428,35.3,,83.4337197590316,-0.962236
Kyrgyz Republic,KGZ,2022,11.2,1212.17812721768,5.2,76.8977856738224,,-0.422477
Cambodia,KHM,2022,22.5,2011.27433313262,5.8,28.8787767026893,59.850293235261,-0.0739156
Kiribati,KIR,2022,14.7,1948.24312238625,4.5,14.8944146340462,95.0484764542936,1.2429196
St. Kitts and Nevis,KNA,2022,,21050.758653729,,,115.003099814011,0.9177056
"Korea, Rep.",KOR,2022,1.8,35809.0138105144,2.5,99.1703476690398,97.5669174194336,0.855673
Kuwait,KWT,2022,4.5,26579.8321646876,2.5,100.0,,0.1041664
Latin America & Caribbean (excluding high income),LAC,2022,12.4792590017652,8412.36598280101,5.78852228189293,77.501216957595,100.081932067871,
Lao PDR,LAO,2022,30.5,2589.05015191628,,29.5807179816358,55.9171927545616,0.7033051
Lebanon,LBN,2022,9.8,5909.03651555028,9.8,47.7,68.0329956698082,-1.34257539999999
Liberia,LBR,2022,26.7,638.005183858289,37.0,,,-0.2807974
Libya,LBY,2022,10.8,7002.68189296358,16.6,,,-2.00397249999999
St. Lucia,LCA,2022,2.7,11224.2899455738,,,91.6141891479492,1.0438207
Latin America & Caribbean,LCN,2022,12.15,8604.53059795143,5.71906432439058,78.2336120966396,100.203941345215,
Least developed countries: UN classification,LDC,2022,33.595174998607,1067.73895636263,20.7057903269415,,45.675838470459,
Low income,LIC,2022,35.49,686.608999787945,28.2314953888797,30.7688920261268,37.7314682006836,
Liechtenstein,LIE,2022,,,,100.0,,1.5871411
Sri Lanka,LKA,2022,10.5,4033.14561476298,6.1,47.1047618375178,90.6491955714904,-0.7621199
Lower middle income,LMC,2022,29.02,2230.23361306221,13.4238785852759,67.4276048970577,68.3247604370117,
Low & middle income,LMY,2022,24.87,5268.23590331493,10.2965997719667,,73.4827575683594,
Lesotho,LSO,2022,34.1,967.51928598325,,29.4033810742405,,-0.128161
Late-demographic dividend,LTE,2022,7.55620230967068,10941.5382468571,2.9756601011572,,94.3606567382812,
Lithuania,LTU,2022,1.5,18884.5152531698,2.5,96.3871040824369,105.173408508301,0.963939
Luxembourg,LUX,2022,,107467.187082637,2.5,99.6457366440271,109.018447875977,1.0244114
Latvia,LVA,2022,1.7,16421.3748596,2.5,96.929013380554,105.172348022461,0.7798656
"Macao SAR, China",MAC,2022,,34000.7134128308,10.4,100.0,89.5705128205128,0.9728177
St. Martin (French part),MAF,2022,,,,96.6310513695217,,
Morocco,MAR,2022,13.5,3334.91162109375,6.9,77.6426450242694,83.2706329144956,-0.492008
Monaco,MCO,2022,,214359.605825981,,100.0,,1.3786309
Moldova,MDA,2022,4.4,3611.95484733286,2.5,75.0859902413964,97.3920322268435,-0.2465629
Madagascar,MDG,2022,39.0,438.516263353189,39.9,21.0247444684197,,-0.525026099999999
Maldives,MDV,2022,14.0,10939.9963271738,,,79.1463748290014,0.2721525
"Middle East, North Africa, Afghanistan & Pakistan",MEA,2022,23.94,5440.81530487828,12.5931599099575,65.510713403374,59.6928901672363,
Mexico,MEX,2022,12.9,10013.2479236143,2.8,42.8511360617413,104.8212890625,-0.5890439
Marshall Islands,MHL,2022,30.2,5591.46421459004,,,97.5043334960938,1.2819745
Middle income,MIC,2022,22.39,5731.4739020229,8.87534853313132,,79.257942199707,
North Macedonia,MKD,2022,3.9,6250.62720952063,2.5,80.6962568341004,91.6712875366211,0.3218511
Mali,MLI,2022,23.2,877.817842432934,9.9,,,-2.4680844
Malta,MLT,2022,3.5,31430.6187070236,2.5,99.8488507222599,102.699798583984,0.9316852
Myanmar,MMR,2022,24.9,1174.76697947364,5.2,59.5740394038691,,-2.2412758
"Middle East, North Africa, Afghanistan & Pakistan (excluding high income)",MNA,2022,24.8810423175746,2976.35590636317,13.4936504122932,64.3512475772065,,
Montenegro,MNE,2022,8.0,7773.60323941511,2.5,85.46146770905,93.450813293457,0.0236518
Mongolia,MNG,2022,7.4,4205.88554513551,2.5,41.1517155733625,96.3042193568297,0.6315013
Northern Mariana Islands,MNP,2022,,19461.8611129744,,81.4545454545454,,
Mozambique,MOZ,2022,37.0,596.058889461466,21.8,25.3524359392066,,-1.3208653
Mauritania,MRT,2022,21.6,1576.75624107308,8.6,,,-0.2992865
Mauritius,MUS,2022,7.7,10688.4383112722,7.9,,,0.8607357
Malawi,MWI,2022,33.3,560.635759714941,20.7,17.676944038053,35.8626281732909,-0.166924
Malaysia,MYS,2022,23.0,11191.6511756943,2.5,94.537901300482,82.2986504789168,0.2483001
North America,NAC,2022,3.72,61993.4613265648,2.5,97.3076428764735,99.5094299316406,
Namibia,NAM,2022,16.8,3905.55135268164,18.4,,86.1980083129179,0.3736395
New Caledonia,NCL,2022,,,5.2,96.8652854148107,,1.1152109
Niger,NER,2022,46.5,566.797962983866,12.7,,,-1.299076
Nigeria,NGA,2022,33.5,2254.29080416892,18.7,28.9123382327651,,-1.9526169
Nicaragua,NIC,2022,,2175.73899144405,17.3,,,-0.168460299999999
Netherlands,NLD,2022,1.6,51777.5431588864,2.5,99.9626620702136,140.989440917969,0.6252296
Norway,NOR,2022,,79620.1635455079,2.5,99.1184367586336,117.932258605957,0.9197731
Nepal,NPL,2022,26.9,1113.55462341223,5.4,16.2113760069297,84.9171356280891,-0.3755496
Nauru,NRU,2022,16.0,8498.6998601243,,18.6619038041509,100.421348571777,0.9276426
New Zealand,NZL,2022,,42965.2749754735,2.5,100.0,117.863876342773,1.2327589
OECD members,OED,2022,5.6935250336226,39550.448387956,2.59985863160364,,106.403388977051,
Oman,OMN,2022,12.3,18792.4460565306,5.9,90.8517534920116,91.191469277966,0.4399615
Other small states,OSS,2022,19.5015279953786,12081.4158837591,9.15779063646851,,75.7426071166992,
Pakistan,PAK,2022,34.1,1642.28066974826,16.7,44.9689962895511,37.4490104990348,-1.7555938
Panama,PAN,2022,14.0,15956.0653932059,5.8,,,0.428471
Peru,PER,2022,10.9,6667.51695632036,6.6,50.9317018204268,103.652191162109,-0.6566212
Philippines,PHL,2022,27.7,3577.70136573244,3.5,48.0080472021408,93.8565182415521,-0.899042399999999
Palau,PLW,2022,,12820.3765209089,,90.4186872328875,88.5593220338983,1.2446282
Papua New Guinea,PNG,2022,46.9,2467.23488790877,28.8,,,-0.6856785
Poland,POL,2022,1.1,17303.64494323,2.5,89.7069589138763,107.567939758301,0.537484
Pre-demographic dividend,PRE,2022,32.2025210949109,1431.65390893488,23.0433911776929,,41.452709197998,
Puerto Rico (US),PRI,2022,,29643.7408907829,,99.3044735579141,,0.3070682
"Korea, Dem. People's Rep.",PRK,2022,17.3,,,66.5313996398284,,0.2686785
Portugal,PRT,2022,3.1,22042.8680283647,2.5,95.1046831961616,121.729446411133,0.8869409
Paraguay,PRY,2022,3.5,6218.19790694162,4.4,64.1624896239257,87.3263168334961,-0.0659073999999999
West Bank and Gaza,PSE,2022,7.6,3099.9609010368,,80.6098759007822,92.7547421358175,-1.5318512
Pacific island small states,PSS,2022,18.8134510560789,3635.62681471762,11.8218254930351,,80.4202423095703,
Post-demographic dividend,PST,2022,3.8466809899822,45364.5649508054,2.65627149970912,,104.618598937988,
French Polynesia,PYF,2022,,20160.4994298379,4.6,90.448717948718,,1.0479309
Qatar,QAT,2022,5.4,64315.6355652952,,95.5006792801086,103.828099708644,0.9163182
Romania,ROU,2022,7.0,12076.3033811896,2.5,82.0723279751299,83.2872314453125,0.5499041
Russian Federation,RUS,2022,,10119.0625,2.5,76.115615937165,91.9435067815037,-0.740939599999999
Rwanda,RWA,2022,30.5,948.413686948024,26.6,,47.5004278023246,0.0294569
South Asia,SAS,2022,31.75,2079.70096055151,12.9558522136708,74.3252481732266,79.9995727539062,
Saudi Arabia,SAU,2022,11.2,26706.917926066,2.5,,120.79801594321,-0.3617761
Sudan,SDN,2022,34.4,973.225280761719,,,,-1.92571989999999
Senegal,SEN,2022,17.0,1433.1991875241,5.1,26.5737764045533,51.0293572947889,-0.2028622
Singapore,SGP,2022,2.8,68218.805333562,,100.0,102.73547410258,1.164789
Solomon Islands,SLB,2022,29.2,1788.61727922057,22.0,,,0.7315157
Sierra Leone,SLE,2022,25.4,1077.08884538507,25.2,10.3259637046209,,-0.265426899999999
El Salvador,SLV,2022,9.9,4355.96083888359,6.8,,68.410512155513,-0.0998814
San Marino,SMR,2022,,51277.3460993917,,100.0,59.4007490636704,1.3786309
"Somalia, Fed. Rep.",SOM,2022,24.0,460.046226685196,52.8,,,-2.092858
Serbia,SRB,2022,4.6,7862.95387364846,2.5,74.901299487962,95.2010726928711,-0.0525867
Sub-Saharan Africa (excluding high income),SSA,2022,31.6002252231324,1653.21688946605,21.7843981731634,33.5035351204115,43.7772483825684,
South Sudan,SSD,2022,29.9,,21.0,,,-1.6425543
Sub-Saharan Africa,SSF,2022,32.01,1568.7119148255,21.6109990890393,31.4368144934526,43.7793312072754,
Small states,SST,2022,17.2026942500466,11659.6483007671,9.25350767719086,,77.6589813232422,
Sao Tome and Principe,STP,2022,10.4,1403.23356704678,16.7,36.3730925843469,,0.4930734
Suriname,SUR,2022,8.0,7081.33357325783,9.9,55.7961498911635,78.089997077636,0.2466594
Slovak Republic,SVK,2022,,18964.8298400624,3.2,99.4559365242172,92.8732299804688,0.5294743
Slovenia,SVN,2022,,25275.715967757,2.5,99.1805295844644,108.789093017578,0.7749516
Sweden,SWE,2022,,54304.1877501033,2.5,99.7499137536867,148.988021850586,0.9419053
Eswatini,SWZ,2022,19.6,3695.64957179548,13.1,37.4563305873184,,-0.400835
Sint Maarten (Dutch part),SXM,2022,,33523.6038330075,,,,
Seychelles,SYC,2022,6.3,15869.6738782504,2.5,64.4726635587117,78.1369548584545,0.8411889
Syrian Arab Republic,SYR,2022,24.2,712.272278200037,35.9,,42.0501708984375,-2.43824749999999
Turks and Caicos Islands,TCA,2022,3.2,48307.3079245499,,47.0850750542884,95.5202331542969,
Chad,TCD,2022,31.5,862.60212817252,30.5,6.24704876629721,,-1.6491593
East Asia & Pacific (IDA & IBRD countries),TEA,2022,13.4330965053433,9303.52211202572,3.57006406348884,,90.9774169921875,
Europe & Central Asia (IDA & IBRD countries),TEC,2022,6.68631118374824,9668.43621903069,3.03578072802453,85.2010801619523,96.9985275268555,
Togo,TGO,2022,23.2,861.508010803054,11.1,19.8775201063187,,-0.760395399999999
Thailand,THA,2022,12.2,6278.7855138276,5.1,,94.929673800743,-0.5671596
Tajikistan,TJK,2022,13.7,1325.75545290849,8.6,64.9174409445842,85.1438254472206,-0.4282098
Turkmenistan,TKM,2022,6.8,7551.03650143157,4.0,94.7117313632146,93.1647186279297,0.2106842
Latin America & the Caribbean (IDA & IBRD countries),TLA,2022,12.2099756679106,8477.18379868743,5.71906432439058,78.9180496832139,100.131057739258,
Timor-Leste,TLS,2022,45.4,1579.71085276403,18.2,,,0.4239118
"Middle East, North Africa, Afghanistan & Pakistan (IDA & IBRD)",TMN,2022,25.02622027785,2975.47966425011,13.4936504122932,64.2300098266385,,
Tonga,TON,2022,1.9,4533.96790206106,,29.5580867942329,101.076767164935,1.3674794
South Asia (IDA & IBRD),TSA,2022,31.7542506835087,2079.70096055151,12.9558522136708,74.3252481732266,79.9995727539062,
Sub-Saharan Africa (IDA & IBRD countries),TSS,2022,31.9982857213041,1568.7119148255,21.6109990890393,31.4368144934526,43.7793312072754,
Trinidad and Tobago,TTO,2022,7.6,15712.230497272,11.9,69.3351472511501,,0.3498483
Tunisia,TUN,2022,8.7,3986.54558325666,3.2,67.767269597131,,-0.7395623
Turkiye,TUR,2022,5.6,14273.5747654873,2.5,,114.45539855957,-0.935033599999999
Tuvalu,TUV,2022,5.4,4515.29701517492,,8.655329159648,100.0,1.4735212
Tanzania,TZA,2022,30.3,1070.58532714844,21.4,29.9517590546299,,-0.4815853
Uganda,UGA,2022,23.9,933.094056370423,24.2,16.9390606313682,,-1.0920608
Ukraine,UKR,2022,12.0,1874.66296386719,6.0,88.0750093194132,,-1.05075649999999
Upper middle income,UMC,2022,10.45,9532.80274711637,3.93507106982339,79.7502148705076,96.6962585449219,
Uruguay,URY,2022,6.5,18228.3558443761,2.5,,128.742960061751,1.3035622
United States,USA,2022,3.8,63886.1317069841,2.5,97.4683905274108,98.6511611938477,-0.1626087
Uzbekistan,UZB,2022,7.1,3576.71552716054,2.5,79.8452973794026,96.8054259764286,-0.2325524
St. Vincent and the Grenadines,VCT,2022,,8532.7381341339,5.9,,130.509846236849,1.0438207
"Venezuela, RB",VEN,2022,11.5,1379.97778822986,7.3,,100.249549865723,-1.1268117
British Virgin Islands,VGB,2022,,,,,70.318733215332,
Virgin Islands (U.S.),VIR,2022,,36983.431060272,,98.6774837370682,,0.9782486
Viet Nam,VNM,2022,19.9,3617.66311465012,5.4,57.5645693507635,90.5445572317873,0.1227944
Vanuatu,VUT,2022,30.1,2740.27545530661,8.0,19.0435202990113,82.8080237164725,0.9784231
World,WLD,2022,22.64,11403.9410808157,8.6,71.5080020640923,77.0481109619141,
Samoa,WSM,2022,7.9,4095.15868286688,4.2,62.3730130455284,,1.2343417
Kosovo,XKX,2022,,4666.3913779077,,,,-0.0510421999999999
"Yemen, Rep.",YEM,2022,46.3,,,,,-2.61245769999999
South Africa,ZAF,2022,23.5,5786.86505344736,10.0,69.0860845820772,108.68396751263,-0.6842882
Zambia,ZMB,2022,31.8,1298.8480495593,36.2,,,0.0456326
Zimbabwe,ZWE,2022,23.5,1369.19761495571,21.4,25.8234258283639,,-0.8261001
