"Data Source","World Development Indicators",

"Last Updated Date","2026-04-08",

"Country Name","Country Code","Indicator Name","Indicator Code","1960","1961","1962","1963","1964","1965","1966","1967","1968","1969","1970","1971","1972","1973","1974","1975","1976","1977","1978","1979","1980","1981","1982","1983","1984","1985","1986","1987","1988","1989","1990","1991","1992","1993","1994","1995","1996","1997","1998","1999","2000","2001","2002","2003","2004","2005","2006","2007","2008","2009","2010","2011","2012","2013","2014","2015","2016","2017","2018","2019","2020","2021","2022","2023","2024","2025",
"Aruba","ABW","Prevalence of stunting, height for age (modeled estimate, % of children under 5)","SH.STA.STNT.ME.ZS","","","","","","","","","","","","","","","","","","","","","","","","","","","","","","","","","","","","","","","","","","","","","","","","","","","","","","","","","","","","","","","","","","",
"Africa Eastern and Southern","AFE","Prevalence of stunting, height for age (modeled estimate, % of children under 5)","SH.STA.STNT.ME.ZS","","","","","","","","","","","","","","","","","","","","","","","","","","","","","","","","","","","","","","","","","45.9516009652045","45.5706329193374","45.1923513432922","44.7126010839685","44.1710021361531","43.579127982213","42.9102782926153","42.0938593387455","41.1582510725604","40.2153218297542","39.2984238297234","38.385414452396","37.6528048796514","37.0439900845627","36.5091962351721","36.0001760605827","35.5221794492937","35.0240342561555","34.5339554575933","34.0884937655304","33.7816944776362","33.6753030325153","33.852035676616","33.9904944943298","34.1544688019288","",
"Afghanistan","AFG","Prevalence of stunting, height for age (modeled estimate, % of children under 5)","SH.STA.STNT.ME.ZS","","","","","","","","","","","","","","","","","","","","","","","","","","","","","","","","","","","","","","","","","55.5","55.2","54.4","53.4","52.4","51.3","50.3","49","47.8","46.5","45.3","44.3","43.5","42.9","42.5","42.2","41.9","41.5","41.2","40.9","40.7","40.8","41.1","41.6","42","",
"Africa Western and Central","AFW","Prevalence of stunting, height for age (modeled estimate, % of children under 5)","SH.STA.STNT.ME.ZS","","","","","","","","","","","","","","","","","","","","","","","","","","","","","","","","","","","","","","","","","39.2115609361336","39.117069600673","38.9413875936112","38.707380460239","38.3880999400323","38.0154352508688","37.6395664498974","37.1008377101835","36.4942716588827","35.801507929605","35.0228235539673","34.2985557071093","33.6676082283541","33.1305278849677","32.6679898887003","32.1874186085191","31.6737713059127","31.0898976901252","30.4881623640282","29.9196254063418","29.4525935160044","29.2494320244557","29.2738537776896","29.3537507702033","29.5109432424369","",
"Angola","AGO","Prevalence of stunting, height for age (modeled estimate, % of children under 5)","SH.STA.STNT.ME.ZS","","","","","","","","","","","","","","","","","","","","","","","","","","","","","","","","","","","","","","","","","47.5","44.9","42.4","40","37.8","35.9","34.2","32.8","31.7","31.1","30.8","30.9","31.4","32.3","33.5","34.8","36.3","37.7","39.1","40.5","42","43.5","45.2","46.5","47.7","",
"Albania","ALB","Prevalence of stunting, height for age (modeled estimate, % of children under 5)","SH.STA.STNT.ME.ZS","","","","","","","","","","","","","","","","","","","","","","","","","","","","","","","","","","","","","","","","","29.9","29.9","29.7","29.3","28.5","27.5","26.1","24.5","22.8","21","19.3","17.8","16.5","15.5","14.6","13.7","12.9","12","11.1","10.2","9.3","8.6","8.1","7.7","7.4","",
"Andorra","AND","Prevalence of stunting, height for age (modeled estimate, % of children under 5)","SH.STA.STNT.ME.ZS","","","","","","","","","","","","","","","","","","","","","","","","","","","","","","","","","","","","","","","","","","","","","","","","","","","","","","","","","","","","","","","","","","",
"Arab World","ARB","Prevalence of stunting, height for age (modeled estimate, % of children under 5)","SH.STA.STNT.ME.ZS","","","","","","","","","","","","","","","","","","","","","","","","","","","","","","","","","","","","","","","","","28.7027409250237","28.6076337044198","28.5190686004903","28.4050743349171","28.2171687050372","27.9896273979464","27.7449362060718","27.3838016265093","26.9342494787942","26.4274514525752","25.8384148918334","25.0610812306329","24.2624520502393","23.4764813973553","22.7420129969421","22.1367592007137","21.592989885196","21.1099281838051","20.6646352769683","20.3095640267461","20.0604563723336","20.001127923872","20.1337885418716","20.2952029443247","20.4560254679407","",
"United Arab Emirates","ARE","Prevalence of stunting, height for age (modeled estimate, % of children under 5)","SH.STA.STNT.ME.ZS","","","","","","","","","","","","","","","","","","","","","","","","","","","","","","","","","","","","","","","","","","","","","","","","","","","","","","","","","","","","","","","","","","",
"Argentina","ARG","Prevalence of stunting, height for age (modeled estimate, % of children under 5)","SH.STA.STNT.ME.ZS","","","","","","","","","","","","","","","","","","","","","","","","","","","","","","","","","","","","","","","","","9.3","9","8.8","8.6","8.3","7.9","7.6","7.4","7.2","7.1","7","7","7","7.2","7.5","7.6","7.9","8.1","8.2","8.4","8.8","9.3","9.8","10.2","10.7","",
"Armenia","ARM","Prevalence of stunting, height for age (modeled estimate, % of children under 5)","SH.STA.STNT.ME.ZS","","","","","","","","","","","","","","","","","","","","","","","","","","","","","","","","","","","","","","","","","17.1","18.1","18.9","19.6","20","20.1","20","19.6","18.7","17.7","16.6","15.4","14.2","13.2","12.3","11.4","10.6","9.7","8.9","8.1","7.5","7","6.7","6.4","6.2","",
"American Samoa","ASM","Prevalence of stunting, height for age (modeled estimate, % of children under 5)","SH.STA.STNT.ME.ZS","","","","","","","","","","","","","","","","","","","","","","","","","","","","","","","","","","","","","","","","","","","","","","","","","","","","","","","","","","","","","","","","","","",
"Antigua and Barbuda","ATG","Prevalence of stunting, height for age (modeled estimate, % of children under 5)","SH.STA.STNT.ME.ZS","","","","","","","","","","","","","","","","","","","","","","","","","","","","","","","","","","","","","","","","","","","","","","","","","","","","","","","","","","","","","","","","","","",
"Australia","AUS","Prevalence of stunting, height for age (modeled estimate, % of children under 5)","SH.STA.STNT.ME.ZS","","","","","","","","","","","","","","","","","","","","","","","","","","","","","","","","","","","","","","","","","0.9","1","1.2","1.4","1.6","1.9","2.2","2.5","2.8","3","3.2","3.3","3.4","3.4","3.5","3.5","3.4","3.3","3.2","3.1","3","3","3","3","3.1","",
"Austria","AUT","Prevalence of stunting, height for age (modeled estimate, % of children under 5)","SH.STA.STNT.ME.ZS","","","","","","","","","","","","","","","","","","","","","","","","","","","","","","","","","","","","","","","","","","","","","","","","","","","","","","","","","","","","","","","","","","",
"Azerbaijan","AZE","Prevalence of stunting, height for age (modeled estimate, % of children under 5)","SH.STA.STNT.ME.ZS","","","","","","","","","","","","","","","","","","","","","","","","","","","","","","","","","","","","","","","","","24.3","24.8","25.1","25.3","25.4","25.2","24.5","23.5","22.2","20.8","19.3","17.8","16.4","15.1","14","12.9","11.9","10.9","10","9.1","8.4","7.9","7.5","7.1","6.8","",
"Burundi","BDI","Prevalence of stunting, height for age (modeled estimate, % of children under 5)","SH.STA.STNT.ME.ZS","","","","","","","","","","","","","","","","","","","","","","","","","","","","","","","","","","","","","","","","","63","62.5","62.1","61.6","61","60.6","60","59.3","58.5","57.7","56.8","56","55.4","54.9","54.5","54.2","54","53.7","53.4","53.3","53.4","53.7","54.4","54.9","55.3","",
"Belgium","BEL","Prevalence of stunting, height for age (modeled estimate, % of children under 5)","SH.STA.STNT.ME.ZS","","","","","","","","","","","","","","","","","","","","","","","","","","","","","","","","","","","","","","","","","4","4","4","3.9","3.8","3.7","3.6","3.4","3.3","3.1","3","2.9","2.8","2.7","2.7","2.7","2.6","2.6","2.5","2.5","2.5","2.5","2.6","2.6","2.6","",
"Benin","BEN","Prevalence of stunting, height for age (modeled estimate, % of children under 5)","SH.STA.STNT.ME.ZS","","","","","","","","","","","","","","","","","","","","","","","","","","","","","","","","","","","","","","","","","34.8","34.9","35","35.1","35.3","35.6","35.8","35.8","35.6","35.3","34.9","34.5","34.2","34","33.9","33.8","33.7","33.6","33.3","32.9","32.7","32.6","32.8","32.8","33.2","",
"Burkina Faso","BFA","Prevalence of stunting, height for age (modeled estimate, % of children under 5)","SH.STA.STNT.ME.ZS","","","","","","","","","","","","","","","","","","","","","","","","","","","","","","","","","","","","","","","","","40.4","40.6","40.8","40.7","40.6","40.3","39.8","39.1","38","36.8","35.3","33.7","32","30.4","28.7","27.1","25.6","24.2","23","21.9","21","20.4","20","19.7","19.5","",
"Bangladesh","BGD","Prevalence of stunting, height for age (modeled estimate, % of children under 5)","SH.STA.STNT.ME.ZS","","","","","","","","","","","","","","","","","","","","","","","","","","","","","","","","","","","","","","","","","54.9","53.6","52.5","51.3","50","48.7","47.4","46","44.4","42.9","41.3","39.8","38.3","36.9","35.6","34.2","32.8","31.3","29.8","28.4","27.3","26.4","25.9","25.5","25.1","",
"Bulgaria","BGR","Prevalence of stunting, height for age (modeled estimate, % of children under 5)","SH.STA.STNT.ME.ZS","","","","","","","","","","","","","","","","","","","","","","","","","","","","","","","","","","","","","","","","","8.7","8.7","8.8","8.9","8.9","8.8","8.7","8.5","8.3","8","7.7","7.4","7.2","7","6.8","6.7","6.5","6.4","6.1","6","5.8","5.6","5.6","5.5","5.5","",
"Bahrain","BHR","Prevalence of stunting, height for age (modeled estimate, % of children under 5)","SH.STA.STNT.ME.ZS","","","","","","","","","","","","","","","","","","","","","","","","","","","","","","","","","","","","","","","","","10.8","10.3","9.8","9.5","9.1","8.8","8.4","8","7.6","7.3","7","6.7","6.5","6.2","6.1","5.9","5.7","5.5","5.2","5","4.8","4.7","4.7","4.6","4.6","",
"Bahamas, The","BHS","Prevalence of stunting, height for age (modeled estimate, % of children under 5)","SH.STA.STNT.ME.ZS","","","","","","","","","","","","","","","","","","","","","","","","","","","","","","","","","","","","","","","","","","","","","","","","","","","","","","","","","","","","","","","","","","",
"Bosnia and Herzegovina","BIH","Prevalence of stunting, height for age (modeled estimate, % of children under 5)","SH.STA.STNT.ME.ZS","","","","","","","","","","","","","","","","","","","","","","","","","","","","","","","","","","","","","","","","","12.5","11.8","11.6","11.3","11.2","11.1","10.9","10.9","10.6","10.3","9.9","9.6","9.2","9","8.8","8.7","8.6","8.5","8.4","8.3","8.2","8.1","8.1","8","7.9","",
"Belarus","BLR","Prevalence of stunting, height for age (modeled estimate, % of children under 5)","SH.STA.STNT.ME.ZS","","","","","","","","","","","","","","","","","","","","","","","","","","","","","","","","","","","","","","","","","5.4","5.2","4.9","4.6","4.6","4.3","4","3.8","3.5","3.1","2.8","2.6","2.4","2.2","2","1.9","1.8","1.6","1.5","1.4","1.3","1.3","1.2","1.2","1.1","",
"Belize","BLZ","Prevalence of stunting, height for age (modeled estimate, % of children under 5)","SH.STA.STNT.ME.ZS","","","","","","","","","","","","","","","","","","","","","","","","","","","","","","","","","","","","","","","","","23.8","23.9","23.9","23.7","23.4","22.9","22.4","21.7","20.9","20","19.2","18.3","17.5","16.8","16.1","15.4","14.8","14.1","13.4","12.9","12.4","12.1","11.9","11.7","11.7","",
"Bermuda","BMU","Prevalence of stunting, height for age (modeled estimate, % of children under 5)","SH.STA.STNT.ME.ZS","","","","","","","","","","","","","","","","","","","","","","","","","","","","","","","","","","","","","","","","","","","","","","","","","","","","","","","","","","","","","","","","","","",
"Bolivia","BOL","Prevalence of stunting, height for age (modeled estimate, % of children under 5)","SH.STA.STNT.ME.ZS","","","","","","","","","","","","","","","","","","","","","","","","","","","","","","","","","","","","","","","","","33","32.5","31.9","31.2","30.3","29.4","28.3","27","25.5","24","22.6","21.2","20","18.9","17.8","16.8","15.8","14.8","13.8","13","12.3","11.7","11.4","11","10.7","",
"Brazil","BRA","Prevalence of stunting, height for age (modeled estimate, % of children under 5)","SH.STA.STNT.ME.ZS","","","","","","","","","","","","","","","","","","","","","","","","","","","","","","","","","","","","","","","","","9.9","9.2","8.6","8.1","7.7","7.4","7.2","7","6.9","6.8","6.7","6.6","6.6","6.7","6.8","6.9","7.1","7.3","7.5","7.7","8","8.2","8.5","8.7","8.9","",
"Barbados","BRB","Prevalence of stunting, height for age (modeled estimate, % of children under 5)","SH.STA.STNT.ME.ZS","","","","","","","","","","","","","","","","","","","","","","","","","","","","","","","","","","","","","","","","","8.1","8.2","8.2","8.2","8.2","8.1","8.1","8.1","8.1","8","7.8","7.7","7.5","7.3","7.1","7","6.7","6.5","6.2","6.1","5.9","5.9","5.8","5.8","5.8","",
"Brunei Darussalam","BRN","Prevalence of stunting, height for age (modeled estimate, % of children under 5)","SH.STA.STNT.ME.ZS","","","","","","","","","","","","","","","","","","","","","","","","","","","","","","","","","","","","","","","","","21.1","21.3","21.4","21.4","21.3","21.1","20.8","20.4","19.8","19.1","18.4","17.7","17.1","16.4","15.8","15","14.2","13.3","12.5","11.7","11.1","10.6","10.3","10.1","9.9","",
"Bhutan","BTN","Prevalence of stunting, height for age (modeled estimate, % of children under 5)","SH.STA.STNT.ME.ZS","","","","","","","","","","","","","","","","","","","","","","","","","","","","","","","","","","","","","","","","","44.8","44","43.2","42.2","41.2","40.1","38.9","37.5","35.8","34.1","32.4","30.7","29.1","27.6","26.3","24.9","23.6","22.3","21.1","20.1","19.3","18.7","18.4","18","17.9","",
"Botswana","BWA","Prevalence of stunting, height for age (modeled estimate, % of children under 5)","SH.STA.STNT.ME.ZS","","","","","","","","","","","","","","","","","","","","","","","","","","","","","","","","","","","","","","","","","30.3","30.2","30.1","29.8","29.6","29.3","28.9","28.3","27.8","27.1","26.2","25.4","24.7","23.7","23.2","22.9","22.7","22.6","22.5","22.2","21.9","21.6","21.4","21.2","21","",
"Central African Republic","CAF","Prevalence of stunting, height for age (modeled estimate, % of children under 5)","SH.STA.STNT.ME.ZS","","","","","","","","","","","","","","","","","","","","","","","","","","","","","","","","","","","","","","","","","43.2","43.4","43.4","43.4","43.4","43.2","43","42.6","42.1","41.4","40.8","40.1","39.6","39.6","39.7","39.7","39.5","39.2","38.8","38.4","38.1","38.1","38.3","38.7","38.9","",
"Canada","CAN","Prevalence of stunting, height for age (modeled estimate, % of children under 5)","SH.STA.STNT.ME.ZS","","","","","","","","","","","","","","","","","","","","","","","","","","","","","","","","","","","","","","","","","","","","","","","","","","","","","","","","","","","","","","","","","","",
"Central Europe and the Baltics","CEB","Prevalence of stunting, height for age (modeled estimate, % of children under 5)","SH.STA.STNT.ME.ZS","","","","","","","","","","","","","","","","","","","","","","","","","","","","","","","","","","","","","","","","","6.46242716026264","6.39691377309809","6.29779569951519","6.18547897535137","5.95025898456411","5.79549198312236","5.59088452607984","5.34828700435039","5.03236133485759","4.75393036037928","4.47896476916725","4.20206766573012","4.03043398075912","3.84042462520139","3.73065076655804","3.630556796649","3.59072889507192","3.49535867719199","3.36482534122039","3.26226651642692","3.20745881499682","3.13967328197794","3.12739731135102","3.15820627943669","3.15640315920218","",
"Switzerland","CHE","Prevalence of stunting, height for age (modeled estimate, % of children under 5)","SH.STA.STNT.ME.ZS","","","","","","","","","","","","","","","","","","","","","","","","","","","","","","","","","","","","","","","","","","","","","","","","","","","","","","","","","","","","","","","","","","",
"Channel Islands","CHI","Prevalence of stunting, height for age (modeled estimate, % of children under 5)","SH.STA.STNT.ME.ZS","","","","","","","","","","","","","","","","","","","","","","","","","","","","","","","","","","","","","","","","","","","","","","","","","","","","","","","","","","","","","","","","","","",
"Chile","CHL","Prevalence of stunting, height for age (modeled estimate, % of children under 5)","SH.STA.STNT.ME.ZS","","","","","","","","","","","","","","","","","","","","","","","","","","","","","","","","","","","","","","","","","2.9","2.7","2.6","2.4","2.3","2.3","2.2","2.1","2.1","2","1.9","1.9","1.8","1.8","1.8","1.8","1.7","1.7","1.7","1.6","1.6","1.6","1.7","1.7","1.7","",
"China","CHN","Prevalence of stunting, height for age (modeled estimate, % of children under 5)","SH.STA.STNT.ME.ZS","","","","","","","","","","","","","","","","","","","","","","","","","","","","","","","","","","","","","","","","","20","18.6","17.3","15.9","14.6","13.4","12.3","11.3","10.4","9.6","8.8","8","7.5","7","6.6","6.3","6.1","5.8","5.5","5.2","5","4.8","4.7","4.6","4.5","",
"Cote d'Ivoire","CIV","Prevalence of stunting, height for age (modeled estimate, % of children under 5)","SH.STA.STNT.ME.ZS","","","","","","","","","","","","","","","","","","","","","","","","","","","","","","","","","","","","","","","","","32.4","32.5","32.6","32.5","32.4","32.3","32.2","31.9","31.5","30.9","30.1","29.4","28.7","28","27.2","26.5","25.6","24.6","23.5","22.6","21.7","21.1","20.7","20.5","20.3","",
"Cameroon","CMR","Prevalence of stunting, height for age (modeled estimate, % of children under 5)","SH.STA.STNT.ME.ZS","","","","","","","","","","","","","","","","","","","","","","","","","","","","","","","","","","","","","","","","","37.4","37.6","37.7","37.6","37.3","37","36.6","36","35.3","34.5","33.7","32.9","32.3","31.7","31.2","30.7","30.1","29.4","28.7","28.1","27.5","27.2","27.1","27.2","27.2","",
"Congo, Dem. Rep.","COD","Prevalence of stunting, height for age (modeled estimate, % of children under 5)","SH.STA.STNT.ME.ZS","","","","","","","","","","","","","","","","","","","","","","","","","","","","","","","","","","","","","","","","","46","46.1","46.2","46.1","45.9","45.7","45.4","45","44.5","44","43.6","43.2","42.9","42.7","42.6","42.5","42.5","42.5","42.5","42.4","42.5","42.8","43.3","43.7","44.1","",
"Congo, Rep.","COG","Prevalence of stunting, height for age (modeled estimate, % of children under 5)","SH.STA.STNT.ME.ZS","","","","","","","","","","","","","","","","","","","","","","","","","","","","","","","","","","","","","","","","","33.6","33.6","33.3","32.6","31.8","30.9","29.9","29","27.8","26.6","25.4","24.2","23.1","22.3","21.6","20.9","20.3","19.6","18.9","18.2","17.6","17.1","16.8","16.5","16.3","",
"Colombia","COL","Prevalence of stunting, height for age (modeled estimate, % of children under 5)","SH.STA.STNT.ME.ZS","","","","","","","","","","","","","","","","","","","","","","","","","","","","","","","","","","","","","","","","","17.4","17.1","16.9","16.6","16.2","15.8","15.3","14.7","14.1","13.6","13.2","12.9","12.7","12.6","12.4","12.3","12.1","11.8","11.6","11.3","11.2","11.2","11.3","11.4","11.6","",
"Comoros","COM","Prevalence of stunting, height for age (modeled estimate, % of children under 5)","SH.STA.STNT.ME.ZS","","","","","","","","","","","","","","","","","","","","","","","","","","","","","","","","","","","","","","","","","43.8","43.7","43.3","42.7","42","41.2","40.3","39.2","38","36.5","35","33.3","31.6","30","28.5","27","25.5","23.9","22.4","21","19.8","18.9","18.3","17.7","17.4","",
"Cabo Verde","CPV","Prevalence of stunting, height for age (modeled estimate, % of children under 5)","SH.STA.STNT.ME.ZS","","","","","","","","","","","","","","","","","","","","","","","","","","","","","","","","","","","","","","","","","15.9","15.1","14.3","13.5","12.8","12.1","11.6","11.1","10.6","10.1","9.5","8.9","8.4","7.9","7.5","7.2","6.8","6.5","6.2","5.9","5.7","5.5","5.4","5.4","5.3","",
"Costa Rica","CRI","Prevalence of stunting, height for age (modeled estimate, % of children under 5)","SH.STA.STNT.ME.ZS","","","","","","","","","","","","","","","","","","","","","","","","","","","","","","","","","","","","","","","","","7.1","6.9","6.8","6.7","6.5","6.4","6.4","6.3","6.3","6.4","6.4","6.5","6.7","6.9","7.1","7.4","7.7","7.9","8.1","8.4","8.6","9.1","9.7","10.1","10.6","",
"Caribbean small states","CSS","Prevalence of stunting, height for age (modeled estimate, % of children under 5)","SH.STA.STNT.ME.ZS","","","","","","","","","","","","","","","","","","","","","","","","","","","","","","","","","","","","","","","","","11.5578341328402","11.7928190142826","12.0020022558855","12.1290059526844","12.1992652268867","12.3664805213845","12.366056258068","12.3686683191779","12.24362291862","12.0262816846417","11.7236259821753","11.3543291335557","10.9798920707422","10.6906816363687","10.3529404034885","10.0395885563112","9.68949907698276","9.3216492913364","8.92587272353803","8.6055649553587","8.30636210910397","8.05242311757734","7.92551697314117","7.86654035440236","7.83536758183311","",
"Cuba","CUB","Prevalence of stunting, height for age (modeled estimate, % of children under 5)","SH.STA.STNT.ME.ZS","","","","","","","","","","","","","","","","","","","","","","","","","","","","","","","","","","","","","","","","","7.2","7.3","7.3","7.4","7.6","7.8","7.8","7.9","7.9","7.6","7.4","7.3","7.2","7.2","7.2","7.2","7.2","7.2","7.1","7","7","7","7.1","7.2","7.3","",
"Curacao","CUW","Prevalence of stunting, height for age (modeled estimate, % of children under 5)","SH.STA.STNT.ME.ZS","","","","","","","","","","","","","","","","","","","","","","","","","","","","","","","","","","","","","","","","","","","","","","","","","","","","","","","","","","","","","","","","","","",
"Cayman Islands","CYM","Prevalence of stunting, height for age (modeled estimate, % of children under 5)","SH.STA.STNT.ME.ZS","","","","","","","","","","","","","","","","","","","","","","","","","","","","","","","","","","","","","","","","","","","","","","","","","","","","","","","","","","","","","","","","","","",
"Cyprus","CYP","Prevalence of stunting, height for age (modeled estimate, % of children under 5)","SH.STA.STNT.ME.ZS","","","","","","","","","","","","","","","","","","","","","","","","","","","","","","","","","","","","","","","","","","","","","","","","","","","","","","","","","","","","","","","","","","",
"Czechia","CZE","Prevalence of stunting, height for age (modeled estimate, % of children under 5)","SH.STA.STNT.ME.ZS","","","","","","","","","","","","","","","","","","","","","","","","","","","","","","","","","","","","","","","","","2.7","2.7","2.7","2.7","2.7","2.7","2.7","2.7","2.6","2.6","2.5","2.5","2.4","2.4","2.4","2.4","2.4","2.4","2.3","2.3","2.3","2.3","2.3","2.4","2.4","",
"Germany","DEU","Prevalence of stunting, height for age (modeled estimate, % of children under 5)","SH.STA.STNT.ME.ZS","","","","","","","","","","","","","","","","","","","","","","","","","","","","","","","","","","","","","","","","","1.1","1.1","1.2","1.2","1.2","1.3","1.3","1.3","1.4","1.4","1.5","1.5","1.5","1.6","1.6","1.7","1.8","1.8","1.8","1.9","1.9","2","2.1","2.1","2.2","",
"Djibouti","DJI","Prevalence of stunting, height for age (modeled estimate, % of children under 5)","SH.STA.STNT.ME.ZS","","","","","","","","","","","","","","","","","","","","","","","","","","","","","","","","","","","","","","","","","31.8","32.1","32.3","32.3","32.3","32.2","31.9","31.4","30.8","30.1","29.4","28.6","27.8","27.2","26.5","25.9","25.1","24.2","23.4","22.5","21.8","21.4","21.1","21","20.9","",
"Dominica","DMA","Prevalence of stunting, height for age (modeled estimate, % of children under 5)","SH.STA.STNT.ME.ZS","","","","","","","","","","","","","","","","","","","","","","","","","","","","","","","","","","","","","","","","","","","","","","","","","","","","","","","","","","","","","","","","","","",
"Denmark","DNK","Prevalence of stunting, height for age (modeled estimate, % of children under 5)","SH.STA.STNT.ME.ZS","","","","","","","","","","","","","","","","","","","","","","","","","","","","","","","","","","","","","","","","","","","","","","","","","","","","","","","","","","","","","","","","","","",
"Dominican Republic","DOM","Prevalence of stunting, height for age (modeled estimate, % of children under 5)","SH.STA.STNT.ME.ZS","","","","","","","","","","","","","","","","","","","","","","","","","","","","","","","","","","","","","","","","","10.1","9.7","9.5","9.2","9","8.9","8.8","8.7","8.6","8.5","8.4","8.2","8","7.9","7.7","7.5","7.4","7.1","6.9","6.5","6.3","6.1","5.9","5.7","5.6","",
"Algeria","DZA","Prevalence of stunting, height for age (modeled estimate, % of children under 5)","SH.STA.STNT.ME.ZS","","","","","","","","","","","","","","","","","","","","","","","","","","","","","","","","","","","","","","","","","22.4","21.6","20.8","19.9","19","18","17.1","16.1","15.1","14.2","13.4","12.6","12","11.6","11.2","10.8","10.4","10.1","9.7","9.4","9.2","9","8.9","8.9","8.9","",
"East Asia & Pacific (excluding high income)","EAP","Prevalence of stunting, height for age (modeled estimate, % of children under 5)","SH.STA.STNT.ME.ZS","","","","","","","","","","","","","","","","","","","","","","","","","","","","","","","","","","","","","","","","","27.1384360587277","26.1444859520673","25.2774828878005","24.34194978899","23.4572622429007","22.6497063905129","21.9067758414976","21.0974894255894","20.2619546462156","19.4487239216241","18.5843619720769","17.7109138743482","17.007053422058","16.3376375772535","15.7623822204833","15.2338967216999","14.7733502180538","14.2042705338629","13.7171453703537","13.3789801549951","13.2049094220345","13.1898339655775","13.4877316016844","13.8091484852786","14.0405167654762","",
"Early-demographic dividend","EAR","Prevalence of stunting, height for age (modeled estimate, % of children under 5)","SH.STA.STNT.ME.ZS","","","","","","","","","","","","","","","","","","","","","","","","","","","","","","","","","","","","","","","","","42.1008828449415","41.7680409493872","41.4587224327707","41.0736392213018","40.6451366626042","40.2173853176571","39.6768327806745","38.9890362356266","38.2184405508986","37.3402518023781","36.3470973836085","35.3306974025141","34.3754760186498","33.4217969519142","32.5016346701095","31.6223371316214","30.7146240985745","29.7665073551123","28.8738622167904","28.086406998499","27.4618280743197","27.0637301072439","26.8893822437145","26.755558675779","26.762866894477","",
"East Asia & Pacific","EAS","Prevalence of stunting, height for age (modeled estimate, % of children under 5)","SH.STA.STNT.ME.ZS","","","","","","","","","","","","","","","","","","","","","","","","","","","","","","","","","","","","","","","","","25.27","24.41","23.61","22.78","21.99","21.3","20.64","19.92","19.17","18.4","17.57","16.8","16.12","15.5","14.98","14.5","14.04","13.51","13.05","12.74","12.55","12.54","12.8","13.1","13.31","",
"Europe & Central Asia (excluding high income)","ECA","Prevalence of stunting, height for age (modeled estimate, % of children under 5)","SH.STA.STNT.ME.ZS","","","","","","","","","","","","","","","","","","","","","","","","","","","","","","","","","","","","","","","","","21.3420410499274","20.8020975285715","20.2919980431801","19.7294568271215","19.1785573933842","18.573982499704","17.8442400656223","17.0782686396251","16.1035673429301","15.1646067922684","14.2208689721344","13.3903962586432","12.6908540225475","11.9761557785549","11.3028420980554","10.6393401669058","10.0837483608696","9.49220006756165","8.90141456680062","8.33971518792167","7.91690119191245","7.53990359213546","7.20046131692492","7.01653874475842","6.86844820252979","",
"Europe & Central Asia","ECS","Prevalence of stunting, height for age (modeled estimate, % of children under 5)","SH.STA.STNT.ME.ZS","","","","","","","","","","","","","","","","","","","","","","","","","","","","","","","","","","","","","","","","","10.52","10.21","9.93","9.65","9.39","9.12","8.84","8.52","8.13","7.73","7.35","7.02","6.76","6.51","6.28","6.04","5.82","5.58","5.32","5.09","4.91","4.77","4.67","4.61","4.59","",
"Ecuador","ECU","Prevalence of stunting, height for age (modeled estimate, % of children under 5)","SH.STA.STNT.ME.ZS","","","","","","","","","","","","","","","","","","","","","","","","","","","","","","","","","","","","","","","","","27.2","27.2","27.3","27.6","28","28.4","28.8","28.9","28.6","27.9","26.9","25.6","24.3","23.1","22.1","21.5","21.1","20.5","20","19.4","18.8","18.3","18.1","17.8","17.7","",
"Egypt, Arab Rep.","EGY","Prevalence of stunting, height for age (modeled estimate, % of children under 5)","SH.STA.STNT.ME.ZS","","","","","","","","","","","","","","","","","","","","","","","","","","","","","","","","","","","","","","","","","25.9","25.8","25.7","25.5","25.4","25.3","25.4","25.4","25.5","25.6","25.4","24.7","23.5","22","20.5","19.2","18.1","17.1","16.1","15.2","14.4","13.7","13.4","13.1","12.9","",
"Euro area","EMU","Prevalence of stunting, height for age (modeled estimate, % of children under 5)","SH.STA.STNT.ME.ZS","","","","","","","","","","","","","","","","","","","","","","","","","","","","","","","","","","","","","","","","","","","","","","","","","","","","","","","","","","","","","","","","","","",
"Eritrea","ERI","Prevalence of stunting, height for age (modeled estimate, % of children under 5)","SH.STA.STNT.ME.ZS","","","","","","","","","","","","","","","","","","","","","","","","","","","","","","","","","","","","","","","","","43.4","43.5","44","44.7","45.7","46.8","48","49","50.1","50.8","51.3","51.4","51.5","51.7","51.5","51.5","51.2","50.8","50.2","49.5","48.9","48.5","48.4","48.1","48","",
"Spain","ESP","Prevalence of stunting, height for age (modeled estimate, % of children under 5)","SH.STA.STNT.ME.ZS","","","","","","","","","","","","","","","","","","","","","","","","","","","","","","","","","","","","","","","","","","","","","","","","","","","","","","","","","","","","","","","","","","",
"Estonia","EST","Prevalence of stunting, height for age (modeled estimate, % of children under 5)","SH.STA.STNT.ME.ZS","","","","","","","","","","","","","","","","","","","","","","","","","","","","","","","","","","","","","","","","","2.1","2","1.9","1.8","1.7","1.6","1.6","1.5","1.5","1.4","1.4","1.3","1.3","1.3","1.3","1.3","1.3","1.2","1.2","1.2","1.2","1.2","1.3","1.3","1.3","",
"Ethiopia","ETH","Prevalence of stunting, height for age (modeled estimate, % of children under 5)","SH.STA.STNT.ME.ZS","","","","","","","","","","","","","","","","","","","","","","","","","","","","","","","","","","","","","","","","","56.9","55.9","54.9","53.9","52.8","51.6","50.4","49","47.5","46","44.6","43.2","42.1","41.2","40.4","39.6","38.8","38","37.2","36.5","35.9","35.6","35.6","35.6","35.5","",
"European Union","EUU","Prevalence of stunting, height for age (modeled estimate, % of children under 5)","SH.STA.STNT.ME.ZS","","","","","","","","","","","","","","","","","","","","","","","","","","","","","","","","","","","","","","","","","","","","","","","","","","","","","","","","","","","","","","","","","","",
"Fragile and conflict affected situations","FCS","Prevalence of stunting, height for age (modeled estimate, % of children under 5)","SH.STA.STNT.ME.ZS","","","","","","","","","","","","","","","","","","","","","","","","","","","","","","","","","","","","","","","","","42.8615189498376","42.6446381612675","42.410802689131","42.1089548732289","41.7050986424706","41.2339558472556","40.7536195055794","40.1014772014495","39.3593933095921","38.5622019036895","37.7399453262716","36.9659218819539","36.3375821097127","35.813683774618","35.3811355951098","34.9910399261473","34.616127358391","34.2087427932435","33.8092432868287","33.4454456827722","33.1906754481616","33.1663901324742","33.3821675477891","33.6093597196411","33.8370468347745","",
"Finland","FIN","Prevalence of stunting, height for age (modeled estimate, % of children under 5)","SH.STA.STNT.ME.ZS","","","","","","","","","","","","","","","","","","","","","","","","","","","","","","","","","","","","","","","","","2.2","2.1","2.1","2.1","2","2","2","1.9","1.8","1.8","1.7","1.7","1.6","1.6","1.6","1.6","1.6","1.6","1.6","1.6","1.6","1.6","1.7","1.7","1.7","",
"Fiji","FJI","Prevalence of stunting, height for age (modeled estimate, % of children under 5)","SH.STA.STNT.ME.ZS","","","","","","","","","","","","","","","","","","","","","","","","","","","","","","","","","","","","","","","","","6","6.2","6.4","6.4","6.4","6.5","7","7.2","7.3","7.3","7.3","6.9","7","6.9","6.8","6.7","6.6","6.3","6.3","6.3","6.3","6.5","6.7","7","7.2","",
"France","FRA","Prevalence of stunting, height for age (modeled estimate, % of children under 5)","SH.STA.STNT.ME.ZS","","","","","","","","","","","","","","","","","","","","","","","","","","","","","","","","","","","","","","","","","","","","","","","","","","","","","","","","","","","","","","","","","","",
"Faroe Islands","FRO","Prevalence of stunting, height for age (modeled estimate, % of children under 5)","SH.STA.STNT.ME.ZS","","","","","","","","","","","","","","","","","","","","","","","","","","","","","","","","","","","","","","","","","","","","","","","","","","","","","","","","","","","","","","","","","","",
"Micronesia, Fed. Sts.","FSM","Prevalence of stunting, height for age (modeled estimate, % of children under 5)","SH.STA.STNT.ME.ZS","","","","","","","","","","","","","","","","","","","","","","","","","","","","","","","","","","","","","","","","","","","","","","","","","","","","","","","","","","","","","","","","","","",
"Gabon","GAB","Prevalence of stunting, height for age (modeled estimate, % of children under 5)","SH.STA.STNT.ME.ZS","","","","","","","","","","","","","","","","","","","","","","","","","","","","","","","","","","","","","","","","","25.5","25.3","25","24.5","24","23.4","22.7","22","21","20","19","18.1","17.2","16.7","16.3","16","15.5","15.1","14.8","14.4","14.1","13.9","13.9","13.8","13.7","",
"United Kingdom","GBR","Prevalence of stunting, height for age (modeled estimate, % of children under 5)","SH.STA.STNT.ME.ZS","","","","","","","","","","","","","","","","","","","","","","","","","","","","","","","","","","","","","","","","","3.6","3.5","3.5","3.4","3.3","3.3","3.2","3.2","3.1","3","2.9","2.9","2.8","2.8","2.8","2.9","2.9","2.9","3","3","3.1","3.2","3.3","3.4","3.5","",
"Georgia","GEO","Prevalence of stunting, height for age (modeled estimate, % of children under 5)","SH.STA.STNT.ME.ZS","","","","","","","","","","","","","","","","","","","","","","","","","","","","","","","","","","","","","","","","","16.2","15.9","15.5","15.2","14.8","14.4","13.9","13.1","12.1","11.2","10.4","9.5","8.9","8.5","8","7.4","7","6.5","6","5.6","5.3","5.1","4.9","4.8","4.7","",
"Ghana","GHA","Prevalence of stunting, height for age (modeled estimate, % of children under 5)","SH.STA.STNT.ME.ZS","","","","","","","","","","","","","","","","","","","","","","","","","","","","","","","","","","","","","","","","","32.8","32.4","31.8","31.2","30.4","29.7","28.8","27.8","26.7","25.6","24.5","23.3","22.3","21.3","20.5","19.8","19.2","18.5","17.8","17.1","16.5","16","15.7","15.6","15.6","",
"Gibraltar","GIB","Prevalence of stunting, height for age (modeled estimate, % of children under 5)","SH.STA.STNT.ME.ZS","","","","","","","","","","","","","","","","","","","","","","","","","","","","","","","","","","","","","","","","","","","","","","","","","","","","","","","","","","","","","","","","","","",
"Guinea","GIN","Prevalence of stunting, height for age (modeled estimate, % of children under 5)","SH.STA.STNT.ME.ZS","","","","","","","","","","","","","","","","","","","","","","","","","","","","","","","","","","","","","","","","","33.1","33.5","34","34.4","34.8","35.2","35.5","35.7","35.5","35.3","34.8","34.2","33.6","33","32.5","31.9","31.2","30.3","29.3","28.4","27.6","27.1","26.8","26.7","26.6","",
"Gambia, The","GMB","Prevalence of stunting, height for age (modeled estimate, % of children under 5)","SH.STA.STNT.ME.ZS","","","","","","","","","","","","","","","","","","","","","","","","","","","","","","","","","","","","","","","","","27.7","27.4","27.2","27","26.7","26.4","26.2","25.8","25.4","24.7","24","23.2","22.5","21.7","21.1","20.3","19.5","18.6","17.6","16.7","15.9","15.2","14.7","14.4","14","",
"Guinea-Bissau","GNB","Prevalence of stunting, height for age (modeled estimate, % of children under 5)","SH.STA.STNT.ME.ZS","","","","","","","","","","","","","","","","","","","","","","","","","","","","","","","","","","","","","","","","","33.4","32.9","32.5","32","31.5","31","30.6","30.1","29.6","29.2","28.7","28.3","28","27.9","27.8","27.8","27.8","27.7","27.6","27.5","27.4","27.6","27.9","28.1","28.3","",
"Equatorial Guinea","GNQ","Prevalence of stunting, height for age (modeled estimate, % of children under 5)","SH.STA.STNT.ME.ZS","","","","","","","","","","","","","","","","","","","","","","","","","","","","","","","","","","","","","","","","","38.3","37.1","36.1","35.2","34.2","33.2","32.3","31.3","30","28.8","27.5","26.2","24.9","23.8","22.9","22.1","21.3","20.4","19.5","18.7","18","17.5","17.3","17.2","17.1","",
"Greece","GRC","Prevalence of stunting, height for age (modeled estimate, % of children under 5)","SH.STA.STNT.ME.ZS","","","","","","","","","","","","","","","","","","","","","","","","","","","","","","","","","","","","","","","","","2.2","2.2","2.1","2.1","2","2","1.9","1.9","1.8","1.8","1.8","1.8","1.8","1.8","1.8","1.8","1.9","1.9","1.9","1.9","1.9","1.9","1.9","2","2","",
"Grenada","GRD","Prevalence of stunting, height for age (modeled estimate, % of children under 5)","SH.STA.STNT.ME.ZS","","","","","","","","","","","","","","","","","","","","","","","","","","","","","","","","","","","","","","","","","","","","","","","","","","","","","","","","","","","","","","","","","","",
"Greenland","GRL","Prevalence of stunting, height for age (modeled estimate, % of children under 5)","SH.STA.STNT.ME.ZS","","","","","","","","","","","","","","","","","","","","","","","","","","","","","","","","","","","","","","","","","","","","","","","","","","","","","","","","","","","","","","","","","","",
"Guatemala","GTM","Prevalence of stunting, height for age (modeled estimate, % of children under 5)","SH.STA.STNT.ME.ZS","","","","","","","","","","","","","","","","","","","","","","","","","","","","","","","","","","","","","","","","","53.2","53.3","53.2","53","52.6","52.3","52","51.5","50.7","49.9","49.1","48.3","47.7","47.2","46.8","46.7","46.4","45.9","45.4","44.8","44.1","43.9","44.1","44.1","44.6","",
"Guam","GUM","Prevalence of stunting, height for age (modeled estimate, % of children under 5)","SH.STA.STNT.ME.ZS","","","","","","","","","","","","","","","","","","","","","","","","","","","","","","","","","","","","","","","","","","","","","","","","","","","","","","","","","","","","","","","","","","",
"Guyana","GUY","Prevalence of stunting, height for age (modeled estimate, % of children under 5)","SH.STA.STNT.ME.ZS","","","","","","","","","","","","","","","","","","","","","","","","","","","","","","","","","","","","","","","","","14.4","14.9","15.5","16","16.4","16.9","17.2","17.4","17.3","17.1","16.5","15.7","14.8","13.9","13","12.2","11.3","10.5","9.7","9","8.4","7.8","7.5","7.3","7.1","",
"High income","HIC","Prevalence of stunting, height for age (modeled estimate, % of children under 5)","SH.STA.STNT.ME.ZS","","","","","","","","","","","","","","","","","","","","","","","","","","","","","","","","","","","","","","","","","4.5","4.44","4.4","4.37","4.33","4.3","4.27","4.22","4.16","4.09","4.02","3.97","3.94","3.92","3.92","3.9","3.88","3.84","3.8","3.76","3.76","3.8","3.87","3.95","4.04","",
"Hong Kong SAR, China","HKG","Prevalence of stunting, height for age (modeled estimate, % of children under 5)","SH.STA.STNT.ME.ZS","","","","","","","","","","","","","","","","","","","","","","","","","","","","","","","","","","","","","","","","","","","","","","","","","","","","","","","","","","","","","","","","","","",
"Honduras","HND","Prevalence of stunting, height for age (modeled estimate, % of children under 5)","SH.STA.STNT.ME.ZS","","","","","","","","","","","","","","","","","","","","","","","","","","","","","","","","","","","","","","","","","36.4","35.5","34.5","33.4","32.2","31","29.8","28.5","27","25.6","24.2","22.9","21.8","21.2","20.8","20.5","20.3","19.9","19.4","18.9","18.5","18.2","18.1","18","17.9","",
"Heavily indebted poor countries (HIPC)","HPC","Prevalence of stunting, height for age (modeled estimate, % of children under 5)","SH.STA.STNT.ME.ZS","","","","","","","","","","","","","","","","","","","","","","","","","","","","","","","","","","","","","","","","","45.3078717843749","44.971594320446","44.6147730839858","44.1604484705701","43.6330790851625","43.0743349112511","42.4565294262566","41.6914044239098","40.8028380456168","39.8854161634692","38.9583810877124","38.0358805232238","37.2517240912756","36.5758313356712","35.9577550061587","35.3715668189928","34.7751221278983","34.1502487630732","33.5266626753376","32.9642279465258","32.5391344908308","32.3528639997673","32.4312405797529","32.5379429637158","32.6638194043579","",
"Croatia","HRV","Prevalence of stunting, height for age (modeled estimate, % of children under 5)","SH.STA.STNT.ME.ZS","","","","","","","","","","","","","","","","","","","","","","","","","","","","","","","","","","","","","","","","","","","","","","","","","","","","","","","","","","","","","","","","","","",
"Haiti","HTI","Prevalence of stunting, height for age (modeled estimate, % of children under 5)","SH.STA.STNT.ME.ZS","","","","","","","","","","","","","","","","","","","","","","","","","","","","","","","","","","","","","","","","","30.4","29.6","29","28.3","27.7","27.1","26.6","26","25.3","24.7","24.1","23.6","23.1","22.8","22.5","22.3","22","21.8","21.5","21.3","21.1","21.2","21.3","21.3","21.6","",
"Hungary","HUN","Prevalence of stunting, height for age (modeled estimate, % of children under 5)","SH.STA.STNT.ME.ZS","","","","","","","","","","","","","","","","","","","","","","","","","","","","","","","","","","","","","","","","","","","","","","","","","","","","","","","","","","","","","","","","","","",
"IBRD only","IBD","Prevalence of stunting, height for age (modeled estimate, % of children under 5)","SH.STA.STNT.ME.ZS","","","","","","","","","","","","","","","","","","","","","","","","","","","","","","","","","","","","","","","","","32.6456533670575","32.1146142735887","31.632687405773","31.0682570472162","30.4877086455015","29.9392581373069","29.3036560000649","28.541861102819","27.7424489789696","26.8856180620574","25.9449769620927","25.0151181329159","24.2035617853579","23.3864781489349","22.6445016409882","21.9831135140224","21.3602710515493","20.6861807247209","20.1296315500035","19.6980405935188","19.4643270499489","19.4306636917037","19.6654326809486","19.9241800253892","20.2381764563958","",
"IDA & IBRD total","IBT","Prevalence of stunting, height for age (modeled estimate, % of children under 5)","SH.STA.STNT.ME.ZS","","","","","","","","","","","","","","","","","","","","","","","","","","","","","","","","","","","","","","","","","36.5520260697891","36.1624257941797","35.8127910011409","35.3821914634487","34.9104778878768","34.4416728023116","33.9041333638763","33.2253510872729","32.4737213241278","31.6580962573637","30.7714291429267","29.8953898778196","29.1150592867863","28.3697317358215","27.6968585451909","27.0778601973809","26.4648081033658","25.8116977483032","25.2432963632154","24.788281424647","24.5223025742758","24.4957124164547","24.7440215565505","25.0130919837323","25.3289337899441","",
"IDA total","IDA","Prevalence of stunting, height for age (modeled estimate, % of children under 5)","SH.STA.STNT.ME.ZS","","","","","","","","","","","","","","","","","","","","","","","","","","","","","","","","","","","","","","","","","44.4354364868387","44.152321270875","43.8792017666224","43.5298602096421","43.1104210351648","42.6408134830941","42.12944429796","41.460632717567","40.674673090064","39.8228480413328","38.9227298086038","38.0405551900151","37.2422620529959","36.5531600785982","35.9071327766628","35.2531945081406","34.5487784445687","33.7944189808485","33.0175458401309","32.3030167175367","31.7252409104268","31.394025370756","31.323970890867","31.2977608611058","31.3566736743216","",
"IDA blend","IDB","Prevalence of stunting, height for age (modeled estimate, % of children under 5)","SH.STA.STNT.ME.ZS","","","","","","","","","","","","","","","","","","","","","","","","","","","","","","","","","","","","","","","","","39.2822884975528","39.5011529625847","39.7291591022119","39.9012992651425","40.0136068305294","40.0304816977162","40.0220258075608","39.8052134363105","39.4838891736542","38.985872913716","38.3589637739354","37.7286071600078","37.0760972652264","36.4731461175202","35.8690537479066","35.1860031170209","34.3817884070448","33.4865237337412","32.5422250242751","31.6633106759425","30.8803034248985","30.3666693999561","30.0834616305723","29.8863063901665","29.8597200920256","",
"Indonesia","IDN","Prevalence of stunting, height for age (modeled estimate, % of children under 5)","SH.STA.STNT.ME.ZS","","","","","","","","","","","","","","","","","","","","","","","","","","","","","","","","","","","","","","","","","39.8","39.6","39.6","39.6","39.6","39.6","39.6","39.3","38.7","38","37","35.8","34.6","33.5","32.2","31","29.8","28.5","27.3","26.1","25.1","24.3","23.7","23.1","22.6","",
"IDA only","IDX","Prevalence of stunting, height for age (modeled estimate, % of children under 5)","SH.STA.STNT.ME.ZS","","","","","","","","","","","","","","","","","","","","","","","","","","","","","","","","","","","","","","","","","47.2231298465774","46.6766997220131","46.1352275257058","45.5059822381002","44.8007581308893","44.0676195207949","43.2842552275035","42.3731837516986","41.3364179480376","40.2926260569729","39.242822140501","38.2194958948896","37.3382015508033","36.5994566019407","35.9291344924273","35.2918643797276","34.6441337525019","33.9684490289042","33.2830861996905","32.6554280284234","32.1839095022193","31.9449423783879","31.98338433847","32.0427918635044","32.1416756247215","",
"Isle of Man","IMN","Prevalence of stunting, height for age (modeled estimate, % of children under 5)","SH.STA.STNT.ME.ZS","","","","","","","","","","","","","","","","","","","","","","","","","","","","","","","","","","","","","","","","","","","","","","","","","","","","","","","","","","","","","","","","","","",
"India","IND","Prevalence of stunting, height for age (modeled estimate, % of children under 5)","SH.STA.STNT.ME.ZS","","","","","","","","","","","","","","","","","","","","","","","","","","","","","","","","","","","","","","","","","50","49.6","49.2","48.7","48.2","47.8","47.2","46.5","45.8","44.9","43.8","42.7","41.7","40.6","39.6","38.7","37.7","36.6","35.6","34.6","33.8","33.3","33","32.8","32.9","",
"Not classified","INX","Prevalence of stunting, height for age (modeled estimate, % of children under 5)","SH.STA.STNT.ME.ZS","","","","","","","","","","","","","","","","","","","","","","","","","","","","","","","","","","","","","","","","","","","","","","","","","","","","","","","","","","","","","","","","","","",
"Ireland","IRL","Prevalence of stunting, height for age (modeled estimate, % of children under 5)","SH.STA.STNT.ME.ZS","","","","","","","","","","","","","","","","","","","","","","","","","","","","","","","","","","","","","","","","","3.7","3.6","3.5","3.5","3.4","3.3","3.2","3.1","3","2.8","2.7","2.6","2.5","2.5","2.4","2.3","2.3","2.2","2.2","2.1","2.1","2.1","2.1","2.1","2.2","",
"Iran, Islamic Rep.","IRN","Prevalence of stunting, height for age (modeled estimate, % of children under 5)","SH.STA.STNT.ME.ZS","","","","","","","","","","","","","","","","","","","","","","","","","","","","","","","","","","","","","","","","","14.8","13.4","12.1","10.9","9.8","8.8","8.1","7.4","6.9","6.5","6.1","5.8","5.6","5.5","5.5","5.4","5.3","5.2","5.1","5","4.9","4.8","4.8","4.8","4.8","",
"Iraq","IRQ","Prevalence of stunting, height for age (modeled estimate, % of children under 5)","SH.STA.STNT.ME.ZS","","","","","","","","","","","","","","","","","","","","","","","","","","","","","","","","","","","","","","","","","28","27.8","27.6","27.6","27.3","26.9","26.5","25.8","25","23.9","22.6","21.2","19.8","18.5","17.3","16.3","15.2","14.1","13.1","12.1","11.2","10.5","10","9.7","9.4","",
"Iceland","ISL","Prevalence of stunting, height for age (modeled estimate, % of children under 5)","SH.STA.STNT.ME.ZS","","","","","","","","","","","","","","","","","","","","","","","","","","","","","","","","","","","","","","","","","","","","","","","","","","","","","","","","","","","","","","","","","","",
"Israel","ISR","Prevalence of stunting, height for age (modeled estimate, % of children under 5)","SH.STA.STNT.ME.ZS","","","","","","","","","","","","","","","","","","","","","","","","","","","","","","","","","","","","","","","","","","","","","","","","","","","","","","","","","","","","","","","","","","",
"Italy","ITA","Prevalence of stunting, height for age (modeled estimate, % of children under 5)","SH.STA.STNT.ME.ZS","","","","","","","","","","","","","","","","","","","","","","","","","","","","","","","","","","","","","","","","","","","","","","","","","","","","","","","","","","","","","","","","","","",
"Jamaica","JAM","Prevalence of stunting, height for age (modeled estimate, % of children under 5)","SH.STA.STNT.ME.ZS","","","","","","","","","","","","","","","","","","","","","","","","","","","","","","","","","","","","","","","","","7.2","6.9","6.6","6.5","6.4","6.4","6.3","6.3","6.2","6.1","6.1","6.1","6.1","6.2","6.3","6.4","6.4","6.4","6.4","6.4","6.4","6.5","6.6","6.8","6.9","",
"Jordan","JOR","Prevalence of stunting, height for age (modeled estimate, % of children under 5)","SH.STA.STNT.ME.ZS","","","","","","","","","","","","","","","","","","","","","","","","","","","","","","","","","","","","","","","","","10.8","10.5","10.2","10","9.8","9.5","9.3","9","8.8","8.4","8.2","7.9","7.8","7.7","7.7","7.8","7.9","8","8","8","7.9","7.8","7.8","7.8","7.7","",
"Japan","JPN","Prevalence of stunting, height for age (modeled estimate, % of children under 5)","SH.STA.STNT.ME.ZS","","","","","","","","","","","","","","","","","","","","","","","","","","","","","","","","","","","","","","","","","5.7","5.9","6.2","6.4","6.5","6.7","6.8","6.8","6.9","6.9","6.8","6.7","6.6","6.5","6.4","6.2","6","5.8","5.6","5.4","5.2","5.1","5.1","5.1","5.2","",
"Kazakhstan","KAZ","Prevalence of stunting, height for age (modeled estimate, % of children under 5)","SH.STA.STNT.ME.ZS","","","","","","","","","","","","","","","","","","","","","","","","","","","","","","","","","","","","","","","","","16.1","16","16","15.9","15.7","15.6","15.3","14.9","14.3","13.6","12.7","11.9","11.2","10.4","9.7","8.9","8.1","7.5","6.8","6.2","5.7","5.3","4.9","4.6","4.4","",
"Kenya","KEN","Prevalence of stunting, height for age (modeled estimate, % of children under 5)","SH.STA.STNT.ME.ZS","","","","","","","","","","","","","","","","","","","","","","","","","","","","","","","","","","","","","","","","","38.6","38.5","38.5","38.2","37.8","37.3","36.7","35.7","34.6","33.3","31.9","30.4","29","27.7","26.5","25.4","24.3","23.1","22","20.9","20","19.2","18.7","18.2","17.9","",
"Kyrgyz Republic","KGZ","Prevalence of stunting, height for age (modeled estimate, % of children under 5)","SH.STA.STNT.ME.ZS","","","","","","","","","","","","","","","","","","","","","","","","","","","","","","","","","","","","","","","","","28.3","27.3","26.3","25.2","24.1","23","21.9","20.8","19.6","18.5","17.6","16.7","15.9","15.1","14.4","13.7","13","12.5","12","11.7","11.4","11.3","11.2","11.2","11","",
"Cambodia","KHM","Prevalence of stunting, height for age (modeled estimate, % of children under 5)","SH.STA.STNT.ME.ZS","","","","","","","","","","","","","","","","","","","","","","","","","","","","","","","","","","","","","","","","","50.6","49.5","48.4","47.3","46.1","44.9","43.7","42.3","40.8","39.2","37.6","35.8","34","32.3","30.6","29.1","27.7","26.4","25.2","24.1","23.4","22.8","22.5","22.2","22","",
"Kiribati","KIR","Prevalence of stunting, height for age (modeled estimate, % of children under 5)","SH.STA.STNT.ME.ZS","","","","","","","","","","","","","","","","","","","","","","","","","","","","","","","","","","","","","","","","","20.5","20.1","19.7","19.3","19","18.8","18.6","18.3","17.9","17.5","17.1","16.7","16.3","16.1","16","15.8","15.7","15.5","15.3","15","14.8","14.7","14.7","14.7","14.7","",
"St. Kitts and Nevis","KNA","Prevalence of stunting, height for age (modeled estimate, % of children under 5)","SH.STA.STNT.ME.ZS","","","","","","","","","","","","","","","","","","","","","","","","","","","","","","","","","","","","","","","","","","","","","","","","","","","","","","","","","","","","","","","","","","",
"Korea, Rep.","KOR","Prevalence of stunting, height for age (modeled estimate, % of children under 5)","SH.STA.STNT.ME.ZS","","","","","","","","","","","","","","","","","","","","","","","","","","","","","","","","","","","","","","","","","2.5","2.5","2.5","2.5","2.4","2.3","2.3","2.2","2.1","2.1","2","2","1.9","1.9","1.8","1.8","1.8","1.8","1.8","1.7","1.7","1.8","1.8","1.8","1.8","",
"Kuwait","KWT","Prevalence of stunting, height for age (modeled estimate, % of children under 5)","SH.STA.STNT.ME.ZS","","","","","","","","","","","","","","","","","","","","","","","","","","","","","","","","","","","","","","","","","3.7","3.7","3.8","4","4.1","4.3","4.5","4.6","4.8","4.8","4.9","4.9","4.9","5","5","5","4.9","4.8","4.7","4.6","4.5","4.5","4.5","4.5","4.5","",
"Latin America & Caribbean (excluding high income)","LAC","Prevalence of stunting, height for age (modeled estimate, % of children under 5)","SH.STA.STNT.ME.ZS","","","","","","","","","","","","","","","","","","","","","","","","","","","","","","","","","","","","","","","","","18.5149233714853","18.0017492923588","17.5071474629678","17.034835236166","16.574915877171","16.1463399509629","15.7740766913586","15.3246366451617","14.8561447079921","14.3845301903907","13.9116016863152","13.464020440682","13.1144314864984","12.8826119967584","12.6918436312357","12.5848170623231","12.5022650019984","12.4139637170763","12.3485829969901","12.2483281290113","12.2511207882663","12.3063761992619","12.4792590017652","12.544437005645","12.7250331885451","",
"Lao PDR","LAO","Prevalence of stunting, height for age (modeled estimate, % of children under 5)","SH.STA.STNT.ME.ZS","","","","","","","","","","","","","","","","","","","","","","","","","","","","","","","","","","","","","","","","","48.9","48.7","48.5","48.2","47.8","47.4","46.8","46.1","45.1","44","42.8","41.6","40.5","39.4","38.3","37.3","36.1","34.8","33.6","32.4","31.5","30.8","30.5","30.2","29.9","",
"Lebanon","LBN","Prevalence of stunting, height for age (modeled estimate, % of children under 5)","SH.STA.STNT.ME.ZS","","","","","","","","","","","","","","","","","","","","","","","","","","","","","","","","","","","","","","","","","18.8","18.1","17.4","16.7","16.1","15.9","15.7","15.8","15.4","14.7","13.7","12.7","11.4","10.5","10.1","9.9","9.7","9.6","9.6","9.7","9.6","9.7","9.8","10","10.1","",
"Liberia","LBR","Prevalence of stunting, height for age (modeled estimate, % of children under 5)","SH.STA.STNT.ME.ZS","","","","","","","","","","","","","","","","","","","","","","","","","","","","","","","","","","","","","","","","","45","44.1","43.1","42.5","41.9","41.2","40.5","39.6","38.6","37.6","36.5","35.5","34.6","33.6","32.7","32.2","31.3","30.4","29.4","28.4","27.3","26.8","26.7","26.6","26.9","",
"Libya","LBY","Prevalence of stunting, height for age (modeled estimate, % of children under 5)","SH.STA.STNT.ME.ZS","","","","","","","","","","","","","","","","","","","","","","","","","","","","","","","","","","","","","","","","","19.8","21.1","22.5","24.2","25.8","27.2","28.3","28.9","29","28.6","27.7","26.8","25.8","24.5","23.1","21.8","20.4","18.4","16.7","15","13.3","11.9","10.8","10","9.2","",
"St. Lucia","LCA","Prevalence of stunting, height for age (modeled estimate, % of children under 5)","SH.STA.STNT.ME.ZS","","","","","","","","","","","","","","","","","","","","","","","","","","","","","","","","","","","","","","","","","3","3.1","3","2.9","2.8","2.8","2.6","2.6","2.5","2.4","2.4","2.4","2.3","2.3","2.3","2.4","2.4","2.4","2.4","2.5","2.6","2.6","2.7","2.8","2.8","",
"Latin America & Caribbean","LCN","Prevalence of stunting, height for age (modeled estimate, % of children under 5)","SH.STA.STNT.ME.ZS","","","","","","","","","","","","","","","","","","","","","","","","","","","","","","","","","","","","","","","","","17.96","17.49","17.05","16.63","16.22","15.83","15.45","15.01","14.53","14.06","13.6","13.15","12.8","12.55","12.38","12.28","12.18","12.07","12.01","11.92","11.89","11.96","12.15","12.23","12.38","",
"Least developed countries: UN classification","LDC","Prevalence of stunting, height for age (modeled estimate, % of children under 5)","SH.STA.STNT.ME.ZS","","","","","","","","","","","","","","","","","","","","","","","","","","","","","","","","","","","","","","","","","48.7618821075037","48.119043043931","47.4956359640619","46.7839800843397","46.0097371561007","45.2184370159242","44.3894308587047","43.448852116267","42.3946809139859","41.3515938900721","40.3139419029221","39.3202079064077","38.4679475188303","37.7476364310305","37.1104452492635","36.5081025826443","35.9069199353382","35.2763310131395","34.6451919501926","34.073246466337","33.6629317538613","33.4854937295316","33.595174998607","33.7073101215053","33.852014319636","",
"Low income","LIC","Prevalence of stunting, height for age (modeled estimate, % of children under 5)","SH.STA.STNT.ME.ZS","","","","","","","","","","","","","","","","","","","","","","","","","","","","","","","","","","","","","","","","","48.05","47.68","47.3","46.82","46.25","45.65","44.98","44.13","43.19","42.22","41.24","40.33","39.56","38.96","38.44","37.95","37.44","36.9","36.35","35.83","35.48","35.35","35.49","35.62","35.79","",
"Liechtenstein","LIE","Prevalence of stunting, height for age (modeled estimate, % of children under 5)","SH.STA.STNT.ME.ZS","","","","","","","","","","","","","","","","","","","","","","","","","","","","","","","","","","","","","","","","","","","","","","","","","","","","","","","","","","","","","","","","","","",
"Sri Lanka","LKA","Prevalence of stunting, height for age (modeled estimate, % of children under 5)","SH.STA.STNT.ME.ZS","","","","","","","","","","","","","","","","","","","","","","","","","","","","","","","","","","","","","","","","","19.8","19.7","19.6","19.5","19.4","19.2","19","18.6","18.2","17.7","17.2","16.6","15.9","15.3","14.6","14","13.3","12.7","12.1","11.6","11.1","10.8","10.5","10.2","10.1","",
"Lower middle income","LMC","Prevalence of stunting, height for age (modeled estimate, % of children under 5)","SH.STA.STNT.ME.ZS","","","","","","","","","","","","","","","","","","","","","","","","","","","","","","","","","","","","","","","","","44.58","44.14","43.77","43.34","42.86","42.37","41.81","41.12","40.34","39.48","38.55","37.56","36.6","35.69","34.81","33.93","33.05","32.12","31.2","30.36","29.68","29.2","29.02","28.89","28.87","",
"Low & middle income","LMY","Prevalence of stunting, height for age (modeled estimate, % of children under 5)","SH.STA.STNT.ME.ZS","","","","","","","","","","","","","","","","","","","","","","","","","","","","","","","","","","","","","","","","","36.93","36.51","36.14","35.71","35.22","34.74","34.19","33.5","32.72","31.89","31.01","30.13","29.31","28.56","27.88","27.24","26.62","25.96","25.38","24.92","24.66","24.61","24.87","25.15","25.45","",
"Lesotho","LSO","Prevalence of stunting, height for age (modeled estimate, % of children under 5)","SH.STA.STNT.ME.ZS","","","","","","","","","","","","","","","","","","","","","","","","","","","","","","","","","","","","","","","","","42.1","42.2","42.2","42.1","42","41.8","41.6","41.2","40.5","39.8","39.1","38.3","37.5","36.7","36","35.3","34.6","34.2","33.7","33.6","33.4","33.6","34.1","34.4","35","",
"Late-demographic dividend","LTE","Prevalence of stunting, height for age (modeled estimate, % of children under 5)","SH.STA.STNT.ME.ZS","","","","","","","","","","","","","","","","","","","","","","","","","","","","","","","","","","","","","","","","","19.4739660370089","18.3581551365932","17.344468806266","16.2849718339968","15.3082343633106","14.4063732462703","13.5608774776938","12.7626775027463","12.0223562143441","11.3338333620833","10.6340830289262","9.94928052704168","9.48309837021594","9.04240326318464","8.73053277504757","8.47234717558645","8.2974583443333","8.05178395232656","7.80251253497234","7.56576381388731","7.4663694630434","7.43247778755381","7.55620230967068","7.69371760957081","7.80478563976737","",
"Lithuania","LTU","Prevalence of stunting, height for age (modeled estimate, % of children under 5)","SH.STA.STNT.ME.ZS","","","","","","","","","","","","","","","","","","","","","","","","","","","","","","","","","","","","","","","","","2.9","2.8","2.7","2.6","2.5","2.4","2.4","2.3","2.2","2.1","2","1.9","1.9","1.8","1.8","1.8","1.7","1.7","1.6","1.6","1.5","1.5","1.5","1.5","1.6","",
"Luxembourg","LUX","Prevalence of stunting, height for age (modeled estimate, % of children under 5)","SH.STA.STNT.ME.ZS","","","","","","","","","","","","","","","","","","","","","","","","","","","","","","","","","","","","","","","","","","","","","","","","","","","","","","","","","","","","","","","","","","",
"Latvia","LVA","Prevalence of stunting, height for age (modeled estimate, % of children under 5)","SH.STA.STNT.ME.ZS","","","","","","","","","","","","","","","","","","","","","","","","","","","","","","","","","","","","","","","","","3.3","3.2","3.1","3","2.9","2.8","2.7","2.6","2.4","2.3","2.3","2.2","2.1","2.1","2","2","1.9","1.9","1.8","1.7","1.7","1.7","1.7","1.7","1.7","",
"Macao SAR, China","MAC","Prevalence of stunting, height for age (modeled estimate, % of children under 5)","SH.STA.STNT.ME.ZS","","","","","","","","","","","","","","","","","","","","","","","","","","","","","","","","","","","","","","","","","","","","","","","","","","","","","","","","","","","","","","","","","","",
"St. Martin (French part)","MAF","Prevalence of stunting, height for age (modeled estimate, % of children under 5)","SH.STA.STNT.ME.ZS","","","","","","","","","","","","","","","","","","","","","","","","","","","","","","","","","","","","","","","","","","","","","","","","","","","","","","","","","","","","","","","","","","",
"Morocco","MAR","Prevalence of stunting, height for age (modeled estimate, % of children under 5)","SH.STA.STNT.ME.ZS","","","","","","","","","","","","","","","","","","","","","","","","","","","","","","","","","","","","","","","","","25.3","24.4","23.4","22.4","21.4","20.5","19.6","18.8","18","17.3","16.6","16.1","15.6","15.3","15.1","14.9","14.6","14.4","14.1","13.8","13.6","13.5","13.5","13.6","13.7","",
"Monaco","MCO","Prevalence of stunting, height for age (modeled estimate, % of children under 5)","SH.STA.STNT.ME.ZS","","","","","","","","","","","","","","","","","","","","","","","","","","","","","","","","","","","","","","","","","","","","","","","","","","","","","","","","","","","","","","","","","","",
"Moldova","MDA","Prevalence of stunting, height for age (modeled estimate, % of children under 5)","SH.STA.STNT.ME.ZS","","","","","","","","","","","","","","","","","","","","","","","","","","","","","","","","","","","","","","","","","12.9","12.4","12","11.4","10.8","10.2","9.6","9","8.4","8","7.5","7.1","6.8","6.5","6.2","6","5.7","5.5","5.2","4.9","4.7","4.5","4.4","4.2","4.2","",
"Madagascar","MDG","Prevalence of stunting, height for age (modeled estimate, % of children under 5)","SH.STA.STNT.ME.ZS","","","","","","","","","","","","","","","","","","","","","","","","","","","","","","","","","","","","","","","","","56.1","55.8","55.6","55.3","54.8","54.3","53.7","52.9","52","51","50.1","49.2","48.2","47.4","46.5","45.6","44.6","43.5","42.3","41.1","40","39.3","39","38.6","38.4","",
"Maldives","MDV","Prevalence of stunting, height for age (modeled estimate, % of children under 5)","SH.STA.STNT.ME.ZS","","","","","","","","","","","","","","","","","","","","","","","","","","","","","","","","","","","","","","","","","33.8","32.8","31.7","30.3","28.5","26.8","24.8","22.7","20.8","19.2","17.9","17","16.3","15.9","15.7","15.5","15.3","15","14.7","14.3","14.1","13.9","14","14","14.2","",
"Middle East, North Africa, Afghanistan & Pakistan","MEA","Prevalence of stunting, height for age (modeled estimate, % of children under 5)","SH.STA.STNT.ME.ZS","","","","","","","","","","","","","","","","","","","","","","","","","","","","","","","","","","","","","","","","","32.32","32.42","32.6","32.73","32.73","32.68","32.59","32.37","32.05","31.65","31.13","30.5","29.8","29.05","28.28","27.54","26.77","25.98","25.24","24.63","24.2","23.95","23.94","23.97","24.11","",
"Mexico","MEX","Prevalence of stunting, height for age (modeled estimate, % of children under 5)","SH.STA.STNT.ME.ZS","","","","","","","","","","","","","","","","","","","","","","","","","","","","","","","","","","","","","","","","","20.3","19.7","19","18.3","17.6","17","16.5","15.9","15.3","14.7","14.1","13.6","13.2","12.9","12.7","12.7","12.6","12.6","12.7","12.6","12.6","12.7","12.9","12.9","13.1","",
"Marshall Islands","MHL","Prevalence of stunting, height for age (modeled estimate, % of children under 5)","SH.STA.STNT.ME.ZS","","","","","","","","","","","","","","","","","","","","","","","","","","","","","","","","","","","","","","","","","40.9","41","40.5","40","39.8","40","39.3","39.6","40","39.9","39.5","38.8","37.8","37","36.3","35.5","34.9","34.2","33.2","32.1","31.2","30.6","30.2","30","30","",
"Middle income","MIC","Prevalence of stunting, height for age (modeled estimate, % of children under 5)","SH.STA.STNT.ME.ZS","","","","","","","","","","","","","","","","","","","","","","","","","","","","","","","","","","","","","","","","","35.29","34.84","34.43","33.97","33.46","32.96","32.4","31.7","30.92","30.09","29.19","28.3","27.45","26.65","25.92","25.22","24.54","23.83","23.18","22.67","22.33","22.21","22.39","22.6","22.85","",
"North Macedonia","MKD","Prevalence of stunting, height for age (modeled estimate, % of children under 5)","SH.STA.STNT.ME.ZS","","","","","","","","","","","","","","","","","","","","","","","","","","","","","","","","","","","","","","","","","8.6","8.6","8.6","8.6","8.6","8.6","8.5","8.1","7.7","7.2","6.6","6.1","5.7","5.4","5.1","4.9","4.6","4.4","4.3","4.1","4","3.9","3.9","3.8","3.8","",
"Mali","MLI","Prevalence of stunting, height for age (modeled estimate, % of children under 5)","SH.STA.STNT.ME.ZS","","","","","","","","","","","","","","","","","","","","","","","","","","","","","","","","","","","","","","","","","40","39.5","38.9","38.2","37.4","36.5","35.6","34.5","33.4","32.3","31.1","30.1","29.2","28.5","27.8","27.2","26.4","25.7","24.9","24.2","23.6","23.3","23.2","23.2","23.2","",
"Malta","MLT","Prevalence of stunting, height for age (modeled estimate, % of children under 5)","SH.STA.STNT.ME.ZS","","","","","","","","","","","","","","","","","","","","","","","","","","","","","","","","","","","","","","","","","6.6","6.5","6.4","6.3","6.1","5.9","5.7","5.6","5.4","5.5","5.5","5.4","5.2","5","4.6","4.2","4","3.7","3.6","3.6","3.5","3.5","3.5","3.5","3.5","",
"Myanmar","MMR","Prevalence of stunting, height for age (modeled estimate, % of children under 5)","SH.STA.STNT.ME.ZS","","","","","","","","","","","","","","","","","","","","","","","","","","","","","","","","","","","","","","","","","45.9","44.6","43.4","42","40.7","39.4","38.1","36.8","35.5","34.2","33","32","31.2","30.5","29.9","29.2","28.6","27.8","26.9","26.2","25.5","25.1","24.9","24.7","24.5","",
"Middle East, North Africa, Afghanistan & Pakistan (excluding high income)","MNA","Prevalence of stunting, height for age (modeled estimate, % of children under 5)","SH.STA.STNT.ME.ZS","","","","","","","","","","","","","","","","","","","","","","","","","","","","","","","","","","","","","","","","","33.6777260045829","33.8022148906586","33.9705555596116","34.0986847507483","34.1028129001798","34.0162384959032","33.9443435807999","33.708483889134","33.3964426040935","32.954515940969","32.3983273666405","31.7696639755878","31.0281865855521","30.2533930284914","29.457779741337","28.6938845054435","27.8590705775199","27.0713402497178","26.2884535148902","25.6590976756887","25.1807174595637","24.9160146886889","24.8810423175746","24.9315125614872","25.0775324084362","",
"Montenegro","MNE","Prevalence of stunting, height for age (modeled estimate, % of children under 5)","SH.STA.STNT.ME.ZS","","","","","","","","","","","","","","","","","","","","","","","","","","","","","","","","","","","","","","","","","7.4","7.6","7.8","7.9","8.1","8.3","8.5","8.6","8.7","8.7","8.6","8.6","8.5","8.5","8.4","8.3","8.2","8.1","8.1","8","8","8","8","8","8","",
"Mongolia","MNG","Prevalence of stunting, height for age (modeled estimate, % of children under 5)","SH.STA.STNT.ME.ZS","","","","","","","","","","","","","","","","","","","","","","","","","","","","","","","","","","","","","","","","","29.7","28.6","27.4","26","24.5","23","21.4","19.7","18","16.4","14.9","13.4","12.3","11.3","10.6","10","9.5","9.1","8.6","8.2","7.9","7.6","7.4","7.2","7.1","",
"Northern Mariana Islands","MNP","Prevalence of stunting, height for age (modeled estimate, % of children under 5)","SH.STA.STNT.ME.ZS","","","","","","","","","","","","","","","","","","","","","","","","","","","","","","","","","","","","","","","","","","","","","","","","","","","","","","","","","","","","","","","","","","",
"Mozambique","MOZ","Prevalence of stunting, height for age (modeled estimate, % of children under 5)","SH.STA.STNT.ME.ZS","","","","","","","","","","","","","","","","","","","","","","","","","","","","","","","","","","","","","","","","","48.6","48.1","47.7","47.3","46.9","46.5","46","45.5","44.8","44.2","43.6","43","42.6","42.3","41.9","41.4","40.8","39.9","38.9","38","37.4","37","37","36.9","37","",
"Mauritania","MRT","Prevalence of stunting, height for age (modeled estimate, % of children under 5)","SH.STA.STNT.ME.ZS","","","","","","","","","","","","","","","","","","","","","","","","","","","","","","","","","","","","","","","","","39.2","37.8","36.5","35.1","33.7","32.4","31","29.7","28.6","27.5","26.6","25.8","25.2","24.7","24.4","24","23.7","23.3","22.9","22.4","22","21.7","21.6","21.6","21.5","",
"Mauritius","MUS","Prevalence of stunting, height for age (modeled estimate, % of children under 5)","SH.STA.STNT.ME.ZS","","","","","","","","","","","","","","","","","","","","","","","","","","","","","","","","","","","","","","","","","12.4","12.2","11.8","11.3","10.7","10.2","9.8","9.4","9.1","8.9","8.6","8.4","8.2","8.1","8.1","8","8","8","7.9","7.8","7.8","7.7","7.7","7.8","7.8","",
"Malawi","MWI","Prevalence of stunting, height for age (modeled estimate, % of children under 5)","SH.STA.STNT.ME.ZS","","","","","","","","","","","","","","","","","","","","","","","","","","","","","","","","","","","","","","","","","56.1","55.9","55.5","55","54.4","53.6","52.7","51.5","50.1","48.5","46.8","45.1","43.5","41.9","40.5","39.2","37.9","36.8","35.8","34.9","34.1","33.6","33.3","33.2","33.2","",
"Malaysia","MYS","Prevalence of stunting, height for age (modeled estimate, % of children under 5)","SH.STA.STNT.ME.ZS","","","","","","","","","","","","","","","","","","","","","","","","","","","","","","","","","","","","","","","","","19.3","18.9","18.6","18.4","18.3","18.3","18.3","18.2","18","17.9","17.8","17.8","18.1","18.5","19","19.5","20","20.5","20.8","21.2","21.6","22.2","23","23.7","24.3","",
"North America","NAC","Prevalence of stunting, height for age (modeled estimate, % of children under 5)","SH.STA.STNT.ME.ZS","","","","","","","","","","","","","","","","","","","","","","","","","","","","","","","","","","","","","","","","","3.12","3.02","2.94","2.86","2.78","2.73","2.69","2.64","2.59","2.55","2.53","2.54","2.58","2.64","2.72","2.81","2.91","3","3.1","3.2","3.34","3.51","3.72","3.9","4.09","",
"Namibia","NAM","Prevalence of stunting, height for age (modeled estimate, % of children under 5)","SH.STA.STNT.ME.ZS","","","","","","","","","","","","","","","","","","","","","","","","","","","","","","","","","","","","","","","","","29.7","29.8","29.9","29.8","29.6","29.2","28.8","28.3","27.7","26.9","26.1","25.1","24","23.1","22.2","21.3","20.4","19.5","18.7","17.9","17.4","17","16.8","16.6","16.4","",
"New Caledonia","NCL","Prevalence of stunting, height for age (modeled estimate, % of children under 5)","SH.STA.STNT.ME.ZS","","","","","","","","","","","","","","","","","","","","","","","","","","","","","","","","","","","","","","","","","","","","","","","","","","","","","","","","","","","","","","","","","","",
"Niger","NER","Prevalence of stunting, height for age (modeled estimate, % of children under 5)","SH.STA.STNT.ME.ZS","","","","","","","","","","","","","","","","","","","","","","","","","","","","","","","","","","","","","","","","","52.1","51.9","51.5","51","50.4","49.8","49.1","48.3","47.5","46.7","46","45.4","45","44.8","44.7","44.7","44.7","44.7","44.7","44.8","45.1","45.6","46.5","47.4","48.3","",
"Nigeria","NGA","Prevalence of stunting, height for age (modeled estimate, % of children under 5)","SH.STA.STNT.ME.ZS","","","","","","","","","","","","","","","","","","","","","","","","","","","","","","","","","","","","","","","","","41.8","41.7","41.5","41.3","41","40.6","40.3","39.8","39.3","38.7","38","37.4","36.9","36.5","36.2","35.8","35.4","34.9","34.4","33.9","33.5","33.4","33.5","33.6","33.8","",
"Nicaragua","NIC","Prevalence of stunting, height for age (modeled estimate, % of children under 5)","SH.STA.STNT.ME.ZS","","","","","","","","","","","","","","","","","","","","","","","","","","","","","","","","","","","","","","","","","","","","","","","","","","","","","","","","","","","","","","","","","","",
"Netherlands","NLD","Prevalence of stunting, height for age (modeled estimate, % of children under 5)","SH.STA.STNT.ME.ZS","","","","","","","","","","","","","","","","","","","","","","","","","","","","","","","","","","","","","","","","","1.3","1.3","1.3","1.3","1.4","1.4","1.4","1.5","1.5","1.5","1.5","1.5","1.5","1.5","1.5","1.5","1.5","1.5","1.5","1.5","1.5","1.5","1.6","1.6","1.6","",
"Norway","NOR","Prevalence of stunting, height for age (modeled estimate, % of children under 5)","SH.STA.STNT.ME.ZS","","","","","","","","","","","","","","","","","","","","","","","","","","","","","","","","","","","","","","","","","","","","","","","","","","","","","","","","","","","","","","","","","","",
"Nepal","NPL","Prevalence of stunting, height for age (modeled estimate, % of children under 5)","SH.STA.STNT.ME.ZS","","","","","","","","","","","","","","","","","","","","","","","","","","","","","","","","","","","","","","","","","55.9","54.8","53.7","52.6","51.4","50.2","48.9","47.5","46","44.4","42.8","41.2","39.7","38.4","37","35.7","34.2","32.7","31.1","29.7","28.5","27.5","26.9","26.3","26","",
"Nauru","NRU","Prevalence of stunting, height for age (modeled estimate, % of children under 5)","SH.STA.STNT.ME.ZS","","","","","","","","","","","","","","","","","","","","","","","","","","","","","","","","","","","","","","","","","23.8","24.2","24.4","24.5","24.5","24.6","24.3","24.1","23.6","23.1","22.3","21.5","20.9","20.3","19.7","19.4","18.8","18.2","17.6","17","16.3","16","16","16","16","",
"New Zealand","NZL","Prevalence of stunting, height for age (modeled estimate, % of children under 5)","SH.STA.STNT.ME.ZS","","","","","","","","","","","","","","","","","","","","","","","","","","","","","","","","","","","","","","","","","","","","","","","","","","","","","","","","","","","","","","","","","","",
"OECD members","OED","Prevalence of stunting, height for age (modeled estimate, % of children under 5)","SH.STA.STNT.ME.ZS","","","","","","","","","","","","","","","","","","","","","","","","","","","","","","","","","","","","","","","","","8.44134882536936","8.25628901586651","8.10415652151844","7.92324342726545","7.71290395290603","7.52139998018381","7.32227689250366","7.0598109815637","6.7415938419998","6.45872174458295","6.19184991135843","5.98699978469753","5.82719175430046","5.74816172039316","5.67731420527463","5.63862246166952","5.57070542201233","5.50971229859195","5.48995234229454","5.42426889135405","5.46290635508986","5.55643092617998","5.6935250336226","5.79095046471693","5.92908060939969","",
"Oman","OMN","Prevalence of stunting, height for age (modeled estimate, % of children under 5)","SH.STA.STNT.ME.ZS","","","","","","","","","","","","","","","","","","","","","","","","","","","","","","","","","","","","","","","","","14.6","14","13.5","13","12.6","12.3","12.1","11.9","11.7","11.5","11.4","11.3","11.2","11.3","11.4","11.6","11.8","11.8","11.9","11.9","11.9","12.1","12.3","12.6","12.9","",
"Other small states","OSS","Prevalence of stunting, height for age (modeled estimate, % of children under 5)","SH.STA.STNT.ME.ZS","","","","","","","","","","","","","","","","","","","","","","","","","","","","","","","","","","","","","","","","","30.4135390613506","30.7145486338517","30.8902826396033","30.7651959987712","30.4304588856413","30.0948689087108","29.7765916292248","29.267764310053","28.5861289811011","27.7770877392228","26.9127027954182","26.0319761317554","25.2325492572934","24.5665161637783","23.9029343315522","23.2293829485174","22.5314449755051","21.816515478546","21.1808837940676","20.5565135645032","20.0749838739254","19.7701893037161","19.5015279953786","19.2588639746919","19.1635555390642","",
"Pakistan","PAK","Prevalence of stunting, height for age (modeled estimate, % of children under 5)","SH.STA.STNT.ME.ZS","","","","","","","","","","","","","","","","","","","","","","","","","","","","","","","","","","","","","","","","","40.3","41","41.8","42.6","43.4","44.1","44.7","45.1","45.3","45.2","44.9","44.5","43.9","43.3","42.6","41.8","40.7","39.5","38.1","36.8","35.6","34.7","34.1","33.7","33.6","",
"Panama","PAN","Prevalence of stunting, height for age (modeled estimate, % of children under 5)","SH.STA.STNT.ME.ZS","","","","","","","","","","","","","","","","","","","","","","","","","","","","","","","","","","","","","","","","","18.3","18.5","18.9","19.4","20.1","20.7","21.2","21.5","21.6","21.4","21.2","20.8","20.2","19.6","19","18.4","17.7","16.9","16","15.2","14.5","14.1","14","13.9","14","",
"Peru","PER","Prevalence of stunting, height for age (modeled estimate, % of children under 5)","SH.STA.STNT.ME.ZS","","","","","","","","","","","","","","","","","","","","","","","","","","","","","","","","","","","","","","","","","34.4","33.5","32.4","31.1","29.8","28.3","27.1","25.6","24.1","22.6","21.1","19.5","18.1","16.9","15.8","14.9","14","13.2","12.4","11.8","11.3","11","10.9","10.7","10.6","",
"Philippines","PHL","Prevalence of stunting, height for age (modeled estimate, % of children under 5)","SH.STA.STNT.ME.ZS","","","","","","","","","","","","","","","","","","","","","","","","","","","","","","","","","","","","","","","","","34.5","34.3","34.2","34.2","34.1","34","34","33.7","33.4","33.1","32.7","32.3","31.9","31.6","31.3","30.8","30.4","29.7","28.8","28.6","28.1","27.6","27.7","27.9","27.7","",
"Palau","PLW","Prevalence of stunting, height for age (modeled estimate, % of children under 5)","SH.STA.STNT.ME.ZS","","","","","","","","","","","","","","","","","","","","","","","","","","","","","","","","","","","","","","","","","","","","","","","","","","","","","","","","","","","","","","","","","","",
"Papua New Guinea","PNG","Prevalence of stunting, height for age (modeled estimate, % of children under 5)","SH.STA.STNT.ME.ZS","","","","","","","","","","","","","","","","","","","","","","","","","","","","","","","","","","","","","","","","","37.1","38.2","39.4","40.7","42","43.3","44.6","45.6","46.4","47","47.3","47.5","47.7","47.9","47.9","47.8","47.6","47.3","47","46.7","46.5","46.6","46.9","47.1","47.6","",
"Poland","POL","Prevalence of stunting, height for age (modeled estimate, % of children under 5)","SH.STA.STNT.ME.ZS","","","","","","","","","","","","","","","","","","","","","","","","","","","","","","","","","","","","","","","","","3.5","3.4","3.3","3.2","3","2.9","2.8","2.7","2.5","2.3","2.2","2","1.9","1.7","1.6","1.5","1.5","1.4","1.3","1.2","1.2","1.1","1.1","1.1","1","",
"Pre-demographic dividend","PRE","Prevalence of stunting, height for age (modeled estimate, % of children under 5)","SH.STA.STNT.ME.ZS","","","","","","","","","","","","","","","","","","","","","","","","","","","","","","","","","","","","","","","","","42.7776523192041","42.5338680847224","42.2672564219149","41.917334462553","41.4869719384359","41.0136679644096","40.5341291986181","39.9002964064804","39.1709427113046","38.3833648234853","37.5555570574994","36.7563003679777","36.0718582203021","35.493715928466","34.9958197797932","34.5257148147673","34.052602615758","33.532915553919","33.0203892065055","32.5417255790391","32.1926921704258","32.0754532733901","32.2025210949109","32.3397164331662","32.5227692479887","",
"Puerto Rico (US)","PRI","Prevalence of stunting, height for age (modeled estimate, % of children under 5)","SH.STA.STNT.ME.ZS","","","","","","","","","","","","","","","","","","","","","","","","","","","","","","","","","","","","","","","","","","","","","","","","","","","","","","","","","","","","","","","","","","",
"Korea, Dem. People's Rep.","PRK","Prevalence of stunting, height for age (modeled estimate, % of children under 5)","SH.STA.STNT.ME.ZS","","","","","","","","","","","","","","","","","","","","","","","","","","","","","","","","","","","","","","","","","52.5","51.1","49.4","46.7","44.2","41.7","39.1","36.5","33.8","31.4","29.2","27.3","25.8","24.5","23.4","22.4","21.4","20.5","19.6","18.8","18.2","17.7","17.3","17","16.6","",
"Portugal","PRT","Prevalence of stunting, height for age (modeled estimate, % of children under 5)","SH.STA.STNT.ME.ZS","","","","","","","","","","","","","","","","","","","","","","","","","","","","","","","","","","","","","","","","","4.8","4.7","4.7","4.7","4.7","4.7","4.6","4.5","4.3","4.2","4.1","3.9","3.8","3.7","3.6","3.6","3.5","3.4","3.3","3.2","3.2","3.1","3.1","3.1","3.2","",
"Paraguay","PRY","Prevalence of stunting, height for age (modeled estimate, % of children under 5)","SH.STA.STNT.ME.ZS","","","","","","","","","","","","","","","","","","","","","","","","","","","","","","","","","","","","","","","","","18.5","18.3","18","17.7","17.3","16.8","16.1","15.1","13.9","12.8","11.6","10.4","9.4","8.5","7.7","6.9","6.3","5.6","5","4.5","4.1","3.7","3.5","3.3","3.2","",
"West Bank and Gaza","PSE","Prevalence of stunting, height for age (modeled estimate, % of children under 5)","SH.STA.STNT.ME.ZS","","","","","","","","","","","","","","","","","","","","","","","","","","","","","","","","","","","","","","","","","9.9","10.3","10.6","10.9","11.1","11.2","11.3","11.3","11.3","11.2","11.1","10.7","10.3","10","9.5","9","8.6","8.2","7.9","7.7","7.5","7.5","7.6","7.8","8","",
"Pacific island small states","PSS","Prevalence of stunting, height for age (modeled estimate, % of children under 5)","SH.STA.STNT.ME.ZS","","","","","","","","","","","","","","","","","","","","","","","","","","","","","","","","","","","","","","","","","17.0065951860287","17.1776632730485","17.3934469555789","17.5223242243898","17.6598246124465","17.8456290563506","18.1245697344658","18.2515834497143","18.3011762071742","18.2778882981764","18.2646118970982","18.1213997803939","18.1766898437607","18.2067939424877","18.2748813679365","18.3205467206803","18.3133298478834","18.2375970717384","18.2180440153079","18.1884790871985","18.2201565544581","18.4343289679365","18.8134510560789","19.1883163419976","19.5311297317062","",
"Post-demographic dividend","PST","Prevalence of stunting, height for age (modeled estimate, % of children under 5)","SH.STA.STNT.ME.ZS","","","","","","","","","","","","","","","","","","","","","","","","","","","","","","","","","","","","","","","","","4.29492797386687","4.21493185222948","4.18371267035551","4.14091933151966","4.0922884714865","4.07178750959874","4.07426976165691","4.06575225185448","4.00571711503082","3.98142025118831","3.95225882921553","3.9369083029574","3.9222757251791","3.93410459703567","3.91320208743858","3.90653440679828","3.91379329363305","3.88491485937252","3.83476827712875","3.78559432777708","3.79953689581935","3.82609765031629","3.8466809899822","3.90193222685256","4.02142428936139","",
"French Polynesia","PYF","Prevalence of stunting, height for age (modeled estimate, % of children under 5)","SH.STA.STNT.ME.ZS","","","","","","","","","","","","","","","","","","","","","","","","","","","","","","","","","","","","","","","","","","","","","","","","","","","","","","","","","","","","","","","","","","",
"Qatar","QAT","Prevalence of stunting, height for age (modeled estimate, % of children under 5)","SH.STA.STNT.ME.ZS","","","","","","","","","","","","","","","","","","","","","","","","","","","","","","","","","","","","","","","","","9.4","9.2","8.9","8.6","8.2","7.9","7.5","7.2","7","6.7","6.5","6.4","6.3","6.3","6.3","6.3","6.2","6","5.8","5.6","5.5","5.4","5.4","5.4","5.4","",
"Romania","ROU","Prevalence of stunting, height for age (modeled estimate, % of children under 5)","SH.STA.STNT.ME.ZS","","","","","","","","","","","","","","","","","","","","","","","","","","","","","","","","","","","","","","","","","13.5","13.4","13.2","12.9","12.4","12.1","11.6","11.1","10.6","10.1","9.5","9.1","8.8","8.5","8.3","8.1","8","7.8","7.6","7.4","7.2","7.1","7","7","7","",
"Russian Federation","RUS","Prevalence of stunting, height for age (modeled estimate, % of children under 5)","SH.STA.STNT.ME.ZS","","","","","","","","","","","","","","","","","","","","","","","","","","","","","","","","","","","","","","","","","","","","","","","","","","","","","","","","","","","","","","","","","","",
"Rwanda","RWA","Prevalence of stunting, height for age (modeled estimate, % of children under 5)","SH.STA.STNT.ME.ZS","","","","","","","","","","","","","","","","","","","","","","","","","","","","","","","","","","","","","","","","","48.7","48.7","48.7","48.6","48.5","48.4","48.1","47.6","46.8","45.8","44.4","42.9","41.3","39.8","38.4","37","35.8","34.6","33.5","32.4","31.6","30.9","30.5","30.1","29.8","",
"South Asia","SAS","Prevalence of stunting, height for age (modeled estimate, % of children under 5)","SH.STA.STNT.ME.ZS","","","","","","","","","","","","","","","","","","","","","","","","","","","","","","","","","","","","","","","","","50.39","49.81","49.31","48.76","48.18","47.6","46.95","46.15","45.27","44.3","43.2","42.06","40.94","39.86","38.83","37.8","36.76","35.67","34.56","33.51","32.69","32.07","31.75","31.54","31.51","",
"Saudi Arabia","SAU","Prevalence of stunting, height for age (modeled estimate, % of children under 5)","SH.STA.STNT.ME.ZS","","","","","","","","","","","","","","","","","","","","","","","","","","","","","","","","","","","","","","","","","11","11","11.1","11.3","11.5","11.8","12.1","12.4","12.5","12.6","12.7","12.6","12.5","12.4","12.4","12.3","12.2","11.9","11.7","11.5","11.3","11.2","11.2","11.2","11.1","",
"Sudan","SDN","Prevalence of stunting, height for age (modeled estimate, % of children under 5)","SH.STA.STNT.ME.ZS","","","","","","","","","","","","","","","","","","","","","","","","","","","","","","","","","","","","","","","","","38.3","38.2","38.2","38.1","38","38","37.9","37.7","37.3","37","36.6","36.1","35.9","35.8","35.6","35.5","35.3","35","34.7","34.4","34.2","34.2","34.4","34.9","35.4","",
"Senegal","SEN","Prevalence of stunting, height for age (modeled estimate, % of children under 5)","SH.STA.STNT.ME.ZS","","","","","","","","","","","","","","","","","","","","","","","","","","","","","","","","","","","","","","","","","24.6","24","23.3","22.7","22","21.5","20.9","20.3","19.7","19.2","18.7","18.4","18.2","18.2","18.2","18.2","18.1","17.9","17.6","17.3","17","16.9","17","17.2","17.2","",
"Singapore","SGP","Prevalence of stunting, height for age (modeled estimate, % of children under 5)","SH.STA.STNT.ME.ZS","","","","","","","","","","","","","","","","","","","","","","","","","","","","","","","","","","","","","","","","","4.4","4.3","4.3","4.2","4.2","4.1","4","3.9","3.7","3.6","3.4","3.3","3.2","3.1","3.1","3","3","2.9","2.8","2.8","2.8","2.7","2.8","2.8","2.8","",
"Solomon Islands","SLB","Prevalence of stunting, height for age (modeled estimate, % of children under 5)","SH.STA.STNT.ME.ZS","","","","","","","","","","","","","","","","","","","","","","","","","","","","","","","","","","","","","","","","","31.1","31.3","31.7","32.1","32.5","32.9","33.2","33.3","33.2","33","32.7","32.3","31.9","31.5","31.2","30.9","30.5","30.1","29.6","29.2","28.9","28.9","29.2","29.5","29.8","",
"Sierra Leone","SLE","Prevalence of stunting, height for age (modeled estimate, % of children under 5)","SH.STA.STNT.ME.ZS","","","","","","","","","","","","","","","","","","","","","","","","","","","","","","","","","","","","","","","","","38.7","38.8","38.8","38.6","38.4","38.1","37.8","37.3","36.7","35.9","35.1","34.3","33.3","32.4","31.5","30.9","30.2","29.4","28.5","27.4","26.5","25.7","25.4","25.1","25.2","",
"El Salvador","SLV","Prevalence of stunting, height for age (modeled estimate, % of children under 5)","SH.STA.STNT.ME.ZS","","","","","","","","","","","","","","","","","","","","","","","","","","","","","","","","","","","","","","","","","28.7","27.8","26.7","25.7","24.6","23.5","22.4","21.2","19.9","18.6","17.4","16.3","15.5","14.6","13.9","13.1","12.3","11.6","11.1","10.7","10.3","10","9.9","9.7","9.4","",
"San Marino","SMR","Prevalence of stunting, height for age (modeled estimate, % of children under 5)","SH.STA.STNT.ME.ZS","","","","","","","","","","","","","","","","","","","","","","","","","","","","","","","","","","","","","","","","","","","","","","","","","","","","","","","","","","","","","","","","","","",
"Somalia, Fed. Rep.","SOM","Prevalence of stunting, height for age (modeled estimate, % of children under 5)","SH.STA.STNT.ME.ZS","","","","","","","","","","","","","","","","","","","","","","","","","","","","","","","","","","","","","","","","","33.6","33.6","33.7","33.7","33.6","33.4","33.2","32.8","32.2","31.6","30.8","30.1","29.4","28.8","28.3","27.7","27.1","26.4","25.7","25","24.5","24.1","24","23.9","23.9","",
"Serbia","SRB","Prevalence of stunting, height for age (modeled estimate, % of children under 5)","SH.STA.STNT.ME.ZS","","","","","","","","","","","","","","","","","","","","","","","","","","","","","","","","","","","","","","","","","8.8","8.8","8.7","8.7","8.5","8.2","7.9","7.7","7.4","6.9","6.5","6.2","5.9","5.8","5.7","5.6","5.6","5.5","5.3","5.1","4.9","4.7","4.6","4.6","4.6","",
"Sub-Saharan Africa (excluding high income)","SSA","Prevalence of stunting, height for age (modeled estimate, % of children under 5)","SH.STA.STNT.ME.ZS","","","","","","","","","","","","","","","","","","","","","","","","","","","","","","","","","","","","","","","","","41.5227911018947","41.3394338883895","41.1250253368587","40.8208533448562","40.4511427713304","40.0372813012897","39.5736789456807","38.9636171080536","38.2577249043168","37.5076037743151","36.7209177959899","35.9568545967859","35.3175042587896","34.7801023750369","34.3117563648629","33.8489938895525","33.3898896916786","32.8850419555252","32.3787062947991","31.9107711332914","31.5741860504058","31.4594271403028","31.6002252231324","31.7358484416074","31.930212092633","",
"South Sudan","SSD","Prevalence of stunting, height for age (modeled estimate, % of children under 5)","SH.STA.STNT.ME.ZS","","","","","","","","","","","","","","","","","","","","","","","","","","","","","","","","","","","","","","","","","39.1","38.6","38","37.4","36.7","36","35.3","34.5","33.7","32.9","32.1","31.3","31","30.8","30.6","30.6","30.5","30.3","30.1","29.9","29.7","29.7","29.9","30","30","",
"Sub-Saharan Africa","SSF","Prevalence of stunting, height for age (modeled estimate, % of children under 5)","SH.STA.STNT.ME.ZS","","","","","","","","","","","","","","","","","","","","","","","","","","","","","","","","","","","","","","","","","43.2","42.92","42.62","42.24","41.77","41.28","40.72","40.02","39.21","38.38","37.51","36.69","35.97","35.39","34.87","34.39","33.9","33.37","32.84","32.35","32","31.86","32.01","32.13","32.29","",
"Small states","SST","Prevalence of stunting, height for age (modeled estimate, % of children under 5)","SH.STA.STNT.ME.ZS","","","","","","","","","","","","","","","","","","","","","","","","","","","","","","","","","","","","","","","","","24.0465147969408","24.3693686892455","24.6277416166414","24.6518611384132","24.5138967357546","24.4320770176157","24.3106898302869","24.033129371375","23.5954400575541","23.0331289362133","22.4161573218414","21.7573604173474","21.1918072353567","20.7216699278452","20.2525814633279","19.7781841947906","19.2732575130881","18.7464503206338","18.2781601374521","17.8322810942811","17.4941625719761","17.3093098793695","17.2026942500466","17.1164289406036","17.1203796062914","",
"Sao Tome and Principe","STP","Prevalence of stunting, height for age (modeled estimate, % of children under 5)","SH.STA.STNT.ME.ZS","","","","","","","","","","","","","","","","","","","","","","","","","","","","","","","","","","","","","","","","","30.8","30.3","29.6","28.6","27.5","26.3","25.1","24","22.9","21.8","20.8","19.7","18.6","17.6","16.7","15.7","14.7","13.8","12.9","12","11.3","10.8","10.4","10.2","10","",
"Suriname","SUR","Prevalence of stunting, height for age (modeled estimate, % of children under 5)","SH.STA.STNT.ME.ZS","","","","","","","","","","","","","","","","","","","","","","","","","","","","","","","","","","","","","","","","","13.6","13.1","12.6","12.1","11.6","11.1","10.6","10.2","9.8","9.3","8.9","8.6","8.3","8.3","8.2","8.2","8.2","8.2","8.1","8.1","8","8","8","8","8","",
"Slovak Republic","SVK","Prevalence of stunting, height for age (modeled estimate, % of children under 5)","SH.STA.STNT.ME.ZS","","","","","","","","","","","","","","","","","","","","","","","","","","","","","","","","","","","","","","","","","","","","","","","","","","","","","","","","","","","","","","","","","","",
"Slovenia","SVN","Prevalence of stunting, height for age (modeled estimate, % of children under 5)","SH.STA.STNT.ME.ZS","","","","","","","","","","","","","","","","","","","","","","","","","","","","","","","","","","","","","","","","","","","","","","","","","","","","","","","","","","","","","","","","","","",
"Sweden","SWE","Prevalence of stunting, height for age (modeled estimate, % of children under 5)","SH.STA.STNT.ME.ZS","","","","","","","","","","","","","","","","","","","","","","","","","","","","","","","","","","","","","","","","","","","","","","","","","","","","","","","","","","","","","","","","","","",
"Eswatini","SWZ","Prevalence of stunting, height for age (modeled estimate, % of children under 5)","SH.STA.STNT.ME.ZS","","","","","","","","","","","","","","","","","","","","","","","","","","","","","","","","","","","","","","","","","35.7","35.7","35.5","35.1","34.6","34","33.5","32.9","32.1","31.2","30.2","29","27.9","27","26","25.1","24.1","23.2","22.2","21.4","20.6","20.1","19.6","19.3","18.9","",
"Sint Maarten (Dutch part)","SXM","Prevalence of stunting, height for age (modeled estimate, % of children under 5)","SH.STA.STNT.ME.ZS","","","","","","","","","","","","","","","","","","","","","","","","","","","","","","","","","","","","","","","","","","","","","","","","","","","","","","","","","","","","","","","","","","",
"Seychelles","SYC","Prevalence of stunting, height for age (modeled estimate, % of children under 5)","SH.STA.STNT.ME.ZS","","","","","","","","","","","","","","","","","","","","","","","","","","","","","","","","","","","","","","","","","10.5","10.3","10","9.7","9.4","9.2","9","8.8","8.6","8.4","8.2","8","7.8","7.7","7.5","7.4","7.3","7.1","6.8","6.6","6.4","6.3","6.3","6.2","6.2","",
"Syrian Arab Republic","SYR","Prevalence of stunting, height for age (modeled estimate, % of children under 5)","SH.STA.STNT.ME.ZS","","","","","","","","","","","","","","","","","","","","","","","","","","","","","","","","","","","","","","","","","28.3","28.7","29.1","29.5","29.7","29.6","29.4","29.1","28.6","27.9","27.2","26.6","26.5","26.8","27.1","27.4","27.4","27.2","26.5","25.8","25.1","24.6","24.2","23.8","23.5","",
"Turks and Caicos Islands","TCA","Prevalence of stunting, height for age (modeled estimate, % of children under 5)","SH.STA.STNT.ME.ZS","","","","","","","","","","","","","","","","","","","","","","","","","","","","","","","","","","","","","","","","","6","5.9","5.8","5.6","5.5","5.3","4.9","4.8","4.7","4.6","4.5","4.4","4.1","4","3.8","3.6","3.4","3.4","3.2","3.2","3.1","3.2","3.2","3.2","3.2","",
"Chad","TCD","Prevalence of stunting, height for age (modeled estimate, % of children under 5)","SH.STA.STNT.ME.ZS","","","","","","","","","","","","","","","","","","","","","","","","","","","","","","","","","","","","","","","","","42.2","42.2","42.3","42.2","42","41.7","41.3","40.9","40.3","39.6","38.9","38.1","37.4","36.7","36.1","35.5","34.8","34.1","33.3","32.6","32","31.6","31.5","31.4","31.5","",
"East Asia & Pacific (IDA & IBRD countries)","TEA","Prevalence of stunting, height for age (modeled estimate, % of children under 5)","SH.STA.STNT.ME.ZS","","","","","","","","","","","","","","","","","","","","","","","","","","","","","","","","","","","","","","","","","26.7750865944501","25.7907856939947","24.941230323446","24.0358983811656","23.1789671956444","22.4003219878154","21.6875033742771","20.9065675671788","20.0988150937416","19.3084149175757","18.4621851750183","17.602214706039","16.9091077653999","16.247954626839","15.6788152329544","15.1550663457248","14.6998430132655","14.133557667838","13.6493607758985","13.3142777923133","13.1424852959689","13.1298789254787","13.4330965053433","13.7600482536658","13.9987233149488","",
"Europe & Central Asia (IDA & IBRD countries)","TEC","Prevalence of stunting, height for age (modeled estimate, % of children under 5)","SH.STA.STNT.ME.ZS","","","","","","","","","","","","","","","","","","","","","","","","","","","","","","","","","","","","","","","","","","","","","","","","","","","","","","","10.265355137061","9.70573352006673","9.23970836195324","8.72149184834304","8.1931792667599","7.68657375615165","7.31122818621738","6.97819764337736","6.68631118374824","6.53421600807641","6.41337374944684","",
"Togo","TGO","Prevalence of stunting, height for age (modeled estimate, % of children under 5)","SH.STA.STNT.ME.ZS","","","","","","","","","","","","","","","","","","","","","","","","","","","","","","","","","","","","","","","","","31.6","31.3","30.9","30.5","30.1","29.8","29.4","29","28.5","27.9","27.4","26.8","26.4","26","25.7","25.4","25.1","24.6","24.2","23.7","23.4","23.2","23.2","23.1","23","",
"Thailand","THA","Prevalence of stunting, height for age (modeled estimate, % of children under 5)","SH.STA.STNT.ME.ZS","","","","","","","","","","","","","","","","","","","","","","","","","","","","","","","","","","","","","","","","","16.1","16","16.1","16.1","16.2","16.2","16.2","16.1","15.9","15.6","15.2","14.6","14.1","13.6","13.3","13","12.8","12.6","12.4","12.3","12.2","12.2","12.2","12.3","12.3","",
"Tajikistan","TJK","Prevalence of stunting, height for age (modeled estimate, % of children under 5)","SH.STA.STNT.ME.ZS","","","","","","","","","","","","","","","","","","","","","","","","","","","","","","","","","","","","","","","","","41.3","41.1","40.3","39.3","38","36.7","35.3","33.7","32","30.4","28.8","27.2","25.7","24.3","22.9","21.4","19.8","18.3","16.8","15.6","14.7","14.1","13.7","13.3","13.1","",
"Turkmenistan","TKM","Prevalence of stunting, height for age (modeled estimate, % of children under 5)","SH.STA.STNT.ME.ZS","","","","","","","","","","","","","","","","","","","","","","","","","","","","","","","","","","","","","","","","","26.5","25.9","25.1","23.9","22.6","21","19.5","18.1","16.7","15.5","14.4","13.4","12.6","11.8","11.1","10.4","9.7","9","8.4","7.8","7.4","7","6.8","6.6","6.5","",
"Latin America & the Caribbean (IDA & IBRD countries)","TLA","Prevalence of stunting, height for age (modeled estimate, % of children under 5)","SH.STA.STNT.ME.ZS","","","","","","","","","","","","","","","","","","","","","","","","","","","","","","","","","","","","","","","","","18.1106721005006","17.6309959080271","17.1776215722089","16.7457103302847","16.3252569398571","15.9147320735458","15.5424579152527","15.0771395668326","14.604408574929","14.1276346855023","13.6492109029096","13.2021928495409","12.8485092926429","12.6098141624682","12.4139264580231","12.3114016421127","12.2153734607348","12.1215695060552","12.0460409314161","11.95049762075","11.9540898032653","12.0242120923118","12.2099756679106","12.2770595294699","12.4619240326093","",
"Timor-Leste","TLS","Prevalence of stunting, height for age (modeled estimate, % of children under 5)","SH.STA.STNT.ME.ZS","","","","","","","","","","","","","","","","","","","","","","","","","","","","","","","","","","","","","","","","","55","55.4","55.8","56.2","56.5","56.8","57","56.8","56.3","55.6","54.7","53.7","52.7","51.8","50.9","50","49.1","48.1","47.3","46.4","45.8","45.5","45.4","45.2","45.4","",
"Middle East, North Africa, Afghanistan & Pakistan (IDA & IBRD)","TMN","Prevalence of stunting, height for age (modeled estimate, % of children under 5)","SH.STA.STNT.ME.ZS","","","","","","","","","","","","","","","","","","","","","","","","","","","","","","","","","","","","","","","","","33.8755349487921","33.9976300466275","34.1643010519341","34.2900763914314","34.2917041248745","34.2030790317045","34.129238876531","33.8904924253141","33.5747632842037","33.1285841092132","32.5675858163031","31.9364691053192","31.1919154829173","30.4131434698662","29.6152011753777","28.8496108407217","28.0122567123626","27.2226053683697","26.4382345493188","25.8076539972398","25.3284174163842","25.0620832463495","25.02622027785","25.0755608073661","25.220913109162","",
"Tonga","TON","Prevalence of stunting, height for age (modeled estimate, % of children under 5)","SH.STA.STNT.ME.ZS","","","","","","","","","","","","","","","","","","","","","","","","","","","","","","","","","","","","","","","","","13.7","13.3","12.9","12.4","11.8","11.2","10.6","9.9","9.3","8.8","8.3","7.7","7.1","6.4","5.7","5","4.3","3.7","3.2","2.8","2.4","2.1","1.9","1.7","1.6","",
"South Asia (IDA & IBRD)","TSA","Prevalence of stunting, height for age (modeled estimate, % of children under 5)","SH.STA.STNT.ME.ZS","","","","","","","","","","","","","","","","","","","","","","","","","","","","","","","","","","","","","","","","","50.3565648940641","49.8425917371058","49.3479261855687","48.7546081007788","48.146651925984","47.6223777011189","46.9257894482247","46.1283896455554","45.307222308293","44.3268937739981","43.1683103145727","42.0231919557259","40.9673733821049","39.8523033124558","38.8156189814622","37.8542282856461","36.7997000304011","35.6455407987764","34.5731211292069","33.5197485534817","32.6719454091708","32.1005027032249","31.7542506835087","31.5067579581413","31.5221960392849","",
"Sub-Saharan Africa (IDA & IBRD countries)","TSS","Prevalence of stunting, height for age (modeled estimate, % of children under 5)","SH.STA.STNT.ME.ZS","","","","","","","","","","","","","","","","","","","","","","","","","","","","","","","","","","","","","","","","","43.2114717945421","42.9335537867444","42.6262244935883","42.237640281508","41.7793522281637","41.2718170300245","40.7196706960023","40.0146872905847","39.2135573595301","38.3728871633276","37.5100624185202","36.6701201666634","35.9743554343958","35.3917310997918","34.8843800422188","34.3859288262913","33.8942123403882","33.3640429407782","32.8349659626632","32.3514459739894","31.995845089229","31.8679458850261","31.9982857213041","32.1227140212981","32.2881811294892","",
"Trinidad and Tobago","TTO","Prevalence of stunting, height for age (modeled estimate, % of children under 5)","SH.STA.STNT.ME.ZS","","","","","","","","","","","","","","","","","","","","","","","","","","","","","","","","","","","","","","","","","5.3","5.6","5.9","6.2","6.5","6.9","7.2","7.6","7.9","8.1","8.3","8.4","8.5","8.6","8.6","8.5","8.4","8.2","8","7.8","7.7","7.6","7.6","7.7","7.8","",
"Tunisia","TUN","Prevalence of stunting, height for age (modeled estimate, % of children under 5)","SH.STA.STNT.ME.ZS","","","","","","","","","","","","","","","","","","","","","","","","","","","","","","","","","","","","","","","","","12.5","12.2","11.9","11.6","11.3","11","10.7","10.4","10","9.7","9.4","9.1","8.9","8.8","8.7","8.7","8.7","8.7","8.6","8.6","8.6","8.7","8.7","8.9","8.9","",
"Turkiye","TUR","Prevalence of stunting, height for age (modeled estimate, % of children under 5)","SH.STA.STNT.ME.ZS","","","","","","","","","","","","","","","","","","","","","","","","","","","","","","","","","","","","","","","","","17.4","17","16.7","16.4","16.1","15.6","14.9","14.1","13","11.9","10.8","9.9","9.2","8.6","8.1","7.6","7.2","6.8","6.5","6.1","5.9","5.7","5.6","5.6","5.5","",
"Tuvalu","TUV","Prevalence of stunting, height for age (modeled estimate, % of children under 5)","SH.STA.STNT.ME.ZS","","","","","","","","","","","","","","","","","","","","","","","","","","","","","","","","","","","","","","","","","12.6","12.2","11.8","11.3","10.9","10.6","10.2","9.8","9.4","9","8.6","8.2","7.9","7.6","7.3","7.1","6.8","6.5","6.2","5.9","5.7","5.6","5.4","5.4","5.3","",
"Tanzania","TZA","Prevalence of stunting, height for age (modeled estimate, % of children under 5)","SH.STA.STNT.ME.ZS","","","","","","","","","","","","","","","","","","","","","","","","","","","","","","","","","","","","","","","","","47.6","47.1","46.5","45.8","45.1","44.3","43.5","42.7","41.8","40.8","39.8","38.7","37.7","36.7","35.8","34.9","34.1","33.3","32.5","31.7","31","30.5","30.3","30.1","29.9","",
"Uganda","UGA","Prevalence of stunting, height for age (modeled estimate, % of children under 5)","SH.STA.STNT.ME.ZS","","","","","","","","","","","","","","","","","","","","","","","","","","","","","","","","","","","","","","","","","44","43.6","43.1","42.5","41.9","41.2","40.4","39.5","38.3","37.1","35.9","34.6","33.4","32.3","31.1","29.9","28.7","27.5","26.3","25.4","24.6","24.1","23.9","23.7","23.5","",
"Ukraine","UKR","Prevalence of stunting, height for age (modeled estimate, % of children under 5)","SH.STA.STNT.ME.ZS","","","","","","","","","","","","","","","","","","","","","","","","","","","","","","","","","","","","","","","","","22.6","22.5","22.4","22","21.5","21","20.5","19.9","19.2","18.7","18.3","18","18","17.4","16.7","16.3","16.5","16.3","15.7","15","14.3","13.1","12","11.9","11.7","",
"Upper middle income","UMC","Prevalence of stunting, height for age (modeled estimate, % of children under 5)","SH.STA.STNT.ME.ZS","","","","","","","","","","","","","","","","","","","","","","","","","","","","","","","","","","","","","","","","","21.71","20.92","20.17","19.4","18.67","18.02","17.4","16.74","16.05","15.34","14.58","13.87","13.28","12.75","12.29","11.91","11.53","11.1","10.74","10.45","10.29","10.28","10.45","10.63","10.82","",
"Uruguay","URY","Prevalence of stunting, height for age (modeled estimate, % of children under 5)","SH.STA.STNT.ME.ZS","","","","","","","","","","","","","","","","","","","","","","","","","","","","","","","","","","","","","","","","","16.3","15.8","15.2","14.6","13.9","13.3","12.6","11.9","11.1","10.3","9.7","9.3","9","8.7","8.4","8.1","7.7","7.3","7","6.7","6.5","6.5","6.5","6.5","6.5","",
"United States","USA","Prevalence of stunting, height for age (modeled estimate, % of children under 5)","SH.STA.STNT.ME.ZS","","","","","","","","","","","","","","","","","","","","","","","","","","","","","","","","","","","","","","","","","3.1","3","2.9","2.8","2.7","2.6","2.6","2.6","2.5","2.5","2.5","2.5","2.5","2.6","2.7","2.8","2.9","3","3.1","3.2","3.4","3.6","3.8","4","4.2","",
"Uzbekistan","UZB","Prevalence of stunting, height for age (modeled estimate, % of children under 5)","SH.STA.STNT.ME.ZS","","","","","","","","","","","","","","","","","","","","","","","","","","","","","","","","","","","","","","","","","29","27.3","25.7","24.1","22.7","21.5","20.2","19.1","17.8","16.6","15.4","14.3","13.2","12.3","11.5","10.7","10","9.3","8.7","8.2","7.7","7.4","7.1","6.9","6.7","",
"St. Vincent and the Grenadines","VCT","Prevalence of stunting, height for age (modeled estimate, % of children under 5)","SH.STA.STNT.ME.ZS","","","","","","","","","","","","","","","","","","","","","","","","","","","","","","","","","","","","","","","","","","","","","","","","","","","","","","","","","","","","","","","","","","",
"Venezuela, RB","VEN","Prevalence of stunting, height for age (modeled estimate, % of children under 5)","SH.STA.STNT.ME.ZS","","","","","","","","","","","","","","","","","","","","","","","","","","","","","","","","","","","","","","","","","17.6","17.4","17.3","17.3","17.3","16.9","16.3","15.4","14.7","14","13.3","12.7","12.2","11.8","11.5","11.5","11.3","11.2","11","11","11","11.2","11.5","11.5","11.7","",
"British Virgin Islands","VGB","Prevalence of stunting, height for age (modeled estimate, % of children under 5)","SH.STA.STNT.ME.ZS","","","","","","","","","","","","","","","","","","","","","","","","","","","","","","","","","","","","","","","","","","","","","","","","","","","","","","","","","","","","","","","","","","",
"Virgin Islands (U.S.)","VIR","Prevalence of stunting, height for age (modeled estimate, % of children under 5)","SH.STA.STNT.ME.ZS","","","","","","","","","","","","","","","","","","","","","","","","","","","","","","","","","","","","","","","","","","","","","","","","","","","","","","","","","","","","","","","","","","",
"Viet Nam","VNM","Prevalence of stunting, height for age (modeled estimate, % of children under 5)","SH.STA.STNT.ME.ZS","","","","","","","","","","","","","","","","","","","","","","","","","","","","","","","","","","","","","","","","","41.1","39.4","37.8","36.3","34.8","33.4","32.1","30.8","29.6","28.5","27.4","26.4","25.5","24.6","24.3","23.5","22.8","22.1","21.5","20.7","20.3","20","19.9","19.7","19.2","",
"Vanuatu","VUT","Prevalence of stunting, height for age (modeled estimate, % of children under 5)","SH.STA.STNT.ME.ZS","","","","","","","","","","","","","","","","","","","","","","","","","","","","","","","","","","","","","","","","","24","24.1","24.4","24.7","25.1","25.5","25.9","26.2","26.4","26.5","26.6","26.7","26.9","27.2","27.6","28","28.3","28.5","28.7","28.8","29.1","29.5","30.1","30.6","31","",
"World","WLD","Prevalence of stunting, height for age (modeled estimate, % of children under 5)","SH.STA.STNT.ME.ZS","","","","","","","","","","","","","","","","","","","","","","","","","","","","","","","","","","","","","","","","","33.07","32.72","32.41","32.04","31.63","31.21","30.73","30.11","29.4","28.66","27.88","27.11","26.4","25.76","25.17","24.62","24.06","23.49","22.99","22.6","22.39","22.38","22.64","22.91","23.2","",
"Samoa","WSM","Prevalence of stunting, height for age (modeled estimate, % of children under 5)","SH.STA.STNT.ME.ZS","","","","","","","","","","","","","","","","","","","","","","","","","","","","","","","","","","","","","","","","","6","5.7","5.4","5.2","5","4.9","4.9","4.8","4.8","4.8","4.8","4.9","5","5.2","5.4","5.6","5.8","6.1","6.4","6.7","7.1","7.4","7.9","8.2","8.4","",
"Kosovo","XKX","Prevalence of stunting, height for age (modeled estimate, % of children under 5)","SH.STA.STNT.ME.ZS","","","","","","","","","","","","","","","","","","","","","","","","","","","","","","","","","","","","","","","","","","","","","","","","","","","","","","","","","","","","","","","","","","",
"Yemen, Rep.","YEM","Prevalence of stunting, height for age (modeled estimate, % of children under 5)","SH.STA.STNT.ME.ZS","","","","","","","","","","","","","","","","","","","","","","","","","","","","","","","","","","","","","","","","","55.3","55.4","55.3","55.2","54.8","54.4","53.8","53.1","52.2","51.2","50.2","49.3","48.5","47.8","47.3","47","46.6","46.3","46","45.7","45.6","45.8","46.3","46.7","47.4","",
"South Africa","ZAF","Prevalence of stunting, height for age (modeled estimate, % of children under 5)","SH.STA.STNT.ME.ZS","","","","","","","","","","","","","","","","","","","","","","","","","","","","","","","","","","","","","","","","","26.6","26.4","26.3","26.3","26.3","26.2","25.8","25.2","24.5","23.8","23.1","22.5","22.3","22.2","22.2","22.2","22.2","22.2","22.1","22.2","22.5","22.9","23.5","23.9","24.4","",
"Zambia","ZMB","Prevalence of stunting, height for age (modeled estimate, % of children under 5)","SH.STA.STNT.ME.ZS","","","","","","","","","","","","","","","","","","","","","","","","","","","","","","","","","","","","","","","","","52.1","52","51.8","51.2","50.5","49.7","48.8","47.7","46.4","45","43.6","42.1","40.8","39.6","38.6","37.7","36.5","35.2","33.9","32.8","32","31.6","31.8","32","32.3","",
"Zimbabwe","ZWE","Prevalence of stunting, height for age (modeled estimate, % of children under 5)","SH.STA.STNT.ME.ZS","","","","","","","","","","","","","","","","","","","","","","","","","","","","","","","","","","","","","","","","","33.1","33.4","33.7","33.9","34.1","34.2","34.3","34.1","33.9","33.5","32.9","32.1","31","29.7","28.5","27.3","26.3","25.3","24.5","23.9","23.5","23.3","23.5","23.5","23.7","",
